batch_id,production_date,shift,line_id,solder_paste_type,supplier,reflow_zone1_temp,reflow_zone2_temp,reflow_zone3_temp,reflow_zone4_temp,belt_speed_cm_per_min,humidity_pct,batch_size,operator_years,machine_age_yrs,days_since_maintenance,prev_batch_defect_rate,target_met
B202600001,2026-01-02,中班,C,T5,4,161.0,177.0,248.7,215.7,97.1,49.2,120,9.0,7.9,3,1.33,1
B202600002,2026-01-02,早班,B,T4,1,157.4,176.9,239.3,216.2,84.6,52.3,179,8.0,5.4,19,1.29,0
B202600003,2026-01-02,夜班,B,T4,2,,186.1,250.1,221.2,96.7,44.5,155,5.0,5.3,7,1.16,1
B202600004,2026-01-02,早班,A,T4,5,157.4,184.6,250.2,214.8,92.4,42.2,120,8.0,2.1,13,0.96,1
B202600005,2026-01-02,早班,B,T5,1,154.7,179.9,250.9,222.8,97.5,42.6,233,8.0,5.7,11,1.38,1
B202600006,2026-01-02,夜班,D,T4,5,151.5,182.4,239.8,214.0,87.3,47.2,107,7.0,11.1,10,2.52,0
B202600007,2026-01-02,夜班,C,T5,3,159.8,178.1,241.7,220.0,85.1,47.4,98,10.0,8.2,19,1.25,0
B202600008,2026-01-02,中班,A,T3,1,150.3,187.8,245.1,224.0,93.9,49.1,95,7.0,0.6,24,1.49,1
B202600009,2026-01-02,早班,B,T4,2,166.3,180.1,240.5,223.2,89.1,59.2,225,8.0,4.6,47,2.37,0
B202600010,2026-01-02,中班,C,T5,5,156.8,188.1,246.5,220.2,91.6,37.8,199,7.0,6.1,3,0.67,1
B202600011,2026-01-02,早班,C,T4,1,148.1,187.7,233.2,215.6,92.7,49.6,82,9.0,8.1,25,2.47,0
B202600012,2026-01-02,中班,A,T4,1,149.6,178.7,245.4,212.6,95.5,52.1,164,3.0,2.2,44,3.98,0
B202600013,2026-01-03,夜班,A,T3,2,151.2,181.7,242.1,219.7,98.5,51.2,249,7.0,1.9,45,2.02,0
B202600014,2026-01-03,早班,B,T5,2,146.0,168.6,250.2,218.1,95.8,51.5,217,10.0,4.9,37,1.19,0
B202600015,2026-01-03,早班,A,T3,1,158.1,187.9,248.6,225.7,92.7,47.4,175,8.0,2.7,22,1.1,1
B202600016,2026-01-03,早班,B,T5,2,156.2,185.3,242.1,220.6,93.0,31.6,246,5.0,4.6,40,3.1,0
B202600017,2026-01-03,夜班,B,T3,5,152.5,182.4,246.6,223.6,100.0,37.0,192,13.0,5.8,9,0.56,1
B202600018,2026-01-03,夜班,A,T4,2,153.3,183.7,248.3,218.6,100.8,49.3,188,12.0,2.5,1,0.08,1
B202600019,2026-01-03,早班,C,T4,2,155.4,186.8,246.0,219.4,94.1,50.2,249,7.0,7.4,10,0.45,1
B202600020,2026-01-03,夜班,A,T3,4,155.1,186.0,251.0,219.7,87.3,32.4,152,11.0,1.9,20,1.19,1
B202600021,2026-01-03,早班,D,T5,1,153.8,183.3,247.0,215.4,95.1,46.9,88,15.0,10.3,0,2.44,1
B202600022,2026-01-03,夜班,A,T3,2,152.5,183.4,248.0,,92.1,47.9,181,6.0,2.9,20,0.7,1
B202600023,2026-01-03,早班,B,T4,5,160.4,178.5,239.4,217.3,93.4,45.9,116,7.0,4.1,10,3.22,0
B202600024,2026-01-03,早班,C,T5,5,149.0,187.2,243.1,,94.6,38.6,189,,8.8,13,0.34,1
B202600025,2026-01-04,早班,B,T4,1,156.4,184.6,248.1,221.7,93.4,54.1,98,5.0,3.8,0,2.3,1
B202600026,2026-01-04,中班,B,T4,1,157.0,190.4,246.3,222.5,91.4,47.0,223,4.0,4.7,18,0.69,1
B202600027,2026-01-04,中班,D,T4,4,161.3,,251.0,219.5,96.3,42.8,229,4.0,11.6,16,0.41,1
B202600028,2026-01-04,中班,A,,1,160.5,190.7,251.7,,93.6,46.0,92,12.0,2.3,6,1.91,1
B202600029,2026-01-04,中班,A,T4,4,155.2,177.7,249.4,220.6,95.5,45.0,92,14.0,1.7,9,0.9,1
B202600030,2026-01-04,中班,D,T4,1,159.4,184.1,244.6,222.6,96.6,45.0,179,10.0,11.4,21,0.55,1
B202600031,2026-01-04,中班,A,T3,1,159.6,182.6,249.8,217.0,94.2,45.5,212,10.0,1.5,2,1.69,1
B202600032,2026-01-04,中班,D,T3,5,159.1,182.6,246.0,210.3,93.7,48.3,209,5.0,11.5,14,5.43,0
B202600033,2026-01-04,中班,A,T4,1,149.2,175.9,242.0,223.1,92.0,40.6,180,3.0,1.8,28,2.88,0
B202600034,2026-01-04,中班,C,T4,4,158.7,182.1,249.8,222.2,96.7,39.5,137,10.0,6.4,19,0.31,1
B202600035,2026-01-04,中班,B,T4,1,156.0,181.1,242.0,220.3,99.3,44.6,112,9.0,4.3,18,1.31,1
B202600036,2026-01-04,中班,C,T4,4,156.9,191.8,240.9,222.5,90.3,55.5,176,11.0,6.1,16,1.19,0
B202600037,2026-01-05,中班,C,T4,3,159.2,177.8,248.5,221.1,87.6,39.5,151,,6.7,1,1.42,1
B202600038,2026-01-05,夜班,A,T4,1,147.5,188.7,246.8,215.3,93.0,44.7,186,8.0,2.1,11,0.81,1
B202600039,2026-01-05,夜班,A,T4,4,162.9,184.0,240.3,221.9,82.1,56.5,157,10.0,0.7,41,2.58,0
B202600040,2026-01-05,早班,D,T5,1,151.4,184.2,240.6,217.1,94.7,43.3,102,3.0,11.6,24,2.12,1
B202600041,2026-01-05,中班,D,T3,1,148.3,183.7,244.1,219.5,87.2,39.2,170,5.0,9.6,31,3.12,0
B202600042,2026-01-05,夜班,C,T4,3,155.7,193.1,246.8,228.0,97.3,45.2,224,12.0,7.0,6,0.08,1
B202600043,2026-01-05,早班,B,T5,2,150.5,182.3,244.8,218.2,95.8,45.1,171,13.0,4.1,19,0.71,1
B202600044,2026-01-05,中班,A,T4,1,156.2,172.9,240.9,216.4,93.8,44.5,97,6.0,2.9,44,2.23,0
B202600045,2026-01-05,早班,A,T5,3,152.4,189.5,246.6,217.9,98.3,46.3,167,9.0,3.0,21,0.31,1
B202600046,2026-01-05,中班,A,T4,1,153.4,182.4,248.3,224.7,91.6,40.6,241,8.0,2.5,0,2.0,1
B202600047,2026-01-05,早班,A,T4,2,150.8,190.6,247.6,224.6,97.2,45.4,220,14.0,2.9,17,1.98,1
B202600048,2026-01-05,中班,A,T3,1,159.0,190.6,249.4,218.0,94.7,34.6,175,11.0,0.7,23,1.56,1
B202600049,2026-01-06,中班,C,T4,2,160.1,177.3,244.1,219.3,97.1,43.9,224,3.0,7.5,9,3.21,0
B202600050,2026-01-06,中班,D,T3,2,158.4,187.5,243.6,215.7,94.9,54.7,209,14.0,11.7,23,0.52,1
B202600051,2026-01-06,中班,D,T5,3,152.7,181.0,240.4,,86.9,55.2,219,3.0,11.5,47,3.25,0
B202600052,2026-01-06,夜班,C,T5,2,154.1,183.2,243.8,218.1,95.4,43.0,134,5.0,8.3,10,1.64,1
B202600053,2026-01-06,夜班,B,T4,1,154.6,186.7,246.4,223.9,91.3,48.8,249,12.0,4.5,4,1.57,1
B202600054,2026-01-06,中班,B,T4,4,145.5,172.7,247.3,222.6,95.8,33.7,173,4.0,4.8,8,0.59,1
B202600055,2026-01-06,中班,A,T3,1,155.5,189.4,254.4,219.6,94.2,38.5,199,13.0,0.8,12,0.74,1
B202600056,2026-01-06,早班,A,T4,1,149.7,189.3,239.3,211.9,83.9,38.6,208,,1.1,22,4.3,0
B202600057,2026-01-06,早班,C,T5,4,152.0,188.4,243.4,220.9,94.5,54.8,197,9.0,7.1,23,1.27,1
B202600058,2026-01-06,中班,B,T5,4,162.6,179.7,244.3,218.1,92.3,40.9,215,5.0,5.4,9,1.8,1
B202600059,2026-01-06,夜班,B,T3,1,153.7,181.2,249.6,221.0,91.6,54.7,148,5.0,3.5,14,1.66,1
B202600060,2026-01-06,早班,B,T3,2,154.6,192.1,244.3,214.7,85.4,35.6,186,,5.2,27,3.9,0
B202600061,2026-01-07,中班,A,T4,2,156.5,183.8,249.4,219.1,93.5,43.4,89,4.0,1.8,23,0.52,1
B202600062,2026-01-07,中班,C,T4,4,155.8,192.1,247.0,219.0,101.2,,168,4.0,6.9,5,1.22,1
B202600063,2026-01-07,早班,A,T4,1,154.8,181.1,250.2,219.3,92.2,53.1,122,7.0,2.9,9,0.36,1
B202600064,2026-01-07,中班,A,T4,1,154.0,194.2,246.6,215.1,100.9,42.9,105,14.0,1.2,12,1.47,1
B202600065,2026-01-07,中班,C,T4,2,152.1,188.2,240.2,217.7,92.0,54.3,238,5.0,8.9,42,4.05,0
B202600066,2026-01-07,夜班,D,T5,2,,186.1,237.7,216.2,97.7,64.0,249,8.0,9.8,31,3.75,0
B202600067,2026-01-07,夜班,B,T4,2,144.9,188.1,244.7,225.1,90.1,45.2,214,4.0,5.3,4,0.53,1
B202600068,2026-01-07,中班,A,T3,1,154.5,181.1,250.3,218.6,98.7,43.7,147,15.0,2.4,19,1.04,1
B202600069,2026-01-07,夜班,C,T5,1,146.3,179.7,239.6,222.0,97.3,44.0,91,7.0,8.8,44,2.38,0
B202600070,2026-01-07,早班,D,T5,1,156.7,179.1,248.1,218.8,96.8,43.4,222,3.0,12.0,0,0.89,1
B202600071,2026-01-07,早班,C,T5,2,159.3,186.1,248.8,217.4,98.3,44.3,167,6.0,6.8,3,1.92,1
B202600072,2026-01-07,中班,D,T3,2,152.5,186.9,247.0,222.4,95.1,35.8,145,6.0,10.5,22,0.55,1
B202600073,2026-01-08,早班,B,T4,1,142.5,178.2,240.3,219.4,95.7,,239,3.0,5.7,35,4.28,0
B202600074,2026-01-08,夜班,D,T3,3,148.3,190.1,239.9,220.9,93.1,36.0,199,5.0,11.7,23,2.97,0
B202600075,2026-01-08,中班,A,T5,1,153.7,182.2,243.9,218.0,84.7,33.1,86,1.0,0.9,33,1.55,0
B202600076,2026-01-08,早班,D,T4,3,154.5,186.5,243.1,210.2,93.4,43.7,166,2.0,11.2,47,4.01,0
B202600077,2026-01-08,中班,A,T5,2,156.0,187.6,247.6,220.6,94.9,45.1,192,13.0,0.7,0,1.31,1
B202600078,2026-01-08,早班,A,T4,4,160.4,182.4,248.3,219.7,95.8,56.9,153,10.0,2.2,35,2.09,0
B202600079,2026-01-08,夜班,B,T4,3,150.9,184.6,247.1,227.0,93.8,51.2,195,14.0,4.7,24,0.65,1
B202600080,2026-01-08,夜班,A,T5,4,159.8,190.1,247.6,215.5,91.2,42.9,125,4.0,0.8,16,1.05,1
B202600081,2026-01-08,早班,A,T3,2,156.4,190.2,245.0,220.9,97.2,46.1,119,13.0,2.3,15,0.74,1
B202600082,2026-01-08,早班,C,T3,2,142.7,170.3,242.7,212.8,89.5,53.5,99,5.0,7.0,30,2.45,0
B202600083,2026-01-08,中班,A,T4,3,155.2,189.7,250.8,215.8,92.9,40.7,117,9.0,1.5,24,0.38,1
B202600084,2026-01-08,早班,B,T4,1,154.2,177.0,248.7,227.8,94.1,50.2,120,11.0,3.9,17,1.3,1
B202600085,2026-01-09,中班,D,T4,1,154.4,188.0,249.5,220.6,90.5,46.1,217,14.0,9.6,8,1.2,1
B202600086,2026-01-09,中班,C,T3,4,161.6,185.9,248.0,223.7,97.1,45.1,142,10.0,8.6,9,0.65,1
B202600087,2026-01-09,中班,B,T5,5,154.3,187.2,250.2,226.3,94.0,48.8,229,14.0,5.8,11,0.44,1
B202600088,2026-01-09,中班,B,T4,2,155.5,182.0,248.2,217.0,93.8,51.4,185,4.0,4.0,24,1.41,1
B202600089,2026-01-09,中班,D,T4,3,156.5,185.6,250.3,219.3,99.5,46.0,175,9.0,11.5,6,1.56,1
B202600090,2026-01-09,早班,B,T5,2,153.0,180.0,245.7,,96.9,64.4,229,7.0,5.6,38,2.73,0
B202600091,2026-01-09,中班,B,T4,4,150.8,179.7,241.4,214.6,90.6,55.9,241,1.0,6.0,36,3.14,0
B202600092,2026-01-09,早班,A,T4,5,146.9,,250.8,221.2,92.7,48.4,250,7.0,1.6,17,0.57,1
B202600093,2026-01-09,夜班,C,T4,2,156.9,190.9,242.8,222.8,98.0,,216,7.0,6.1,47,2.32,0
B202600094,2026-01-09,夜班,C,T4,4,152.8,184.8,237.2,215.7,88.9,62.7,98,1.0,7.0,31,2.23,0
B202600095,2026-01-09,夜班,D,T5,4,150.4,173.8,241.8,220.7,94.4,57.4,197,9.0,10.5,17,1.35,0
B202600096,2026-01-09,夜班,C,T4,2,151.3,,241.9,216.4,95.5,,148,11.0,7.1,16,1.08,0
B202600097,2026-01-10,早班,B,T4,5,159.0,187.4,250.4,219.6,93.8,47.3,164,14.0,4.5,1,1.56,1
B202600098,2026-01-10,中班,C,T5,1,157.3,178.2,240.9,217.6,92.7,44.1,136,1.0,7.8,31,3.77,0
B202600099,2026-01-10,中班,D,T4,5,154.2,186.7,248.1,221.5,97.2,43.6,138,3.0,10.1,2,1.66,1
B202600100,2026-01-10,中班,B,T4,1,155.4,181.4,240.4,220.1,98.3,44.4,149,7.0,3.2,0,1.14,1
B202600101,2026-01-10,中班,A,T3,1,151.4,179.4,243.8,221.7,89.5,51.0,234,10.0,1.9,26,1.24,0
B202600102,2026-01-10,夜班,A,T4,1,153.5,186.6,252.2,226.9,95.3,34.2,135,10.0,1.9,15,0.53,1
B202600103,2026-01-10,早班,A,T5,1,153.4,185.8,250.7,218.8,98.3,41.2,168,7.0,2.2,16,1.25,1
B202600104,2026-01-10,夜班,B,T4,2,157.9,180.8,248.3,216.6,95.9,44.5,142,10.0,3.8,11,0.56,1
B202600105,2026-01-10,中班,A,T3,5,146.0,171.9,241.2,217.2,81.5,53.0,214,5.0,0.5,36,3.65,0
B202600106,2026-01-10,早班,C,T3,1,151.2,184.7,251.9,215.6,99.0,40.8,92,8.0,6.7,18,1.04,1
B202600107,2026-01-10,中班,A,T4,1,156.6,182.4,247.2,220.8,91.9,39.6,166,14.0,2.1,2,0.4,1
B202600108,2026-01-10,夜班,A,T3,1,154.7,180.6,241.4,214.0,92.9,52.1,230,5.0,2.0,12,2.03,0
B202600109,2026-01-11,中班,D,T5,5,161.5,188.2,249.1,220.6,95.3,43.1,102,,11.3,30,2.16,0
B202600110,2026-01-11,中班,A,T5,1,156.4,187.8,250.2,219.7,96.4,45.0,200,8.0,0.8,23,1.74,1
B202600111,2026-01-11,中班,B,,4,147.8,181.7,242.2,219.6,96.5,50.1,155,,4.0,28,1.5,0
B202600112,2026-01-11,夜班,D,T5,1,155.3,189.7,249.6,214.3,99.4,51.6,218,8.0,11.8,8,0.35,1
B202600113,2026-01-11,中班,C,T4,2,152.0,171.7,240.1,221.2,88.6,48.7,90,3.0,6.3,36,3.4,0
B202600114,2026-01-11,早班,C,T4,2,153.9,185.0,249.0,218.1,92.1,43.6,125,12.0,6.7,0,1.27,1
B202600115,2026-01-11,早班,A,T4,2,161.1,189.2,247.5,221.6,93.5,44.9,84,12.0,0.6,22,1.18,1
B202600116,2026-01-11,中班,D,T4,1,167.1,182.5,248.4,,93.3,48.9,239,8.0,9.0,0,2.06,1
B202600117,2026-01-11,夜班,A,T5,3,149.9,186.3,246.4,224.8,90.1,38.5,122,14.0,1.6,17,0.08,1
B202600118,2026-01-11,夜班,A,T4,4,158.2,179.0,247.7,226.5,96.4,45.9,138,7.0,1.1,23,0.3,1
B202600119,2026-01-11,夜班,C,T4,2,155.0,182.4,246.1,219.7,93.0,52.4,226,7.0,6.5,17,1.32,1
B202600120,2026-01-11,中班,D,T3,1,156.5,187.8,244.4,219.3,94.7,36.1,164,9.0,11.6,14,2.27,1
B202600121,2026-01-12,早班,C,T4,1,156.2,189.4,242.1,214.7,91.6,60.9,95,5.0,8.0,5,2.23,0
B202600122,2026-01-12,夜班,B,T3,1,151.6,,245.8,215.7,86.2,52.1,106,11.0,5.0,20,1.31,0
B202600123,2026-01-12,夜班,B,T5,1,153.8,196.2,247.0,218.8,94.3,51.2,243,4.0,5.7,3,1.76,1
B202600124,2026-01-12,早班,C,T4,2,158.4,184.8,252.3,220.2,95.3,44.2,238,8.0,7.3,0,0.8,1
B202600125,2026-01-12,中班,B,T4,2,157.7,184.1,249.3,221.6,96.7,38.6,198,14.0,3.2,21,1.13,1
B202600126,2026-01-12,早班,B,T4,1,160.9,196.9,250.2,218.5,94.4,40.9,99,11.0,4.5,14,0.19,1
B202600127,2026-01-12,夜班,C,T4,1,153.9,182.3,244.0,213.9,82.1,55.9,163,9.0,6.8,23,3.29,0
B202600128,2026-01-12,夜班,D,T4,3,147.4,186.2,244.2,214.5,101.6,50.3,154,,9.4,26,2.64,0
B202600129,2026-01-12,中班,D,T5,1,151.8,187.1,245.9,219.1,95.1,50.1,179,3.0,9.2,23,2.03,1
B202600130,2026-01-12,中班,A,T5,2,155.1,186.2,247.5,215.2,95.3,56.0,202,10.0,2.0,11,0.79,1
B202600131,2026-01-12,夜班,C,T3,4,153.8,177.3,237.5,219.4,89.0,54.4,214,7.0,8.8,37,3.23,0
B202600132,2026-01-12,夜班,C,T4,2,151.4,185.6,241.5,211.0,84.8,49.4,167,4.0,8.7,36,1.99,0
B202600133,2026-01-13,中班,D,T3,3,157.9,176.1,233.4,219.5,98.7,47.0,100,2.0,11.0,42,2.52,0
B202600134,2026-01-13,早班,C,T3,2,161.1,187.8,242.1,213.6,103.6,46.6,112,8.0,7.8,46,3.12,0
B202600135,2026-01-13,中班,D,T4,3,149.8,189.1,250.8,216.9,93.8,34.2,142,13.0,9.4,8,0.71,1
B202600136,2026-01-13,夜班,B,T5,4,149.0,189.6,243.1,217.3,91.0,,169,6.0,5.1,15,3.67,0
B202600137,2026-01-13,早班,A,T5,1,154.1,184.2,246.1,217.7,99.0,54.4,226,,1.1,42,4.61,0
B202600138,2026-01-13,中班,B,T3,2,159.2,183.2,241.6,215.4,98.3,40.4,223,10.0,3.5,16,3.07,0
B202600139,2026-01-13,早班,B,T3,4,154.2,179.9,247.1,221.1,93.0,40.4,143,,5.5,1,0.19,1
B202600140,2026-01-13,早班,C,T5,1,154.6,179.1,235.0,218.6,97.0,39.3,204,5.0,7.7,25,1.32,0
B202600141,2026-01-13,夜班,D,T4,2,148.9,184.1,246.3,224.2,93.7,49.2,234,6.0,10.5,15,1.14,1
B202600142,2026-01-13,中班,D,T4,4,155.6,189.8,250.6,216.1,98.3,46.6,231,12.0,11.3,24,1.33,1
B202600143,2026-01-13,早班,C,T3,1,156.7,188.1,246.9,221.3,91.9,56.3,82,12.0,6.9,13,0.28,1
B202600144,2026-01-13,早班,A,T3,4,161.4,184.1,247.8,224.2,98.5,48.0,134,11.0,1.8,1,1.19,1
B202600145,2026-01-14,夜班,D,T4,2,153.9,187.1,236.3,219.3,93.6,28.1,145,8.0,10.8,9,5.28,0
B202600146,2026-01-14,中班,D,T4,5,155.7,177.3,251.4,220.9,99.9,49.8,222,5.0,11.6,2,1.27,1
B202600147,2026-01-14,中班,B,T4,1,158.3,193.8,248.0,217.9,95.3,46.2,105,15.0,4.3,23,0.8,1
B202600148,2026-01-14,夜班,A,T4,1,151.7,188.3,253.5,215.4,100.8,51.8,137,10.0,1.4,7,0.36,1
B202600149,2026-01-14,早班,A,T4,1,,180.5,244.6,217.5,99.3,45.4,180,10.0,1.8,8,0.56,1
B202600150,2026-01-14,早班,D,T4,1,151.2,190.8,246.9,218.7,98.4,38.6,82,6.0,9.3,9,1.36,1
B202600151,2026-01-14,夜班,A,T3,2,143.1,186.8,244.5,209.7,89.9,55.5,179,6.0,2.7,19,3.15,0
B202600152,2026-01-14,中班,D,T3,1,156.7,188.7,245.0,213.4,93.2,44.6,145,8.0,11.9,15,0.67,1
B202600153,2026-01-14,早班,A,T4,1,155.4,191.6,250.7,218.7,96.2,48.6,119,10.0,0.7,4,1.67,1
B202600154,2026-01-14,中班,D,T3,3,158.3,197.9,246.5,220.7,95.3,45.1,108,7.0,9.4,13,1.77,1
B202600155,2026-01-14,早班,A,T3,1,149.0,183.3,243.2,215.6,92.7,59.2,141,2.0,2.3,37,1.65,0
B202600156,2026-01-14,夜班,A,T4,2,146.0,183.4,246.5,224.2,90.2,47.4,163,11.0,1.4,4,1.62,1
B202600157,2026-01-15,夜班,C,T3,3,151.2,181.1,239.8,216.4,96.6,38.1,211,4.0,7.6,37,2.46,0
B202600158,2026-01-15,中班,D,T4,3,155.5,195.2,246.0,216.6,93.0,45.7,150,7.0,10.5,20,1.34,1
B202600159,2026-01-15,早班,A,T4,2,158.9,180.4,242.6,221.8,93.9,48.1,220,7.0,3.0,10,1.78,1
B202600160,2026-01-15,中班,B,T4,2,158.4,180.8,239.0,221.1,91.7,46.6,227,,4.1,41,4.34,0
B202600161,2026-01-15,夜班,C,T4,3,151.6,181.1,248.1,219.8,96.9,48.1,88,15.0,6.8,5,1.74,1
B202600162,2026-01-15,夜班,A,T5,4,149.6,183.0,249.9,223.9,91.0,40.1,148,9.0,1.5,24,2.52,1
B202600163,2026-01-15,早班,D,T5,1,153.6,189.2,251.6,218.5,92.4,44.8,114,6.0,10.5,24,0.53,1
B202600164,2026-01-15,中班,B,T3,1,159.7,183.8,234.5,218.5,96.4,46.9,95,11.0,5.6,34,0.82,0
B202600165,2026-01-15,中班,C,T5,1,,190.6,246.3,221.1,90.2,39.8,188,5.0,6.8,19,0.0,1
B202600166,2026-01-15,早班,A,T4,2,153.9,178.1,248.0,216.8,93.1,,184,14.0,0.8,10,2.19,1
B202600167,2026-01-15,夜班,C,T4,4,158.2,177.0,244.6,214.1,90.6,59.6,215,4.0,8.4,5,4.12,0
B202600168,2026-01-15,夜班,B,T4,3,160.3,188.3,247.1,219.2,94.9,47.2,214,13.0,3.3,15,0.14,1
B202600169,2026-01-16,早班,D,T5,4,156.0,193.1,247.5,219.7,92.1,41.1,97,13.0,11.5,2,1.43,1
B202600170,2026-01-16,中班,B,T4,1,156.4,181.3,248.2,221.4,93.7,40.9,221,8.0,5.5,22,0.44,1
B202600171,2026-01-16,早班,D,T4,3,163.0,182.6,250.2,221.1,89.1,49.5,170,,10.5,13,1.01,1
B202600172,2026-01-16,中班,C,T5,2,153.4,179.5,244.4,221.1,93.7,41.9,111,3.0,8.2,19,0.34,1
B202600173,2026-01-16,中班,A,T3,2,159.3,185.6,250.1,212.7,95.9,47.1,92,11.0,2.8,22,0.36,1
B202600174,2026-01-16,早班,C,,1,153.0,174.9,239.2,218.0,101.2,49.9,216,1.0,7.6,14,3.01,0
B202600175,2026-01-16,早班,B,T4,1,153.4,184.5,244.6,219.0,86.3,41.3,102,5.0,5.2,34,2.95,0
B202600176,2026-01-16,夜班,B,T5,3,153.0,185.9,249.3,218.6,95.5,38.6,209,10.0,3.4,10,1.74,1
B202600177,2026-01-16,中班,D,T3,1,152.3,186.4,238.4,215.9,95.3,51.6,130,5.0,10.2,31,3.2,0
B202600178,2026-01-16,中班,C,T5,1,155.0,,250.7,217.5,98.7,39.6,203,9.0,8.1,13,1.44,1
B202600179,2026-01-16,夜班,C,T4,1,154.9,178.9,247.8,219.7,92.6,54.6,80,3.0,7.8,5,1.15,0
B202600180,2026-01-16,中班,B,T4,3,157.4,178.5,250.4,218.3,91.5,54.5,173,7.0,3.8,5,0.91,1
B202600181,2026-01-17,早班,A,T5,1,153.5,176.8,238.2,222.4,89.7,65.2,237,11.0,2.7,13,2.82,0
B202600182,2026-01-17,中班,D,T5,3,146.1,173.8,237.7,220.8,89.1,33.5,198,3.0,10.6,40,2.09,0
B202600183,2026-01-17,早班,B,T4,1,159.0,174.5,242.2,217.8,93.4,49.1,191,3.0,4.6,39,1.63,0
B202600184,2026-01-17,夜班,D,T4,2,157.7,177.7,244.0,221.5,92.7,53.1,229,9.0,11.3,23,0.07,0
B202600185,2026-01-17,早班,D,T3,5,156.8,173.2,238.0,220.8,96.1,51.4,104,12.0,11.1,24,1.38,1
B202600186,2026-01-17,早班,C,T4,3,150.8,190.5,238.4,214.3,88.8,48.7,164,11.0,8.1,25,1.79,0
B202600187,2026-01-17,夜班,B,T3,1,156.6,180.5,238.6,226.1,95.8,41.6,193,3.0,5.4,37,3.19,0
B202600188,2026-01-17,中班,B,T5,2,159.3,181.8,245.2,220.5,94.3,42.6,242,11.0,3.6,16,0.88,1
B202600189,2026-01-17,中班,D,T4,2,148.5,177.8,241.6,216.7,89.2,52.0,212,,10.7,43,3.44,0
B202600190,2026-01-17,中班,C,T4,2,164.9,188.0,243.8,220.2,102.2,43.1,99,4.0,8.9,1,0.95,1
B202600191,2026-01-17,中班,D,T3,1,154.4,186.2,249.5,218.0,97.9,48.5,134,7.0,9.3,21,1.36,1
B202600192,2026-01-17,中班,A,T4,2,150.0,177.8,245.3,220.6,94.5,50.8,155,6.0,1.8,15,1.0,1
B202600193,2026-01-18,夜班,A,T3,2,154.2,180.0,250.9,222.4,92.4,43.1,222,14.0,0.6,15,0.25,1
B202600194,2026-01-18,早班,B,T3,1,154.6,190.8,248.6,218.4,97.2,41.1,240,15.0,3.8,22,1.33,1
B202600195,2026-01-18,早班,A,T3,1,156.2,194.0,240.4,221.0,101.2,43.0,241,7.0,1.9,23,2.77,0
B202600196,2026-01-18,中班,D,T3,1,145.7,192.7,254.2,223.8,89.6,46.5,87,6.0,9.6,13,1.29,1
B202600197,2026-01-18,夜班,B,T3,2,147.1,178.9,244.3,226.0,89.5,62.2,170,8.0,4.2,49,3.39,0
B202600198,2026-01-18,早班,A,T4,2,154.0,181.6,252.0,218.5,92.2,37.8,238,10.0,1.9,21,1.44,1
B202600199,2026-01-18,早班,D,T3,4,160.3,186.5,250.1,220.0,98.0,44.8,105,12.0,10.4,9,0.72,1
B202600200,2026-01-18,早班,C,T4,2,154.8,183.8,248.0,216.6,96.7,51.3,128,11.0,6.3,8,1.25,1
B202600201,2026-01-18,早班,D,T4,1,147.3,185.8,238.2,214.8,91.2,44.6,161,8.0,10.1,37,3.53,0
B202600202,2026-01-18,早班,A,T4,1,146.8,,239.2,212.7,90.0,48.3,145,6.0,0.7,14,3.47,0
B202600203,2026-01-18,夜班,C,T4,2,161.3,186.4,247.0,219.0,96.7,33.4,124,10.0,8.0,1,1.4,1
B202600204,2026-01-18,中班,D,T4,1,148.6,176.4,244.4,223.3,95.3,46.6,207,9.0,10.1,33,2.78,0
B202600205,2026-01-19,早班,D,T5,1,158.4,182.3,240.1,,94.9,53.0,102,4.0,10.8,22,3.46,0
B202600206,2026-01-19,夜班,C,T5,1,155.7,182.1,241.4,214.6,94.9,50.7,124,5.0,8.1,29,1.83,0
B202600207,2026-01-19,夜班,D,T4,2,154.6,183.8,250.0,218.6,95.0,41.7,134,7.0,9.6,23,1.02,1
B202600208,2026-01-19,早班,D,T4,3,155.8,177.5,249.1,220.7,95.1,41.1,106,13.0,10.5,5,0.45,1
B202600209,2026-01-19,夜班,A,T5,1,154.8,186.1,242.9,215.6,93.2,61.5,169,6.0,2.3,10,3.97,0
B202600210,2026-01-19,早班,D,T3,3,153.0,188.2,242.5,218.7,97.9,44.8,178,11.0,11.9,16,5.24,0
B202600211,2026-01-19,中班,A,T5,1,154.1,180.8,245.3,222.1,90.8,43.9,95,8.0,0.9,3,1.13,1
B202600212,2026-01-19,早班,D,T5,4,159.3,182.7,248.9,221.7,90.4,46.3,166,3.0,11.4,11,0.81,1
B202600213,2026-01-19,中班,C,T4,2,160.5,175.7,255.4,217.3,94.6,51.8,201,8.0,7.9,21,1.77,1
B202600214,2026-01-19,中班,D,T4,1,149.7,186.4,246.4,218.5,96.6,49.3,103,8.0,9.7,13,0.31,1
B202600215,2026-01-19,夜班,A,T4,1,,188.2,248.6,219.9,98.4,39.0,164,15.0,1.5,8,0.39,1
B202600216,2026-01-19,中班,D,T3,4,153.5,177.3,247.2,222.1,95.0,41.7,139,14.0,9.4,11,1.24,1
B202600217,2026-01-20,中班,A,T5,2,155.7,187.8,250.8,225.9,94.5,40.6,188,4.0,2.3,20,1.22,1
B202600218,2026-01-20,夜班,D,T3,1,155.6,188.8,244.8,219.0,89.1,46.2,239,2.0,10.5,37,1.67,0
B202600219,2026-01-20,中班,A,T3,4,163.4,181.0,250.8,220.6,93.9,42.4,85,15.0,1.7,15,1.43,1
B202600220,2026-01-20,夜班,D,T4,1,150.3,185.9,245.5,220.9,92.8,42.5,213,10.0,11.9,12,1.25,1
B202600221,2026-01-20,中班,A,T5,3,155.0,192.2,249.7,219.2,90.3,42.4,218,12.0,2.6,2,0.91,1
B202600222,2026-01-20,中班,B,T3,3,152.6,186.8,250.5,220.9,90.9,41.1,146,4.0,3.5,21,0.95,1
B202600223,2026-01-20,中班,C,T5,2,154.4,183.0,240.7,218.9,82.4,48.8,125,7.0,6.1,15,1.59,0
B202600224,2026-01-20,中班,C,T3,3,156.4,181.4,252.4,216.2,94.0,45.0,195,7.0,6.0,18,1.84,1
B202600225,2026-01-20,中班,A,T5,2,155.7,187.2,247.6,215.3,97.2,41.7,100,14.0,2.9,1,0.22,1
B202600226,2026-01-20,早班,A,T4,4,157.0,192.2,247.2,225.4,91.9,46.7,164,10.0,1.8,13,2.32,1
B202600227,2026-01-20,夜班,B,T4,4,,190.5,252.1,219.2,98.3,46.2,149,11.0,5.3,15,1.18,1
B202600228,2026-01-20,早班,A,T4,1,152.8,179.1,243.5,217.2,86.0,,143,3.0,2.5,49,1.94,0
B202600229,2026-01-21,早班,B,T4,4,160.6,190.1,248.9,218.0,98.6,44.9,99,7.0,3.1,22,0.86,1
B202600230,2026-01-21,中班,D,T4,3,147.2,177.3,238.0,217.2,96.2,45.0,134,8.0,10.0,5,2.5,0
B202600231,2026-01-21,早班,C,T5,2,155.9,189.0,245.1,221.3,97.8,39.3,165,5.0,7.0,13,1.74,1
B202600232,2026-01-21,中班,A,T5,1,154.6,182.6,248.0,217.8,97.6,43.2,128,9.0,1.3,13,0.64,1
B202600233,2026-01-21,中班,D,T5,4,153.9,185.3,240.0,227.4,95.0,61.3,102,10.0,9.9,5,2.92,0
B202600234,2026-01-21,中班,B,T3,1,157.4,182.1,249.0,216.9,98.0,46.0,196,8.0,5.3,5,1.09,1
B202600235,2026-01-21,夜班,B,T4,3,156.5,191.0,252.1,219.6,91.7,44.8,136,12.0,5.1,14,2.08,1
B202600236,2026-01-21,中班,C,T5,5,156.7,184.6,249.2,,94.5,41.8,92,7.0,7.7,12,1.17,1
B202600237,2026-01-21,中班,D,T4,2,153.0,190.3,249.1,220.0,89.6,44.1,214,10.0,11.3,17,1.28,1
B202600238,2026-01-21,中班,B,T4,1,149.5,,244.5,208.5,95.7,44.9,143,3.0,4.6,45,2.48,0
B202600239,2026-01-21,夜班,C,T4,4,151.3,189.2,244.4,224.9,98.0,52.0,164,6.0,8.3,9,1.14,1
B202600240,2026-01-21,夜班,B,T3,2,153.0,186.5,247.4,218.8,90.8,48.5,101,15.0,5.7,13,0.19,1
B202600241,2026-01-22,早班,A,T4,3,157.6,182.4,246.0,219.2,89.0,54.6,202,8.0,2.0,31,2.93,0
B202600242,2026-01-22,中班,D,T4,4,153.0,178.6,243.8,215.0,90.3,48.5,226,11.0,9.9,39,5.07,0
B202600243,2026-01-22,夜班,D,T4,3,150.9,181.6,244.2,218.1,88.7,50.6,94,2.0,9.1,22,1.87,0
B202600244,2026-01-22,中班,D,T5,5,153.3,181.1,240.2,220.9,92.5,42.1,215,14.0,11.1,21,0.98,1
B202600245,2026-01-22,早班,A,T4,1,159.2,186.3,245.7,220.9,97.7,40.2,96,4.0,0.8,14,0.86,1
B202600246,2026-01-22,中班,D,T4,1,146.7,184.0,253.2,220.1,97.6,40.3,152,5.0,9.4,24,0.82,1
B202600247,2026-01-22,夜班,B,T5,4,158.0,179.2,248.4,223.5,92.4,47.9,168,6.0,3.5,1,1.43,1
B202600248,2026-01-22,中班,B,T4,3,,196.2,247.0,222.3,94.0,48.0,121,14.0,5.4,4,0.72,1
B202600249,2026-01-22,早班,A,T4,3,153.7,189.2,248.8,228.4,93.8,42.3,173,11.0,0.8,14,0.54,1
B202600250,2026-01-22,中班,A,T4,4,158.8,187.1,249.7,215.7,96.3,37.9,86,11.0,1.5,8,1.29,1
B202600251,2026-01-22,中班,C,T3,1,159.2,193.1,242.8,221.0,90.6,41.2,191,5.0,6.9,19,2.05,0
B202600252,2026-01-22,中班,C,T4,4,151.1,192.6,248.1,220.4,95.9,46.7,194,13.0,6.8,19,0.32,1
B202600253,2026-01-23,中班,B,T4,3,159.3,190.6,251.0,217.0,97.3,56.3,203,5.0,5.3,5,0.82,1
B202600254,2026-01-23,早班,A,T5,1,151.1,,239.9,220.7,93.7,49.0,209,11.0,2.4,21,1.63,0
B202600255,2026-01-23,夜班,C,T4,1,152.8,188.9,239.6,216.2,94.8,57.5,112,1.0,8.6,11,0.1,0
B202600256,2026-01-23,夜班,C,T4,1,159.1,182.7,245.3,220.5,91.9,49.0,229,9.0,7.3,5,4.68,0
B202600257,2026-01-23,中班,B,T4,2,154.5,175.1,248.8,218.8,92.7,39.8,194,5.0,5.4,17,0.2,1
B202600258,2026-01-23,夜班,C,T4,1,155.4,188.6,235.3,215.1,87.9,42.5,90,4.0,8.1,23,3.52,0
B202600259,2026-01-23,夜班,C,T4,3,155.4,187.2,241.0,211.9,91.3,66.8,84,10.0,6.9,9,2.65,0
B202600260,2026-01-23,夜班,C,T4,2,157.2,181.9,249.1,224.4,96.1,42.4,80,8.0,8.2,2,1.59,1
B202600261,2026-01-23,早班,A,T5,3,156.3,187.3,244.6,219.5,95.7,45.6,177,5.0,1.2,49,1.81,0
B202600262,2026-01-23,早班,D,T4,3,154.2,184.8,248.5,219.0,99.3,47.7,166,14.0,11.0,17,0.49,1
B202600263,2026-01-23,中班,C,T4,2,154.6,187.6,246.5,223.4,97.7,43.3,196,3.0,6.8,12,0.76,1
B202600264,2026-01-23,中班,B,T4,2,150.9,175.6,247.6,216.7,85.5,59.9,165,9.0,4.0,31,3.84,0
B202600265,2026-01-24,中班,B,T3,4,154.8,192.3,248.3,223.8,95.0,62.9,137,4.0,3.8,39,2.02,0
B202600266,2026-01-24,夜班,A,T4,1,151.9,187.3,241.8,216.3,92.5,45.0,108,6.0,1.3,22,0.26,1
B202600267,2026-01-24,中班,B,T4,2,152.8,185.2,249.2,212.0,92.4,50.7,219,9.0,3.3,7,1.51,1
B202600268,2026-01-24,中班,A,T4,2,156.1,182.1,249.5,217.5,89.6,45.0,83,10.0,2.0,7,1.08,1
B202600269,2026-01-24,早班,D,T4,2,151.3,177.6,241.3,218.3,94.4,46.7,191,7.0,9.7,49,0.0,0
B202600270,2026-01-24,早班,C,T4,1,148.6,178.7,249.9,219.1,96.0,35.2,173,3.0,6.4,24,0.72,1
B202600271,2026-01-24,中班,A,T4,1,153.3,199.4,247.2,219.2,91.2,41.3,242,9.0,2.6,22,0.91,1
B202600272,2026-01-24,早班,D,T4,1,153.5,181.7,241.7,219.1,90.5,,206,4.0,9.9,30,0.32,0
B202600273,2026-01-24,夜班,B,T3,1,146.1,175.0,246.8,220.3,82.3,55.3,105,,5.8,34,4.06,0
B202600274,2026-01-24,早班,D,T5,1,152.1,180.8,241.8,211.7,94.7,54.8,84,3.0,10.0,16,0.13,0
B202600275,2026-01-24,夜班,B,T4,4,158.6,185.2,247.9,218.8,94.9,52.9,105,12.0,4.0,14,0.99,1
B202600276,2026-01-24,夜班,B,T3,5,156.0,176.3,243.8,221.7,94.2,,146,9.0,5.9,23,0.59,1
B202600277,2026-01-25,中班,B,T4,5,151.8,180.4,250.8,220.4,92.1,,205,15.0,5.5,5,1.38,1
B202600278,2026-01-25,中班,C,T3,3,158.7,185.2,248.1,218.9,98.8,46.7,211,,7.3,5,0.94,1
B202600279,2026-01-25,夜班,A,T4,1,151.8,187.7,246.5,216.8,95.0,42.4,94,6.0,2.8,13,0.87,1
B202600280,2026-01-25,早班,C,T3,3,160.1,188.7,247.4,217.3,97.4,45.6,247,5.0,6.7,18,1.17,1
B202600281,2026-01-25,夜班,B,T3,2,160.4,181.8,246.5,208.8,97.2,53.8,168,3.0,5.9,34,1.67,0
B202600282,2026-01-25,中班,B,T4,2,154.4,188.1,248.8,220.3,93.8,40.2,196,13.0,5.7,5,1.79,1
B202600283,2026-01-25,夜班,C,T4,2,159.7,185.4,248.4,227.8,95.2,41.0,182,9.0,6.1,19,1.84,1
B202600284,2026-01-25,中班,A,T4,2,150.1,187.5,241.9,216.8,90.6,57.8,198,6.0,2.5,9,3.71,0
B202600285,2026-01-25,早班,A,T5,1,153.1,182.9,237.8,218.3,89.5,49.0,126,2.0,1.4,38,2.97,0
B202600286,2026-01-25,中班,C,T5,3,154.2,184.6,241.7,217.8,90.0,,165,4.0,7.1,22,3.33,0
B202600287,2026-01-25,夜班,D,T4,5,154.7,185.3,243.7,223.7,91.5,54.3,117,3.0,9.7,36,2.06,0
B202600288,2026-01-25,早班,B,T4,3,153.6,179.2,244.2,222.9,98.2,42.4,169,,4.6,32,1.12,0
B202600289,2026-01-26,早班,C,T4,3,154.0,190.4,249.3,220.2,94.4,45.5,91,5.0,7.5,16,1.09,1
B202600290,2026-01-26,早班,D,T4,3,150.5,182.9,242.8,213.7,90.4,49.0,164,1.0,10.6,40,1.42,0
B202600291,2026-01-26,夜班,D,T3,4,153.1,183.8,246.7,221.9,98.1,46.6,115,3.0,10.2,2,0.11,1
B202600292,2026-01-26,中班,A,T3,3,154.2,183.3,247.5,217.5,92.0,55.2,238,6.0,1.7,16,0.85,1
B202600293,2026-01-26,中班,D,T4,4,157.2,193.4,245.0,218.9,84.9,66.8,192,1.0,11.7,5,1.88,0
B202600294,2026-01-26,早班,A,T4,3,154.0,192.3,246.8,223.4,91.5,39.3,144,9.0,2.3,1,0.47,1
B202600295,2026-01-26,早班,C,T3,1,142.0,182.1,246.5,221.2,89.8,51.3,112,4.0,8.1,9,2.61,0
B202600296,2026-01-26,中班,C,T3,3,154.9,194.8,253.6,219.1,95.8,43.0,226,3.0,7.7,6,1.77,1
B202600297,2026-01-26,夜班,A,T3,2,145.5,,250.6,211.9,96.7,41.9,110,6.0,1.6,5,1.02,1
B202600298,2026-01-26,中班,A,T3,2,154.2,182.1,251.2,223.2,94.0,50.0,176,3.0,2.2,4,0.74,1
B202600299,2026-01-26,中班,D,T3,1,153.3,188.7,245.7,223.1,96.1,46.5,170,4.0,11.3,4,1.4,1
B202600300,2026-01-26,早班,C,T4,5,149.5,180.4,242.8,213.4,90.5,41.9,109,6.0,6.7,46,5.05,0
B202600301,2026-01-27,夜班,B,T5,3,156.3,185.9,240.7,222.3,92.7,35.9,90,9.0,3.2,6,2.35,0
B202600302,2026-01-27,中班,A,T5,1,152.5,181.5,246.0,224.5,95.6,42.5,123,12.0,2.6,3,0.2,1
B202600303,2026-01-27,早班,B,T3,1,157.2,186.1,252.0,218.9,94.6,49.5,200,7.0,5.7,1,0.45,1
B202600304,2026-01-27,早班,A,T4,4,157.1,187.8,246.8,222.2,96.4,42.5,130,15.0,2.9,18,0.67,1
B202600305,2026-01-27,夜班,B,T4,2,148.7,184.4,250.4,222.8,95.8,42.2,143,13.0,4.9,0,0.54,1
B202600306,2026-01-27,中班,A,T4,2,151.9,186.1,247.7,219.4,92.9,51.4,88,15.0,1.0,10,0.74,1
B202600307,2026-01-27,夜班,D,T5,2,157.9,184.8,249.1,225.6,89.6,48.6,109,10.0,10.7,9,0.94,1
B202600308,2026-01-27,中班,C,T4,1,159.5,185.4,245.9,219.1,93.9,39.3,231,13.0,7.1,13,0.26,1
B202600309,2026-01-27,中班,B,T4,2,164.7,180.2,243.9,222.4,97.9,38.5,130,4.0,5.6,0,1.24,1
B202600310,2026-01-27,夜班,C,T4,3,152.7,180.5,253.6,218.4,97.1,50.9,152,6.0,7.5,20,0.63,1
B202600311,2026-01-27,早班,D,T5,5,159.0,175.9,246.4,221.8,95.2,41.1,190,13.0,10.6,18,0.14,1
B202600312,2026-01-27,夜班,D,T4,2,161.2,189.8,240.0,220.5,96.0,40.5,194,4.0,10.8,47,1.5,0
B202600313,2026-01-28,中班,A,T4,5,159.4,179.2,251.6,222.1,97.8,41.5,178,13.0,1.4,20,0.61,1
B202600314,2026-01-28,夜班,C,T3,3,154.7,183.6,244.9,218.5,90.2,53.4,218,,7.7,35,2.51,0
B202600315,2026-01-28,夜班,D,T4,2,145.0,195.8,239.7,219.4,103.6,60.4,129,9.0,10.0,43,1.97,0
B202600316,2026-01-28,早班,B,T4,2,154.0,182.4,247.0,215.8,97.9,41.9,245,12.0,4.3,20,0.48,1
B202600317,2026-01-28,夜班,A,T4,1,149.2,180.3,249.8,218.5,93.5,41.3,86,7.0,1.3,7,2.25,1
B202600318,2026-01-28,夜班,A,T3,1,159.2,179.0,248.7,224.0,98.2,48.6,227,3.0,1.7,16,1.62,1
B202600319,2026-01-28,中班,C,T4,1,151.1,186.2,247.4,220.7,91.6,42.9,91,13.0,7.1,4,1.17,1
B202600320,2026-01-28,早班,A,T3,5,153.9,178.8,248.3,220.2,98.1,41.7,106,8.0,2.9,15,1.28,1
B202600321,2026-01-28,早班,C,T3,4,151.6,180.0,245.0,214.4,82.9,45.0,128,7.0,6.8,35,5.12,0
B202600322,2026-01-28,夜班,A,T3,1,157.0,185.8,243.9,223.0,87.0,45.8,186,7.0,2.2,22,4.2,0
B202600323,2026-01-28,中班,A,T4,4,159.5,189.1,248.6,217.9,93.0,45.5,209,8.0,2.7,4,0.47,1
B202600324,2026-01-28,中班,C,,5,152.9,183.8,235.0,218.0,91.8,51.8,230,3.0,8.1,41,1.57,0
B202600325,2026-01-29,夜班,D,T4,3,153.5,186.8,251.2,223.8,90.1,50.3,181,4.0,9.0,10,0.71,1
B202600326,2026-01-29,早班,A,T4,1,157.3,181.0,241.9,211.4,98.3,45.9,250,6.0,1.3,38,1.26,0
B202600327,2026-01-29,中班,A,T3,4,154.0,183.8,250.5,216.5,95.6,39.4,181,9.0,1.0,22,1.59,1
B202600328,2026-01-29,夜班,B,T4,1,155.4,184.7,246.4,217.3,92.3,45.7,204,3.0,3.5,0,0.64,1
B202600329,2026-01-29,中班,C,T3,1,160.5,190.2,236.9,218.1,95.9,54.6,91,10.0,6.5,27,0.58,0
B202600330,2026-01-29,中班,C,T3,2,151.5,184.7,240.2,220.9,84.8,41.6,99,,7.7,38,2.57,0
B202600331,2026-01-29,夜班,D,T5,5,149.3,184.4,247.0,217.3,95.7,54.8,241,13.0,10.6,21,0.29,1
B202600332,2026-01-29,夜班,A,T4,2,148.5,184.8,234.4,217.7,86.7,60.5,115,3.0,2.7,30,2.92,0
B202600333,2026-01-29,早班,D,T5,2,155.1,178.2,246.7,213.2,95.9,41.3,171,10.0,11.1,8,1.57,1
B202600334,2026-01-29,夜班,D,T4,3,155.4,198.7,245.9,209.8,92.8,54.5,233,9.0,9.4,46,4.98,0
B202600335,2026-01-29,早班,A,T4,3,159.8,188.5,237.5,212.6,100.3,59.3,170,6.0,0.6,40,2.4,0
B202600336,2026-01-29,中班,A,T4,4,157.8,,249.9,219.5,91.8,43.6,116,8.0,1.7,9,0.24,1
B202600337,2026-01-30,早班,D,T4,4,147.5,185.1,247.7,223.2,95.2,56.9,149,4.0,10.1,7,1.94,0
B202600338,2026-01-30,早班,C,T5,3,159.7,184.7,246.3,217.3,96.5,48.1,96,10.0,7.3,14,0.71,1
B202600339,2026-01-30,夜班,C,T4,1,149.8,188.9,244.5,224.1,96.1,52.8,148,4.0,7.6,46,1.45,0
B202600340,2026-01-30,早班,D,T5,5,147.3,184.1,244.2,215.9,80.7,66.8,96,5.0,11.5,29,4.74,0
B202600341,2026-01-30,夜班,C,T4,3,148.9,176.9,245.6,212.5,87.6,61.6,193,6.0,6.4,29,4.32,0
B202600342,2026-01-30,夜班,A,T5,3,157.1,186.2,237.2,216.3,89.1,50.1,91,3.0,2.9,22,1.14,0
B202600343,2026-01-30,早班,B,T3,2,144.8,188.5,249.6,225.1,99.5,39.0,100,8.0,4.5,24,1.09,1
B202600344,2026-01-30,中班,C,T4,2,,180.7,243.4,215.7,86.7,41.3,145,1.0,6.8,6,5.08,0
B202600345,2026-01-30,早班,C,T3,2,163.2,183.3,244.3,216.9,92.4,46.2,104,8.0,6.6,32,3.07,0
B202600346,2026-01-30,早班,D,T5,1,154.0,183.5,244.3,215.7,92.8,44.9,126,4.0,11.3,19,1.29,1
B202600347,2026-01-30,夜班,C,T4,3,156.9,180.2,247.1,227.3,94.9,49.0,172,5.0,8.9,22,0.58,1
B202600348,2026-01-30,夜班,B,T3,2,158.8,185.7,244.9,221.2,96.2,46.2,108,8.0,5.1,4,1.04,1
B202600349,2026-01-31,夜班,D,T5,1,150.7,186.3,248.0,218.1,95.7,46.3,90,6.0,9.4,24,0.65,1
B202600350,2026-01-31,夜班,B,T4,1,145.8,173.7,241.7,218.1,88.1,71.4,189,1.0,3.6,39,2.97,0
B202600351,2026-01-31,早班,B,T3,1,153.1,182.0,244.3,222.2,96.3,,190,5.0,4.0,23,0.58,1
B202600352,2026-01-31,夜班,B,T3,1,154.9,180.0,244.3,220.0,86.0,50.4,145,5.0,5.5,22,0.62,0
B202600353,2026-01-31,早班,B,T4,1,149.6,190.1,248.3,215.7,96.8,44.9,166,4.0,5.1,2,0.65,1
B202600354,2026-01-31,早班,B,T3,5,162.1,181.0,248.9,222.8,95.7,53.0,215,4.0,4.2,10,0.29,1
B202600355,2026-01-31,中班,A,T4,2,159.9,188.0,246.3,223.1,93.2,46.3,189,9.0,1.4,11,0.67,1
B202600356,2026-01-31,夜班,B,T4,3,162.6,176.9,243.3,218.3,83.5,41.8,115,3.0,5.4,36,2.53,0
B202600357,2026-01-31,夜班,B,T4,2,151.4,189.1,251.2,220.1,93.8,50.2,138,14.0,5.5,18,1.52,1
B202600358,2026-01-31,中班,C,T5,1,156.0,183.1,248.0,226.2,90.6,35.4,215,9.0,7.0,12,1.34,1
B202600359,2026-01-31,中班,A,T4,5,152.6,,250.8,221.1,96.1,46.0,203,3.0,2.9,10,1.27,1
B202600360,2026-01-31,夜班,D,T3,1,155.1,185.5,249.0,224.8,94.1,45.2,177,14.0,10.2,8,0.91,1
B202600361,2026-02-01,夜班,A,T5,1,148.3,177.7,240.8,222.2,90.3,50.6,209,3.0,1.5,30,4.49,0
B202600362,2026-02-01,中班,A,T4,2,156.6,184.9,247.5,223.7,94.8,46.5,131,4.0,0.8,2,0.93,1
B202600363,2026-02-01,夜班,C,T4,1,150.3,182.3,242.2,214.3,88.7,58.5,190,2.0,7.6,41,1.87,0
B202600364,2026-02-01,早班,D,T3,1,153.1,186.8,242.1,223.0,90.0,52.2,100,10.0,9.8,19,2.39,0
B202600365,2026-02-01,夜班,C,T4,3,154.3,181.3,240.1,212.0,96.6,48.3,172,,7.2,17,1.99,0
B202600366,2026-02-01,夜班,A,T5,3,154.3,185.3,248.9,220.2,91.3,43.8,139,3.0,2.6,8,0.66,1
B202600367,2026-02-01,中班,A,T4,2,152.9,188.6,242.4,217.0,88.0,,151,5.0,2.9,17,3.53,0
B202600368,2026-02-01,夜班,A,T4,2,157.8,181.0,249.8,225.1,93.9,43.3,88,,2.1,20,1.31,1
B202600369,2026-02-01,夜班,C,T4,3,151.4,181.1,245.1,216.1,89.5,50.0,200,6.0,8.2,11,4.11,0
B202600370,2026-02-01,中班,D,T3,1,,180.1,247.0,218.8,90.7,39.6,231,,11.2,21,0.85,1
B202600371,2026-02-01,中班,C,T4,1,157.2,190.0,,224.7,93.9,32.2,157,13.0,8.9,17,0.32,1
B202600372,2026-02-01,夜班,A,T4,1,145.5,189.2,253.9,217.7,91.1,,210,7.0,1.7,5,0.26,1
B202600373,2026-02-02,夜班,D,T5,3,152.9,170.2,243.0,221.7,87.5,32.5,207,5.0,10.8,18,4.81,0
B202600374,2026-02-02,早班,B,T3,2,161.4,182.5,248.7,,98.2,40.3,202,9.0,4.0,17,0.29,1
B202600375,2026-02-02,早班,C,T3,3,147.9,184.0,243.6,215.7,83.9,50.7,125,1.0,8.4,6,2.42,0
B202600376,2026-02-02,中班,B,T3,1,158.5,179.1,249.1,218.6,91.5,47.3,138,13.0,4.4,22,1.3,1
B202600377,2026-02-02,中班,B,T5,2,148.5,184.6,241.2,209.1,92.9,35.2,87,7.0,5.5,19,3.14,0
B202600378,2026-02-02,早班,D,T4,1,156.1,180.3,244.5,219.7,93.2,53.6,218,15.0,11.4,24,1.33,1
B202600379,2026-02-02,夜班,A,T3,2,160.3,200.0,246.9,218.5,93.1,35.4,163,8.0,2.6,18,0.84,1
B202600380,2026-02-02,中班,A,T4,1,148.7,177.7,243.7,220.0,93.5,,166,10.0,1.9,19,1.32,0
B202600381,2026-02-02,中班,B,T5,2,156.1,184.7,252.3,221.7,97.0,47.3,123,11.0,3.4,22,0.9,1
B202600382,2026-02-02,中班,B,T5,2,154.7,188.7,248.3,219.1,93.3,49.2,239,3.0,3.0,9,0.55,1
B202600383,2026-02-02,早班,B,T4,4,163.1,186.1,249.7,216.0,97.8,42.1,199,8.0,4.3,7,1.41,1
B202600384,2026-02-02,夜班,B,T4,1,154.4,180.3,245.9,221.3,93.4,54.7,153,13.0,4.6,5,0.88,1
B202600385,2026-02-03,中班,D,T4,1,151.4,184.5,249.1,223.2,91.3,39.9,171,6.0,10.4,17,1.19,1
B202600386,2026-02-03,早班,C,T3,4,154.9,192.7,248.8,223.7,96.6,42.5,145,7.0,7.6,11,0.59,1
B202600387,2026-02-03,中班,B,T4,1,159.7,185.8,245.6,217.6,95.0,46.8,107,4.0,3.9,6,1.49,1
B202600388,2026-02-03,夜班,C,T4,5,,187.9,247.3,218.3,97.8,41.3,95,,9.0,33,5.09,0
B202600389,2026-02-03,中班,A,T5,2,154.7,179.5,243.6,220.7,90.1,48.3,178,3.0,1.4,8,1.65,1
B202600390,2026-02-03,中班,A,T3,1,155.7,173.2,242.2,226.3,95.6,42.1,166,11.0,1.0,19,1.13,1
B202600391,2026-02-03,夜班,A,T4,2,153.3,183.9,238.8,221.4,85.2,46.7,120,4.0,0.6,49,2.3,0
B202600392,2026-02-03,中班,B,T4,1,151.9,180.5,247.1,217.0,94.4,48.3,162,7.0,4.3,20,1.25,1
B202600393,2026-02-03,早班,B,T4,1,159.9,181.3,249.9,224.1,96.4,,178,5.0,5.0,1,0.84,1
B202600394,2026-02-03,早班,D,T3,1,150.4,181.4,247.7,219.7,88.3,43.4,235,12.0,9.0,23,1.21,1
B202600395,2026-02-03,夜班,A,T5,1,150.0,180.1,242.3,219.3,89.3,42.1,197,11.0,2.4,36,2.76,0
B202600396,2026-02-03,早班,B,T3,3,152.5,177.9,240.9,219.7,100.6,55.8,108,7.0,6.0,31,1.34,0
B202600397,2026-02-04,早班,C,T3,3,159.6,187.9,249.6,221.4,94.2,50.6,85,5.0,8.8,13,0.01,1
B202600398,2026-02-04,中班,B,T4,1,151.6,186.3,242.5,217.3,91.9,44.5,102,5.0,5.4,18,2.13,0
B202600399,2026-02-04,中班,A,T4,1,165.7,183.6,248.7,217.9,93.6,46.6,167,14.0,2.1,7,0.8,1
B202600400,2026-02-04,中班,C,T3,1,152.1,187.4,246.6,223.3,96.1,48.8,181,13.0,8.7,12,0.9,1
B202600401,2026-02-04,早班,B,T3,1,162.6,188.0,245.8,219.3,96.3,41.8,223,5.0,3.6,20,0.12,1
B202600402,2026-02-04,中班,B,T4,1,157.3,185.5,249.5,219.1,100.2,51.9,169,12.0,3.1,2,1.79,1
B202600403,2026-02-04,夜班,A,T4,4,152.0,185.0,248.5,215.6,101.5,54.2,137,,2.5,20,0.89,1
B202600404,2026-02-04,早班,B,T3,3,147.4,185.6,249.6,216.1,94.8,54.6,91,8.0,3.5,7,0.8,1
B202600405,2026-02-04,夜班,A,T4,2,155.7,188.9,248.9,218.8,95.8,50.7,144,5.0,2.5,12,1.59,1
B202600406,2026-02-04,夜班,D,T3,1,154.4,183.2,238.8,218.0,95.0,54.4,160,8.0,10.6,45,3.98,0
B202600407,2026-02-04,早班,D,T4,1,149.7,185.7,250.3,216.9,97.1,44.4,214,12.0,9.8,4,1.08,1
B202600408,2026-02-04,中班,C,T5,2,147.2,187.1,237.8,211.5,87.0,53.9,174,11.0,8.5,10,3.85,0
B202600409,2026-02-05,夜班,A,T4,2,154.6,187.2,250.6,220.6,98.3,39.1,130,10.0,1.1,20,1.18,1
B202600410,2026-02-05,夜班,B,T3,2,150.8,187.1,236.8,218.0,99.3,40.1,135,2.0,3.2,23,3.01,0
B202600411,2026-02-05,中班,B,T3,1,148.6,185.3,250.0,218.6,93.2,42.0,215,15.0,3.7,18,0.8,1
B202600412,2026-02-05,早班,D,T3,4,153.7,184.5,245.7,220.7,87.6,56.6,179,8.0,11.2,21,4.51,0
B202600413,2026-02-05,夜班,D,T4,2,155.6,183.1,,212.1,102.8,,101,5.0,11.7,37,1.97,0
B202600414,2026-02-05,夜班,D,T4,4,151.7,184.7,238.4,218.3,87.0,55.6,125,2.0,10.8,12,3.23,0
B202600415,2026-02-05,中班,B,T4,3,148.0,187.2,249.1,225.2,97.4,45.7,123,15.0,5.9,4,1.01,1
B202600416,2026-02-05,早班,A,T4,5,155.3,186.2,246.4,224.6,89.1,47.8,101,,1.3,13,1.22,1
B202600417,2026-02-05,夜班,D,T3,5,161.9,180.8,236.9,215.0,94.2,44.8,82,8.0,10.7,41,2.74,0
B202600418,2026-02-05,夜班,B,T5,1,160.4,176.3,251.5,222.3,91.2,55.2,119,11.0,3.8,16,0.16,1
B202600419,2026-02-05,中班,D,T4,5,152.6,182.0,251.2,219.8,98.6,57.6,203,7.0,9.4,1,1.69,1
B202600420,2026-02-05,中班,B,T3,2,158.2,181.0,246.5,215.6,89.2,38.4,162,14.0,4.4,12,0.96,1
B202600421,2026-02-06,夜班,B,T3,3,155.2,173.9,248.8,218.7,97.2,42.9,143,6.0,3.6,18,0.88,1
B202600422,2026-02-06,早班,A,T3,4,159.5,184.4,247.2,221.3,92.6,28.6,143,15.0,1.9,5,0.52,1
B202600423,2026-02-06,夜班,A,T4,4,153.5,178.5,246.3,218.6,95.1,48.5,112,13.0,2.0,5,0.71,1
B202600424,2026-02-06,夜班,A,T4,3,155.9,194.7,247.1,217.8,90.2,46.7,219,3.0,2.4,14,4.55,0
B202600425,2026-02-06,早班,A,T4,5,153.7,176.3,248.1,221.8,95.2,45.9,241,8.0,2.0,13,1.53,1
B202600426,2026-02-06,夜班,A,T5,1,157.5,190.4,246.2,216.5,95.4,48.7,200,4.0,2.8,23,0.8,1
B202600427,2026-02-06,早班,B,T3,3,151.9,184.4,246.5,217.8,98.1,52.6,171,3.0,5.1,6,0.91,1
B202600428,2026-02-06,夜班,C,T5,1,150.6,190.1,248.6,220.8,96.7,50.1,234,5.0,7.3,10,0.92,1
B202600429,2026-02-06,夜班,C,T4,2,152.7,172.5,241.0,209.2,87.1,,233,2.0,7.7,42,3.15,0
B202600430,2026-02-06,夜班,B,T4,4,147.4,186.9,241.2,216.8,92.0,40.6,243,4.0,4.5,10,5.67,0
B202600431,2026-02-06,早班,D,T4,4,152.6,185.0,251.4,218.7,91.7,40.0,220,10.0,10.0,19,0.16,1
B202600432,2026-02-06,中班,B,T4,2,152.9,190.2,252.1,215.0,91.8,52.3,219,10.0,4.6,0,0.98,1
B202600433,2026-02-07,夜班,B,T4,1,151.6,186.1,244.9,219.6,96.8,42.2,230,12.0,6.0,4,0.25,1
B202600434,2026-02-07,早班,D,T4,3,149.2,183.4,232.3,214.1,86.8,53.3,213,,11.5,49,2.85,0
B202600435,2026-02-07,早班,A,T5,4,156.3,179.9,247.0,219.3,91.7,34.4,124,6.0,2.4,24,0.94,1
B202600436,2026-02-07,早班,D,T4,3,157.3,178.0,245.5,220.5,94.9,41.6,108,10.0,11.9,13,0.8,1
B202600437,2026-02-07,早班,A,T4,2,139.8,184.1,242.1,215.3,96.1,54.3,104,3.0,2.6,17,2.22,0
B202600438,2026-02-07,中班,B,T4,2,148.5,196.1,246.2,221.4,93.6,49.3,177,3.0,3.2,4,0.56,1
B202600439,2026-02-07,中班,A,T5,1,154.9,188.7,245.5,224.8,92.2,40.0,196,10.0,0.6,13,0.49,1
B202600440,2026-02-07,早班,A,T4,1,151.3,182.6,247.2,217.4,96.5,49.9,154,9.0,1.9,15,0.72,1
B202600441,2026-02-07,中班,D,T4,4,153.5,175.5,242.6,217.3,82.5,49.2,158,1.0,10.2,35,3.12,0
B202600442,2026-02-07,早班,C,T3,3,155.7,190.3,247.2,217.5,100.2,48.6,235,7.0,8.2,1,0.35,1
B202600443,2026-02-07,中班,D,T3,5,146.7,185.0,242.2,219.0,80.7,48.3,219,7.0,10.6,7,1.42,0
B202600444,2026-02-07,中班,B,T4,3,159.7,190.6,249.6,223.6,91.8,40.3,250,,3.4,10,0.78,1
B202600445,2026-02-08,中班,A,T3,1,158.0,178.7,249.9,222.6,100.3,46.9,176,3.0,2.2,7,1.8,1
B202600446,2026-02-08,中班,B,T5,1,159.5,183.8,250.7,225.3,91.9,45.6,144,6.0,4.5,23,1.22,1
B202600447,2026-02-08,中班,D,T4,5,153.0,172.1,239.6,218.1,90.6,63.4,125,4.0,10.4,12,1.9,0
B202600448,2026-02-08,早班,A,T4,5,150.0,186.1,248.5,219.9,95.7,48.6,211,12.0,1.7,24,1.42,1
B202600449,2026-02-08,中班,D,T3,1,161.1,186.2,250.8,219.2,90.5,39.1,150,9.0,9.5,22,1.49,1
B202600450,2026-02-08,中班,A,T4,1,151.5,183.1,249.6,217.4,89.8,35.0,105,15.0,2.9,10,0.94,1
B202600451,2026-02-08,中班,B,T4,3,154.9,187.8,237.4,217.7,95.0,,198,2.0,4.7,23,2.0,0
B202600452,2026-02-08,中班,B,T4,4,155.8,189.3,250.2,220.8,88.3,49.3,142,14.0,4.6,5,0.91,1
B202600453,2026-02-08,中班,C,T3,4,152.5,182.9,250.7,218.6,92.9,51.2,155,13.0,8.6,12,0.77,1
B202600454,2026-02-08,中班,B,T3,2,151.8,179.8,237.5,216.2,97.1,64.7,171,10.0,3.6,42,2.9,0
B202600455,2026-02-08,早班,A,T4,2,154.1,193.9,251.5,219.6,93.9,41.4,155,5.0,1.1,22,0.91,1
B202600456,2026-02-08,中班,D,T5,1,152.7,192.7,247.9,226.4,95.1,36.4,157,8.0,11.9,0,1.26,1
B202600457,2026-02-09,早班,D,T5,2,158.1,186.7,238.9,222.2,94.9,45.8,193,2.0,11.4,49,1.68,0
B202600458,2026-02-09,夜班,D,T5,1,151.5,179.9,243.6,219.1,92.7,44.3,188,2.0,9.8,18,3.62,0
B202600459,2026-02-09,早班,D,T4,1,,182.9,250.3,218.3,94.5,53.7,119,15.0,10.4,23,0.14,1
B202600460,2026-02-09,中班,B,T3,1,155.8,180.7,249.4,218.5,91.7,49.5,239,6.0,5.6,20,0.42,1
B202600461,2026-02-09,早班,C,T4,2,159.4,186.4,241.1,225.7,84.8,48.8,128,1.0,8.6,33,2.34,0
B202600462,2026-02-09,中班,B,T5,5,153.0,182.9,251.6,224.5,95.9,47.1,158,,5.2,0,1.92,1
B202600463,2026-02-09,中班,D,T4,3,153.2,193.9,238.1,212.9,93.4,49.5,126,10.0,11.2,22,3.89,0
B202600464,2026-02-09,早班,A,T5,1,159.3,182.7,246.1,224.8,96.7,40.1,99,8.0,1.1,3,1.1,1
B202600465,2026-02-09,早班,A,T4,3,157.5,188.0,251.7,220.1,96.5,45.6,116,6.0,1.8,5,0.44,1
B202600466,2026-02-09,早班,B,T4,3,151.1,177.1,249.1,217.1,91.6,,202,10.0,5.7,22,1.0,1
B202600467,2026-02-09,早班,B,T3,5,152.8,192.1,,215.2,94.6,39.7,173,4.0,4.5,11,1.26,1
B202600468,2026-02-09,夜班,D,T4,2,154.7,185.2,245.8,222.1,96.2,47.8,209,8.0,10.2,15,2.59,0
B202600469,2026-02-10,中班,A,T3,2,152.1,188.1,250.8,217.0,94.7,46.7,240,8.0,1.0,11,0.77,1
B202600470,2026-02-10,早班,D,T4,1,162.8,186.1,249.0,219.9,94.8,37.2,180,9.0,9.6,23,1.25,1
B202600471,2026-02-10,中班,C,T3,4,152.5,179.1,250.8,221.6,94.3,46.4,193,14.0,8.0,24,1.52,1
B202600472,2026-02-10,早班,A,T5,2,140.7,178.0,235.2,218.8,88.5,49.6,96,1.0,0.6,40,1.18,0
B202600473,2026-02-10,夜班,A,T4,5,150.3,183.8,249.8,214.9,90.6,46.9,137,4.0,2.4,13,0.07,1
B202600474,2026-02-10,夜班,D,T4,2,153.2,195.0,,216.4,83.5,54.9,190,5.0,11.2,27,2.31,0
B202600475,2026-02-10,早班,C,T4,1,156.0,192.0,249.3,,97.0,42.4,143,13.0,7.7,24,1.3,1
B202600476,2026-02-10,夜班,B,T5,1,159.3,189.3,238.5,219.9,88.3,45.4,224,1.0,3.5,10,1.2,0
B202600477,2026-02-10,夜班,A,T3,1,161.1,188.6,243.8,214.1,87.7,46.7,187,7.0,2.7,49,3.31,0
B202600478,2026-02-10,中班,D,T4,3,157.0,181.5,241.3,219.6,92.4,38.4,185,3.0,11.0,15,0.99,0
B202600479,2026-02-10,早班,A,T4,3,164.7,186.6,246.9,218.4,91.6,35.6,185,14.0,1.0,8,1.38,1
B202600480,2026-02-10,中班,D,T4,4,150.7,176.4,237.8,219.2,92.6,50.3,147,5.0,10.2,5,4.04,0
B202600481,2026-02-11,中班,A,T3,1,153.6,193.1,250.6,219.0,93.6,41.3,195,12.0,0.9,15,1.7,1
B202600482,2026-02-11,早班,C,T3,1,154.4,185.7,248.4,217.8,99.7,48.2,94,14.0,6.3,12,0.11,1
B202600483,2026-02-11,中班,C,T4,4,149.4,187.7,246.6,217.6,93.8,46.5,91,7.0,6.8,10,1.0,1
B202600484,2026-02-11,早班,B,T5,2,157.0,186.0,247.7,219.3,97.4,43.5,241,9.0,5.0,13,0.03,1
B202600485,2026-02-11,夜班,B,T3,3,152.5,195.0,245.9,218.6,91.2,44.3,213,5.0,3.0,23,1.11,1
B202600486,2026-02-11,早班,D,T4,5,154.9,181.0,246.1,215.1,87.7,,220,7.0,9.5,42,5.05,0
B202600487,2026-02-11,夜班,C,T4,3,158.2,182.2,245.3,213.8,92.7,50.1,168,13.0,8.5,11,1.84,1
B202600488,2026-02-11,中班,B,T5,2,158.3,187.7,249.4,218.0,89.3,51.5,168,4.0,5.2,12,1.03,1
B202600489,2026-02-11,夜班,D,T4,1,154.0,179.7,249.1,217.4,89.6,57.7,91,2.0,12.0,42,1.31,0
B202600490,2026-02-11,中班,D,T4,2,158.8,192.8,248.8,220.1,96.6,47.9,239,13.0,10.0,21,0.49,1
B202600491,2026-02-11,中班,A,T4,4,153.9,193.5,247.3,220.4,92.3,44.0,106,9.0,1.6,3,1.0,1
B202600492,2026-02-11,中班,C,T4,2,157.8,189.8,246.4,219.6,95.3,33.9,154,11.0,8.9,17,0.82,1
B202600493,2026-02-12,早班,D,T4,1,159.7,182.2,244.1,214.2,87.7,,173,2.0,11.1,45,3.14,0
B202600494,2026-02-12,夜班,B,T3,1,153.5,178.7,245.5,216.2,85.5,52.5,229,7.0,4.5,27,3.32,0
B202600495,2026-02-12,早班,C,T3,4,158.7,176.4,241.4,213.5,86.8,62.0,195,5.0,8.7,24,1.91,0
B202600496,2026-02-12,夜班,A,T4,1,151.3,187.4,236.2,220.4,83.8,55.7,218,9.0,0.8,41,1.88,0
B202600497,2026-02-12,夜班,B,T3,1,161.5,185.8,252.4,221.0,93.6,51.4,91,13.0,3.0,1,0.53,1
B202600498,2026-02-12,夜班,B,T4,2,157.7,184.1,248.3,218.3,90.3,39.3,120,13.0,3.8,11,0.67,1
B202600499,2026-02-12,夜班,C,T4,1,154.8,188.7,249.1,221.6,98.3,55.6,101,9.0,6.5,11,1.27,1
B202600500,2026-02-12,中班,D,T5,3,150.2,185.7,248.5,221.4,97.7,47.0,234,11.0,11.4,19,0.16,1
B202600501,2026-02-12,早班,D,T5,5,159.0,187.1,243.1,212.4,94.2,55.9,177,5.0,10.6,6,3.14,0
B202600502,2026-02-12,中班,A,T5,2,161.1,188.1,250.1,220.2,99.4,44.7,227,13.0,2.2,18,1.69,1
B202600503,2026-02-12,夜班,C,T4,3,155.0,182.9,241.4,218.7,96.2,62.4,166,2.0,6.7,37,1.31,0
B202600504,2026-02-12,早班,A,T5,2,149.2,183.4,250.5,219.6,98.3,38.9,196,8.0,0.8,21,0.28,1
B202600505,2026-02-13,夜班,D,T5,2,160.4,180.0,243.5,217.2,92.2,45.7,211,10.0,9.0,12,1.44,1
B202600506,2026-02-13,中班,A,T4,1,153.2,183.8,247.4,216.4,98.9,30.2,81,7.0,2.1,17,0.6,1
B202600507,2026-02-13,中班,B,T3,2,152.3,180.2,246.9,223.5,91.4,46.5,209,10.0,4.1,4,0.47,1
B202600508,2026-02-13,早班,A,T4,3,154.8,179.6,247.8,219.1,100.4,47.2,104,12.0,0.6,10,1.61,1
B202600509,2026-02-13,夜班,A,T5,1,,182.9,247.2,222.4,100.4,37.9,115,8.0,2.8,18,0.53,1
B202600510,2026-02-13,早班,C,T4,1,151.9,168.9,244.9,219.1,88.3,55.4,227,8.0,8.4,47,2.26,0
B202600511,2026-02-13,中班,A,T4,4,154.5,185.1,247.3,216.5,93.8,44.4,119,5.0,2.7,14,0.19,1
B202600512,2026-02-13,中班,A,T4,4,156.1,179.5,246.7,223.8,95.7,44.4,196,13.0,3.0,4,1.08,1
B202600513,2026-02-13,中班,C,T4,3,154.1,184.2,249.5,219.5,94.8,47.9,80,11.0,6.8,26,3.42,0
B202600514,2026-02-13,中班,A,T5,2,155.0,189.0,249.6,218.8,92.5,38.5,158,11.0,2.3,23,0.03,1
B202600515,2026-02-13,早班,A,T4,2,164.4,179.4,247.3,222.8,93.2,48.5,138,4.0,1.0,5,1.85,1
B202600516,2026-02-13,早班,B,T3,5,146.7,184.5,244.2,215.0,94.4,71.5,242,1.0,5.6,21,1.26,0
B202600517,2026-02-14,中班,C,T3,2,157.4,183.8,248.3,222.7,92.3,49.1,131,10.0,6.3,1,0.8,1
B202600518,2026-02-14,中班,B,T4,3,151.7,185.3,250.1,215.4,100.3,49.7,242,3.0,3.3,17,0.91,1
B202600519,2026-02-14,中班,A,T4,1,155.9,181.2,248.6,218.1,92.1,49.6,149,3.0,2.5,9,1.26,1
B202600520,2026-02-14,夜班,D,T4,5,152.8,182.6,247.3,218.0,92.0,43.5,220,5.0,10.6,21,1.67,1
B202600521,2026-02-14,中班,C,T4,5,149.1,182.6,242.1,211.4,87.3,58.0,196,8.0,8.6,19,3.82,0
B202600522,2026-02-14,夜班,D,T5,5,161.3,186.1,241.6,216.2,107.6,47.9,250,6.0,11.5,15,4.66,0
B202600523,2026-02-14,中班,B,T4,4,149.9,190.9,233.7,219.7,89.9,48.0,111,7.0,4.7,27,2.68,0
B202600524,2026-02-14,中班,D,T4,3,159.8,192.7,246.3,224.1,90.5,35.4,192,9.0,11.1,17,0.22,1
B202600525,2026-02-14,早班,D,T3,5,162.1,185.5,250.5,221.6,92.5,51.0,208,11.0,10.3,0,2.18,1
B202600526,2026-02-14,早班,C,T5,2,147.3,174.2,240.1,219.5,97.1,50.0,94,8.0,7.0,27,2.77,0
B202600527,2026-02-14,中班,B,T3,3,149.7,181.6,246.5,215.9,85.6,40.0,121,4.0,3.4,27,2.75,0
B202600528,2026-02-14,夜班,C,T5,3,151.3,188.4,242.1,,96.7,51.6,86,5.0,7.3,44,1.49,0
B202600529,2026-02-15,中班,A,T5,1,150.2,,245.2,213.8,91.8,,227,14.0,2.9,2,1.19,1
B202600530,2026-02-15,夜班,D,T5,2,144.7,179.6,236.6,214.8,86.6,50.0,235,8.0,9.1,11,1.09,0
B202600531,2026-02-15,夜班,B,T4,2,151.4,172.0,232.9,220.0,97.7,53.6,165,4.0,3.4,38,0.65,0
B202600532,2026-02-15,夜班,A,T5,1,163.4,189.5,242.7,222.5,89.7,63.5,207,,1.7,16,2.76,0
B202600533,2026-02-15,中班,A,T4,5,152.5,180.2,246.6,223.0,96.6,41.3,131,8.0,2.7,5,1.46,1
B202600534,2026-02-15,夜班,B,T5,3,152.4,177.2,244.8,218.6,86.1,51.7,235,9.0,4.5,11,1.1,0
B202600535,2026-02-15,中班,C,T4,3,155.7,183.0,242.7,212.3,88.5,55.0,213,4.0,7.7,46,3.31,0
B202600536,2026-02-15,早班,C,T4,4,153.4,185.5,246.5,220.4,95.5,38.1,102,6.0,7.4,13,0.77,1
B202600537,2026-02-15,中班,C,T4,2,155.2,195.1,247.0,225.0,94.5,48.8,128,10.0,8.6,12,0.93,1
B202600538,2026-02-15,夜班,C,T5,1,162.1,180.7,249.3,221.7,100.1,45.5,171,8.0,6.1,23,0.81,1
B202600539,2026-02-15,中班,B,T4,3,154.9,175.0,240.2,222.1,93.6,54.3,190,8.0,4.5,13,1.19,0
B202600540,2026-02-15,中班,B,T4,1,156.2,184.8,248.8,214.7,90.4,46.1,171,15.0,3.9,23,0.94,1
B202600541,2026-02-16,夜班,D,T4,1,157.4,189.9,253.7,225.5,96.1,42.6,185,3.0,11.4,9,1.05,1
B202600542,2026-02-16,夜班,C,T3,1,144.9,188.2,246.5,220.3,99.7,52.4,237,11.0,7.1,42,1.53,0
B202600543,2026-02-16,夜班,C,T3,2,154.4,185.2,246.7,217.1,95.7,67.3,203,5.0,9.0,25,2.05,0
B202600544,2026-02-16,中班,C,T3,3,152.7,192.8,243.8,216.5,92.5,49.4,150,6.0,6.1,19,0.93,1
B202600545,2026-02-16,中班,A,T5,4,154.2,182.1,238.4,215.9,92.5,51.9,176,10.0,2.2,28,2.83,0
B202600546,2026-02-16,夜班,C,T5,2,155.3,184.1,245.3,214.9,98.8,50.3,153,12.0,8.9,8,1.21,1
B202600547,2026-02-16,夜班,B,T4,1,156.9,180.2,250.5,222.7,90.7,44.1,175,12.0,5.8,6,0.78,1
B202600548,2026-02-16,中班,A,T4,4,158.4,178.0,252.1,221.4,90.1,38.9,126,13.0,2.2,20,0.5,1
B202600549,2026-02-16,中班,C,T4,1,159.0,188.5,249.6,226.2,92.5,38.8,153,5.0,6.7,16,1.3,1
B202600550,2026-02-16,中班,B,T4,4,153.3,177.1,243.1,219.5,87.9,71.3,236,9.0,5.4,10,1.2,0
B202600551,2026-02-16,早班,C,T3,1,140.3,,246.9,225.0,89.3,51.0,93,4.0,8.8,44,3.76,0
B202600552,2026-02-16,早班,A,T5,2,149.5,175.3,249.3,217.5,98.6,42.7,169,8.0,2.0,17,1.21,1
B202600553,2026-02-17,中班,A,T4,1,153.8,186.6,249.1,222.0,100.0,48.6,128,11.0,1.0,23,0.57,1
B202600554,2026-02-17,夜班,A,T4,4,162.5,178.8,232.4,222.6,88.6,53.2,133,3.0,1.6,44,4.63,0
B202600555,2026-02-17,中班,A,T3,5,154.2,178.8,247.8,219.9,91.7,35.6,220,3.0,1.3,1,1.42,1
B202600556,2026-02-17,中班,D,T4,2,157.9,179.4,238.0,216.3,90.0,43.3,241,,10.6,36,3.67,0
B202600557,2026-02-17,夜班,A,T4,2,161.1,184.8,247.0,215.7,92.7,43.0,169,4.0,1.3,10,1.06,1
B202600558,2026-02-17,夜班,D,T4,1,154.4,189.3,249.9,224.7,93.6,49.2,107,3.0,9.0,6,1.81,1
B202600559,2026-02-17,夜班,D,T3,3,156.2,187.0,249.5,216.9,97.6,45.3,241,15.0,12.0,4,2.15,1
B202600560,2026-02-17,早班,A,T3,1,161.1,181.9,245.0,223.4,95.7,48.6,93,13.0,1.1,13,1.43,1
B202600561,2026-02-17,早班,C,T4,1,156.8,168.9,236.4,228.4,99.6,53.1,175,1.0,7.8,21,4.15,0
B202600562,2026-02-17,中班,A,T3,2,158.9,191.1,249.8,218.8,94.3,43.9,108,,0.6,15,1.76,1
B202600563,2026-02-17,中班,B,T5,3,150.6,185.9,246.1,224.9,91.0,45.1,156,5.0,3.3,18,0.45,1
B202600564,2026-02-17,夜班,C,T4,2,146.8,185.1,243.8,214.9,95.7,45.2,127,8.0,7.5,16,3.58,0
B202600565,2026-02-18,早班,A,T3,2,145.6,181.7,246.7,217.8,92.2,34.9,250,13.0,1.1,16,1.73,1
B202600566,2026-02-18,夜班,A,T5,3,154.0,186.0,249.5,223.4,91.5,37.1,87,15.0,1.5,13,0.68,1
B202600567,2026-02-18,夜班,A,T5,2,154.2,186.2,,217.0,83.9,51.4,122,7.0,2.6,40,4.1,0
B202600568,2026-02-18,夜班,D,T4,1,152.6,180.3,241.2,219.0,94.2,52.9,220,8.0,9.3,28,3.66,0
B202600569,2026-02-18,早班,D,T5,4,155.4,184.0,241.5,220.4,97.9,49.2,114,9.0,9.2,30,1.69,0
B202600570,2026-02-18,中班,C,T3,5,155.1,171.3,246.6,220.6,96.2,45.8,197,5.0,7.2,14,4.03,0
B202600571,2026-02-18,早班,B,T4,1,157.4,185.1,241.3,215.7,88.1,58.9,81,11.0,3.4,41,2.85,0
B202600572,2026-02-18,中班,D,T4,1,153.5,177.0,243.4,222.5,97.0,54.0,129,5.0,9.5,28,1.28,0
B202600573,2026-02-18,早班,B,T5,2,159.1,182.5,,212.1,103.3,53.4,134,4.0,5.1,26,2.24,0
B202600574,2026-02-18,夜班,A,T4,3,153.6,179.1,,219.1,97.7,45.6,150,7.0,1.3,0,0.49,1
B202600575,2026-02-18,早班,A,T5,1,149.2,185.5,246.8,218.0,94.9,40.3,214,13.0,0.7,13,0.46,1
B202600576,2026-02-18,早班,A,T4,1,152.8,184.9,248.5,220.3,95.1,42.5,193,11.0,1.0,8,1.15,1
B202600577,2026-02-19,夜班,D,T3,1,166.5,187.8,246.5,220.8,92.2,47.5,182,15.0,10.0,21,1.76,1
B202600578,2026-02-19,中班,A,T5,3,153.0,195.4,247.1,220.9,95.0,43.6,181,11.0,2.5,12,0.52,1
B202600579,2026-02-19,早班,A,,5,161.7,183.3,249.6,222.6,99.4,47.5,239,12.0,1.9,6,0.02,1
B202600580,2026-02-19,早班,C,T4,1,151.4,174.2,245.1,217.0,93.9,53.7,91,8.0,6.6,14,1.89,0
B202600581,2026-02-19,夜班,C,T4,2,148.1,185.9,246.6,221.8,96.3,45.1,97,5.0,6.6,7,4.26,0
B202600582,2026-02-19,早班,B,T4,3,157.3,190.1,247.7,217.9,90.3,52.3,197,5.0,4.2,5,0.03,1
B202600583,2026-02-19,夜班,B,T3,3,151.4,176.6,250.3,215.0,96.4,51.1,158,13.0,5.6,6,0.23,1
B202600584,2026-02-19,早班,B,T4,2,151.6,177.5,249.2,221.3,98.6,51.9,174,9.0,3.5,2,0.48,1
B202600585,2026-02-19,中班,B,T3,4,159.0,183.0,244.8,217.0,99.7,43.9,220,,5.9,0,1.86,1
B202600586,2026-02-19,早班,A,T4,1,155.1,181.2,245.6,217.7,89.9,45.3,91,4.0,1.2,7,1.63,1
B202600587,2026-02-19,早班,A,T3,1,152.0,182.0,246.7,222.1,96.0,48.6,195,3.0,0.6,23,1.38,1
B202600588,2026-02-19,早班,C,T4,5,150.4,181.0,241.9,223.3,96.5,53.7,100,9.0,7.1,43,2.72,0
B202600589,2026-02-20,中班,C,T3,4,159.3,193.0,248.6,223.0,95.2,44.4,194,9.0,9.0,4,1.25,1
B202600590,2026-02-20,夜班,C,T3,5,152.1,190.5,252.5,226.2,95.5,51.4,136,12.0,8.3,6,0.49,1
B202600591,2026-02-20,早班,A,T3,5,153.5,184.3,245.4,220.9,97.3,49.3,107,4.0,1.5,19,1.5,1
B202600592,2026-02-20,早班,D,T5,2,162.2,176.8,249.6,221.3,98.4,46.2,118,10.0,11.0,5,1.22,1
B202600593,2026-02-20,中班,D,T4,4,152.0,189.0,241.3,225.8,92.8,33.8,241,8.0,11.6,9,2.66,0
B202600594,2026-02-20,早班,D,T4,4,153.2,190.2,250.9,225.5,92.8,37.2,106,15.0,10.8,19,1.42,1
B202600595,2026-02-20,中班,A,T3,4,154.1,184.1,245.2,214.9,95.7,32.3,151,8.0,2.9,22,0.54,1
B202600596,2026-02-20,中班,B,T5,5,149.5,184.9,246.4,221.9,100.2,36.0,192,8.0,5.6,8,0.54,1
B202600597,2026-02-20,中班,B,T5,3,154.3,194.3,246.2,224.7,94.4,67.6,108,5.0,3.7,7,3.35,0
B202600598,2026-02-20,中班,D,T5,3,153.3,185.1,249.8,219.1,97.9,51.1,244,11.0,12.0,10,0.11,1
B202600599,2026-02-20,夜班,C,T3,2,149.7,176.2,244.4,217.1,92.4,30.9,165,3.0,8.8,22,4.02,0
B202600600,2026-02-20,早班,B,T3,2,149.6,192.2,247.3,221.7,98.0,50.1,140,6.0,4.7,10,1.15,1
B202600601,2026-02-21,中班,C,T5,2,156.3,189.1,249.9,221.1,95.7,41.6,192,10.0,6.0,13,1.47,1
B202600602,2026-02-21,中班,B,T4,5,143.4,181.6,242.2,217.6,91.8,39.3,189,2.0,3.9,21,1.3,0
B202600603,2026-02-21,早班,A,T5,1,151.1,187.5,247.1,217.5,89.8,55.0,88,7.0,0.8,18,0.86,1
B202600604,2026-02-21,早班,A,T3,4,159.3,185.0,248.8,221.5,94.7,46.3,90,7.0,1.1,14,1.09,1
B202600605,2026-02-21,中班,D,T5,2,161.9,186.8,248.5,217.4,91.6,51.1,175,7.0,9.3,41,2.47,0
B202600606,2026-02-21,早班,C,T5,5,158.3,181.0,248.1,,98.1,47.1,113,12.0,7.3,16,0.4,1
B202600607,2026-02-21,中班,D,T3,4,159.2,188.4,241.7,214.7,89.1,40.6,176,1.0,10.0,47,2.31,0
B202600608,2026-02-21,早班,B,T4,5,147.9,183.9,249.1,226.8,97.4,45.1,149,5.0,4.5,2,0.43,1
B202600609,2026-02-21,中班,B,T5,2,151.1,189.9,245.3,216.8,90.9,43.4,240,5.0,4.3,16,1.0,1
B202600610,2026-02-21,夜班,B,T3,1,152.0,176.9,246.0,222.1,94.0,55.3,150,1.0,3.2,47,4.29,0
B202600611,2026-02-21,夜班,D,T3,2,149.5,174.4,244.6,212.1,85.9,51.1,159,7.0,9.7,35,1.51,0
B202600612,2026-02-21,中班,A,T4,2,152.8,185.0,245.7,226.1,101.1,38.9,99,14.0,0.7,14,0.14,1
B202600613,2026-02-22,中班,B,T3,1,159.1,183.2,237.4,224.0,93.2,,136,5.0,4.3,17,2.18,0
B202600614,2026-02-22,夜班,C,T5,2,152.7,179.6,245.0,219.3,98.8,56.8,188,11.0,6.1,7,4.6,0
B202600615,2026-02-22,中班,C,T4,5,149.6,176.1,245.1,215.8,91.9,49.6,225,3.0,7.7,43,3.26,0
B202600616,2026-02-22,早班,A,T3,4,160.1,,247.2,211.9,98.7,46.2,115,12.0,1.4,2,0.81,1
B202600617,2026-02-22,夜班,C,T5,1,160.8,190.9,247.2,223.7,96.9,49.7,226,8.0,6.8,19,0.58,1
B202600618,2026-02-22,夜班,D,T5,2,159.1,182.5,245.2,214.4,90.6,36.0,147,9.0,10.6,26,1.68,0
B202600619,2026-02-22,夜班,B,T5,4,151.3,178.2,251.2,219.3,93.4,54.6,134,15.0,3.4,24,0.97,1
B202600620,2026-02-22,中班,A,T4,1,154.3,178.1,245.8,220.4,100.1,45.5,237,7.0,2.8,22,1.84,1
B202600621,2026-02-22,夜班,D,T4,2,145.0,181.9,245.3,221.0,97.1,51.6,201,8.0,10.8,26,2.12,0
B202600622,2026-02-22,夜班,C,T4,1,151.6,190.1,242.0,221.6,92.5,57.9,105,1.0,8.2,42,2.5,0
B202600623,2026-02-22,夜班,C,T5,2,158.7,170.5,237.3,225.6,95.4,46.9,219,2.0,7.9,29,4.2,0
B202600624,2026-02-22,早班,D,T4,3,153.8,185.2,251.1,222.9,93.9,40.7,160,3.0,11.9,16,0.01,1
B202600625,2026-02-23,早班,C,T4,1,157.9,178.7,250.1,210.3,85.5,38.1,119,8.0,8.0,20,3.72,0
B202600626,2026-02-23,夜班,C,T3,1,155.4,187.0,239.6,219.3,92.5,44.7,233,6.0,7.4,8,3.9,0
B202600627,2026-02-23,中班,A,T3,1,153.8,183.4,248.2,217.7,96.5,50.5,220,6.0,1.2,21,1.12,1
B202600628,2026-02-23,夜班,D,T4,1,149.9,183.0,241.3,218.9,93.1,47.0,244,8.0,9.5,38,1.95,0
B202600629,2026-02-23,中班,D,T3,1,156.2,172.8,242.0,211.5,91.3,48.6,173,8.0,10.7,46,5.91,0
B202600630,2026-02-23,中班,C,T5,1,154.9,180.7,247.1,223.0,95.9,51.6,113,10.0,7.4,23,0.86,1
B202600631,2026-02-23,早班,B,T4,1,158.8,186.6,242.4,219.7,93.6,46.4,203,13.0,4.8,21,0.09,1
B202600632,2026-02-23,早班,D,T3,1,158.1,186.0,247.7,219.1,97.4,59.0,140,,11.6,11,0.74,1
B202600633,2026-02-23,夜班,C,T5,1,156.9,183.5,241.7,214.0,93.6,44.0,144,4.0,8.0,24,2.06,0
B202600634,2026-02-23,早班,C,T5,4,152.7,182.8,246.6,217.6,91.2,44.3,241,10.0,6.8,0,0.36,1
B202600635,2026-02-23,早班,C,T3,3,,177.3,243.9,218.9,93.3,42.8,136,2.0,6.8,9,2.94,0
B202600636,2026-02-23,中班,A,T5,3,158.1,172.0,246.8,223.5,85.1,51.9,160,9.0,1.6,41,3.79,0
B202600637,2026-02-24,早班,C,T3,1,146.2,176.5,249.0,217.0,86.8,57.1,220,10.0,8.2,18,3.32,0
B202600638,2026-02-24,中班,D,T5,4,155.3,179.7,247.4,222.8,102.5,48.3,84,6.0,9.1,21,2.07,0
B202600639,2026-02-24,早班,A,T3,3,156.6,193.5,249.4,219.8,96.2,49.9,230,10.0,1.1,20,0.98,1
B202600640,2026-02-24,中班,D,T3,2,156.8,180.0,247.5,223.0,96.3,45.4,182,9.0,11.0,20,0.85,1
B202600641,2026-02-24,早班,D,T4,3,157.1,185.7,246.6,207.5,85.8,52.9,188,5.0,9.1,44,1.97,0
B202600642,2026-02-24,夜班,A,T4,4,157.1,175.3,248.3,219.7,95.0,39.0,178,3.0,3.0,12,1.86,1
B202600643,2026-02-24,中班,A,T4,2,160.6,187.4,249.5,224.8,92.5,46.0,193,15.0,1.2,1,1.1,1
B202600644,2026-02-24,夜班,A,T4,5,151.1,185.3,247.1,219.5,97.9,47.6,185,8.0,1.7,23,0.47,1
B202600645,2026-02-24,中班,B,T4,1,156.9,174.3,247.1,216.1,92.5,49.1,184,4.0,3.7,2,0.63,1
B202600646,2026-02-24,中班,C,T5,1,157.0,184.8,251.0,220.2,96.1,47.6,132,11.0,7.9,10,1.43,1
B202600647,2026-02-24,早班,C,T4,1,149.2,177.6,246.0,217.8,93.9,50.0,215,2.0,8.7,41,3.54,0
B202600648,2026-02-24,中班,B,T5,2,157.6,176.8,247.6,216.9,91.6,42.6,199,9.0,4.6,19,2.06,1
B202600649,2026-02-25,夜班,D,T5,2,147.0,185.0,241.1,213.8,90.2,44.0,129,9.0,10.7,29,3.4,0
B202600650,2026-02-25,早班,B,T4,3,149.7,180.7,246.0,225.2,96.8,43.0,81,14.0,4.5,6,1.84,1
B202600651,2026-02-25,夜班,C,T3,2,,183.7,239.0,,84.0,49.9,177,4.0,8.1,31,1.5,0
B202600652,2026-02-25,夜班,D,T4,2,141.2,181.2,236.5,217.2,92.9,64.3,105,1.0,9.1,17,4.14,0
B202600653,2026-02-25,夜班,A,T3,2,156.0,180.0,244.7,217.3,90.5,40.9,226,12.0,1.2,7,0.76,1
B202600654,2026-02-25,早班,D,T4,3,158.3,188.9,249.1,222.0,98.2,49.3,178,15.0,9.6,13,1.13,1
B202600655,2026-02-25,夜班,D,T4,3,144.7,178.0,245.2,215.5,99.5,46.3,206,7.0,9.1,27,2.6,0
B202600656,2026-02-25,早班,B,T3,1,161.7,177.8,250.7,216.1,96.0,43.9,240,3.0,3.9,17,1.06,1
B202600657,2026-02-25,中班,B,T3,5,149.7,,234.9,220.6,91.5,56.6,245,6.0,3.6,14,2.57,0
B202600658,2026-02-25,早班,D,T5,4,144.9,185.8,240.0,220.7,82.6,49.6,245,5.0,9.6,21,2.17,0
B202600659,2026-02-25,早班,C,T5,1,162.7,180.9,236.0,216.2,91.7,48.2,209,6.0,6.5,32,1.06,0
B202600660,2026-02-25,夜班,D,T3,1,148.7,194.1,242.1,221.4,95.7,59.7,183,11.0,10.4,13,4.03,0
B202600661,2026-02-26,中班,A,T3,3,158.7,181.3,250.7,219.5,89.9,45.8,225,3.0,1.0,12,1.23,1
B202600662,2026-02-26,中班,D,T3,5,152.7,179.5,242.4,218.9,95.7,47.7,232,10.0,10.6,45,1.8,0
B202600663,2026-02-26,夜班,C,T4,1,164.0,188.5,249.2,219.7,98.7,51.2,141,,7.9,8,0.19,1
B202600664,2026-02-26,中班,B,T5,2,153.6,190.9,244.2,223.4,88.5,43.5,119,8.0,3.9,5,1.07,1
B202600665,2026-02-26,夜班,D,T4,2,154.2,180.2,248.0,220.2,93.1,59.2,116,6.0,10.5,27,2.71,0
B202600666,2026-02-26,中班,A,T3,1,147.1,176.4,248.0,217.8,96.7,39.3,206,10.0,2.6,16,0.06,1
B202600667,2026-02-26,夜班,A,T4,5,157.0,180.2,246.7,219.7,95.7,39.9,131,12.0,2.9,18,1.52,1
B202600668,2026-02-26,夜班,A,T5,2,150.0,181.4,235.0,225.2,88.6,46.3,91,1.0,1.0,34,2.09,0
B202600669,2026-02-26,夜班,A,T4,3,148.5,181.3,245.6,215.7,98.7,42.9,106,2.0,1.3,38,2.77,0
B202600670,2026-02-26,夜班,B,T4,2,156.7,184.5,247.5,217.4,94.1,48.8,179,7.0,4.5,4,1.92,1
B202600671,2026-02-26,夜班,D,T4,4,147.4,185.1,238.0,215.7,86.1,57.2,215,6.0,11.4,42,1.52,0
B202600672,2026-02-26,夜班,A,T4,3,154.7,183.3,240.5,223.7,90.0,45.6,163,4.0,1.9,38,3.93,0
B202600673,2026-02-27,中班,D,T5,4,152.2,180.6,240.2,216.3,100.9,40.7,201,5.0,9.2,41,3.93,0
B202600674,2026-02-27,中班,B,T3,2,156.6,,249.7,216.4,92.7,55.1,219,13.0,5.4,23,1.61,1
B202600675,2026-02-27,中班,D,T5,2,156.7,193.5,247.5,219.6,101.1,43.8,129,7.0,10.1,22,1.51,1
B202600676,2026-02-27,早班,A,T4,5,159.2,175.0,,220.0,91.1,43.5,128,15.0,2.1,4,0.69,1
B202600677,2026-02-27,中班,B,T3,1,157.5,182.5,250.5,217.7,93.7,52.9,171,5.0,3.5,16,0.23,1
B202600678,2026-02-27,早班,B,T4,2,163.6,178.0,243.7,218.4,95.4,49.0,177,,4.3,13,1.8,1
B202600679,2026-02-27,早班,B,T4,5,153.3,188.6,249.1,218.7,92.6,42.4,197,11.0,4.7,24,1.13,1
B202600680,2026-02-27,中班,B,T4,1,154.0,189.3,246.0,221.7,99.7,31.0,169,,4.4,6,0.09,1
B202600681,2026-02-27,中班,D,T4,4,156.9,183.4,248.6,219.1,97.5,49.9,141,4.0,11.1,14,1.62,1
B202600682,2026-02-27,夜班,A,T3,1,156.3,188.5,247.6,218.5,89.2,47.2,236,15.0,1.9,11,2.42,1
B202600683,2026-02-27,早班,A,T5,2,151.1,188.0,238.4,213.7,86.5,54.6,160,6.0,1.2,15,2.45,0
B202600684,2026-02-27,早班,B,T4,1,157.4,179.0,249.4,219.9,93.4,45.4,161,4.0,5.6,23,1.47,1
B202600685,2026-02-28,中班,C,T4,2,156.7,188.0,246.1,221.5,93.7,42.4,148,11.0,8.9,9,0.13,1
B202600686,2026-02-28,夜班,C,T4,1,154.2,184.0,241.3,211.4,98.4,46.3,230,5.0,8.3,6,4.35,0
B202600687,2026-02-28,夜班,D,T5,3,155.0,182.5,241.5,218.3,93.7,56.9,165,1.0,9.4,18,3.3,0
B202600688,2026-02-28,中班,A,T5,1,155.9,188.8,251.7,217.7,96.5,51.8,239,12.0,1.3,3,0.42,1
B202600689,2026-02-28,中班,D,T5,3,161.5,188.2,249.2,221.8,94.2,39.0,112,15.0,9.5,14,0.05,1
B202600690,2026-02-28,夜班,D,T4,3,143.7,183.1,243.7,213.3,93.6,54.0,202,3.0,9.6,49,3.28,0
B202600691,2026-02-28,中班,A,T3,5,159.5,176.1,245.9,218.6,96.3,48.4,116,10.0,1.8,3,0.9,1
B202600692,2026-02-28,中班,A,T5,2,159.4,185.6,251.4,215.5,95.5,51.4,102,14.0,1.1,15,0.41,1
B202600693,2026-02-28,夜班,B,T4,3,152.4,186.8,249.9,215.7,87.9,49.3,235,9.0,5.0,19,2.58,0
B202600694,2026-02-28,夜班,A,T5,3,154.6,174.2,245.4,218.1,96.8,56.1,229,13.0,0.9,6,0.36,1
B202600695,2026-02-28,中班,D,T4,1,153.1,175.0,242.8,,96.7,42.1,209,7.0,9.7,32,2.03,0
B202600696,2026-02-28,中班,C,T4,3,146.2,186.3,242.6,218.8,87.2,40.4,245,5.0,8.3,39,1.56,0
B202600697,2026-03-01,中班,D,T4,2,149.8,179.0,243.4,219.6,92.0,40.3,127,5.0,11.2,5,2.02,0
B202600698,2026-03-01,中班,C,T4,1,163.7,188.6,245.4,220.9,95.9,49.5,186,11.0,6.3,0,0.54,1
B202600699,2026-03-01,夜班,B,T5,2,151.8,179.8,251.2,220.2,87.4,50.6,215,4.0,5.8,7,4.05,0
B202600700,2026-03-01,夜班,B,T4,4,142.3,,236.8,221.8,87.5,42.7,215,10.0,3.6,31,3.49,0
B202600701,2026-03-01,早班,D,T4,3,158.7,190.0,245.4,223.9,91.9,48.4,133,3.0,12.0,10,0.31,1
B202600702,2026-03-01,早班,D,T5,5,151.4,181.6,244.5,221.3,93.7,54.6,197,4.0,11.2,14,1.03,1
B202600703,2026-03-01,夜班,B,T5,1,152.2,189.3,240.7,222.7,89.4,46.2,114,6.0,4.6,19,3.03,0
B202600704,2026-03-01,早班,C,T4,1,156.2,184.9,245.9,217.3,98.3,42.1,135,13.0,7.9,13,1.1,1
B202600705,2026-03-01,夜班,B,T4,1,153.2,183.5,,218.2,93.7,49.0,200,9.0,4.0,22,1.53,1
B202600706,2026-03-01,早班,B,T4,1,145.8,185.5,249.3,217.5,90.9,40.8,139,6.0,3.7,1,1.47,1
B202600707,2026-03-01,中班,A,T3,1,155.8,181.3,248.7,217.2,99.7,42.1,124,7.0,1.5,5,1.25,1
B202600708,2026-03-01,中班,B,T5,1,158.7,187.4,252.5,212.2,93.7,41.7,208,,3.8,0,0.9,1
B202600709,2026-03-02,早班,B,T5,2,155.8,175.0,251.0,227.0,90.3,46.1,144,11.0,5.5,7,0.73,1
B202600710,2026-03-02,中班,A,T4,2,165.0,181.7,253.5,221.1,91.4,46.2,225,12.0,1.5,3,0.09,1
B202600711,2026-03-02,中班,A,T4,2,158.3,182.2,251.2,223.2,100.6,49.3,138,10.0,1.9,4,1.54,1
B202600712,2026-03-02,中班,D,T5,1,156.9,179.1,243.1,225.4,94.7,,155,7.0,11.7,19,1.49,0
B202600713,2026-03-02,早班,D,T4,3,159.5,177.8,248.4,,96.6,50.6,168,8.0,10.5,11,0.73,1
B202600714,2026-03-02,夜班,A,T5,4,141.6,182.3,238.6,221.6,79.9,48.0,82,8.0,2.3,35,4.48,0
B202600715,2026-03-02,早班,B,T5,1,151.6,186.3,246.2,218.8,90.3,43.4,107,10.0,4.3,20,0.53,1
B202600716,2026-03-02,夜班,A,T3,2,156.9,182.0,249.3,216.7,93.2,42.3,113,14.0,1.6,21,1.03,1
B202600717,2026-03-02,中班,C,T3,5,146.1,191.9,245.9,214.7,93.6,54.7,114,4.0,8.9,24,4.21,0
B202600718,2026-03-02,早班,D,T5,4,155.4,180.4,237.1,224.2,97.4,41.2,166,4.0,10.3,48,3.26,0
B202600719,2026-03-02,中班,B,T3,5,157.6,183.0,235.5,218.0,88.5,52.1,233,11.0,5.0,9,3.03,0
B202600720,2026-03-02,中班,A,T3,5,158.5,182.4,246.0,221.7,90.5,45.2,105,6.0,1.2,13,0.94,1
B202600721,2026-03-03,早班,C,T4,1,165.6,189.9,240.6,,88.4,67.6,137,7.0,7.6,21,1.38,0
B202600722,2026-03-03,早班,C,T4,5,150.8,180.0,240.8,218.2,89.6,40.0,195,7.0,8.9,10,4.74,0
B202600723,2026-03-03,夜班,A,T3,2,162.3,188.6,241.6,219.8,91.8,42.5,119,7.0,2.9,25,2.94,0
B202600724,2026-03-03,夜班,B,T5,3,154.2,182.5,243.5,217.3,92.3,64.4,128,1.0,4.4,16,0.66,0
B202600725,2026-03-03,早班,D,T3,1,149.2,182.1,245.5,218.6,90.1,,152,7.0,10.9,14,3.37,0
B202600726,2026-03-03,早班,B,T4,1,150.1,182.3,243.6,213.6,86.7,46.7,230,1.0,5.7,33,2.98,0
B202600727,2026-03-03,早班,A,T4,1,151.0,185.4,242.0,218.2,85.6,29.6,194,6.0,1.8,46,3.19,0
B202600728,2026-03-03,早班,A,T4,3,148.8,186.8,246.2,223.3,99.0,50.8,95,2.0,1.2,21,3.55,0
B202600729,2026-03-03,中班,C,T4,2,155.7,190.1,245.1,215.1,89.3,42.9,228,12.0,7.7,12,1.01,1
B202600730,2026-03-03,早班,A,T4,2,152.4,185.3,246.1,226.4,96.9,42.2,138,14.0,1.4,8,1.36,1
B202600731,2026-03-03,早班,B,T5,4,162.9,182.5,248.3,217.2,100.0,,126,13.0,4.3,16,1.28,1
B202600732,2026-03-03,夜班,C,T4,4,150.7,191.2,238.3,214.1,86.0,46.7,229,8.0,8.7,34,2.93,0
B202600733,2026-03-04,早班,C,T4,2,146.2,194.2,237.5,217.1,95.9,,114,10.0,6.9,17,4.4,0
B202600734,2026-03-04,中班,D,T4,5,151.4,186.8,245.8,,89.7,42.2,213,14.0,9.1,0,1.35,1
B202600735,2026-03-04,中班,C,T5,1,150.1,189.4,248.0,220.9,90.5,49.4,180,8.0,8.6,8,2.11,1
B202600736,2026-03-04,早班,C,T5,1,153.8,194.3,252.5,225.6,94.1,47.3,241,11.0,9.0,5,1.02,1
B202600737,2026-03-04,中班,D,T4,3,162.2,193.8,248.0,220.5,87.1,45.0,207,,10.6,21,0.61,1
B202600738,2026-03-04,早班,A,T5,2,159.7,177.5,238.2,223.5,80.3,46.6,121,1.0,1.4,11,3.2,0
B202600739,2026-03-04,夜班,C,T4,5,151.4,,238.3,221.5,85.2,52.6,191,6.0,6.3,45,3.75,0
B202600740,2026-03-04,早班,A,T3,3,153.2,185.0,247.4,216.8,98.0,48.5,104,15.0,0.5,9,1.56,1
B202600741,2026-03-04,夜班,C,T4,2,,179.3,236.1,219.7,105.1,48.8,133,1.0,6.5,49,2.54,0
B202600742,2026-03-04,中班,A,T4,4,154.3,190.0,244.1,220.3,90.4,43.2,88,4.0,1.1,6,1.56,1
B202600743,2026-03-04,夜班,D,T5,5,,180.0,236.7,219.1,97.1,58.1,109,4.0,10.9,21,3.69,0
B202600744,2026-03-04,中班,C,T4,1,155.4,190.5,251.2,216.3,93.8,52.4,248,6.0,6.5,10,1.34,1
B202600745,2026-03-05,夜班,B,T5,3,147.9,187.7,243.0,221.4,95.5,,97,7.0,5.5,34,3.02,0
B202600746,2026-03-05,早班,D,T5,2,156.9,180.0,249.4,219.1,89.9,40.9,204,4.0,9.1,23,1.02,1
B202600747,2026-03-05,夜班,D,T4,1,148.8,184.9,236.8,217.5,97.5,47.3,143,6.0,11.9,22,2.78,0
B202600748,2026-03-05,夜班,B,T4,1,149.9,184.1,249.0,218.2,92.8,37.9,249,5.0,4.6,21,1.08,1
B202600749,2026-03-05,早班,B,T3,3,164.3,183.2,246.4,221.2,101.9,40.4,136,9.0,4.6,12,1.47,1
B202600750,2026-03-05,夜班,A,T5,2,148.9,181.4,238.3,213.7,82.0,39.3,183,10.0,2.6,32,2.79,0
B202600751,2026-03-05,夜班,C,T4,2,161.3,185.3,240.1,225.7,90.1,50.6,191,8.0,6.5,11,2.41,0
B202600752,2026-03-05,夜班,B,T5,1,160.6,183.5,246.2,216.8,97.8,43.0,209,11.0,3.5,16,0.69,1
B202600753,2026-03-05,夜班,D,T4,2,154.3,180.5,246.2,211.3,101.1,48.3,117,6.0,9.3,36,4.64,0
B202600754,2026-03-05,早班,C,T4,2,152.5,179.7,247.6,222.0,90.0,50.4,156,3.0,7.0,0,1.97,1
B202600755,2026-03-05,夜班,D,T4,2,153.6,189.0,248.5,220.0,94.8,48.0,114,11.0,11.9,14,0.95,1
B202600756,2026-03-05,夜班,A,T5,1,149.0,185.4,248.7,218.7,104.8,43.8,119,12.0,2.8,3,1.9,1
B202600757,2026-03-06,早班,A,T4,2,154.8,179.2,245.9,222.9,90.1,46.9,156,7.0,1.5,27,1.6,0
B202600758,2026-03-06,夜班,D,T4,5,147.2,178.9,243.1,216.3,87.4,,135,4.0,11.6,16,2.82,0
B202600759,2026-03-06,夜班,C,T3,1,156.9,182.2,237.9,224.1,100.5,45.8,101,11.0,8.3,13,2.81,0
B202600760,2026-03-06,夜班,A,T4,3,148.7,193.8,235.8,218.1,80.4,45.5,210,2.0,1.0,13,3.8,0
B202600761,2026-03-06,早班,C,T3,1,147.5,,241.8,224.1,91.5,34.3,177,7.0,8.7,43,3.18,0
B202600762,2026-03-06,夜班,B,T5,2,153.2,182.1,241.3,221.5,89.2,35.3,112,10.0,3.1,22,4.23,0
B202600763,2026-03-06,中班,D,T5,1,145.7,191.1,246.6,220.8,91.9,45.6,166,5.0,10.4,7,0.54,1
B202600764,2026-03-06,夜班,D,T4,3,151.8,185.0,244.1,219.4,91.0,41.0,124,7.0,10.5,45,3.5,0
B202600765,2026-03-06,早班,B,T4,2,144.4,181.3,237.3,213.5,84.0,55.7,193,3.0,4.4,31,2.94,0
B202600766,2026-03-06,中班,A,T5,2,153.8,184.3,247.7,220.1,88.8,46.3,219,9.0,0.6,9,0.16,1
B202600767,2026-03-06,中班,A,T3,1,154.7,178.7,244.5,222.1,93.8,50.0,126,4.0,2.9,0,0.89,1
B202600768,2026-03-06,早班,D,T4,5,153.2,174.8,245.3,223.0,93.0,41.5,158,,9.9,16,5.36,0
B202600769,2026-03-07,早班,B,T5,1,155.9,186.7,244.3,219.6,96.3,47.2,159,4.0,4.7,12,1.09,1
B202600770,2026-03-07,中班,A,T4,5,154.9,191.1,250.4,222.6,98.4,47.3,229,9.0,2.2,14,1.79,1
B202600771,2026-03-07,中班,D,T3,2,148.9,175.2,250.0,223.5,94.1,55.6,198,7.0,10.7,46,4.79,0
B202600772,2026-03-07,夜班,D,T4,1,154.7,190.4,241.0,220.3,97.7,52.5,95,10.0,10.2,33,3.06,0
B202600773,2026-03-07,夜班,B,T4,2,160.2,179.0,248.9,214.2,101.4,43.1,91,,4.7,23,0.25,1
B202600774,2026-03-07,夜班,B,T4,1,157.8,188.1,245.2,215.9,87.3,43.6,143,8.0,5.9,14,1.76,1
B202600775,2026-03-07,中班,A,T5,1,152.2,180.1,250.5,215.2,95.4,47.6,127,15.0,2.5,4,0.41,1
B202600776,2026-03-07,早班,D,T3,3,160.5,197.1,251.7,219.1,92.3,38.1,96,13.0,10.1,2,0.43,1
B202600777,2026-03-07,夜班,C,T3,3,151.7,182.4,235.7,215.3,92.6,55.1,188,11.0,6.1,27,1.39,0
B202600778,2026-03-07,早班,B,T5,2,153.2,188.5,252.2,221.5,91.6,40.7,241,8.0,3.2,3,1.49,1
B202600779,2026-03-07,中班,D,T3,2,155.7,181.6,241.6,218.7,98.3,48.5,199,9.0,9.3,16,1.86,0
B202600780,2026-03-07,夜班,A,T4,2,155.3,190.4,233.6,224.8,97.8,63.7,164,3.0,2.3,26,2.62,0
B202600781,2026-03-08,夜班,B,T3,5,159.5,180.8,242.0,223.1,95.1,51.5,207,4.0,3.6,39,4.82,0
B202600782,2026-03-08,中班,B,T5,1,156.4,182.3,240.3,216.7,83.3,47.7,134,10.0,3.1,23,5.02,0
B202600783,2026-03-08,夜班,D,T3,4,151.2,176.7,240.6,221.1,86.1,51.6,99,10.0,11.0,17,3.78,0
B202600784,2026-03-08,中班,C,T4,1,159.6,,244.9,217.8,96.9,41.7,147,13.0,8.1,11,0.68,1
B202600785,2026-03-08,中班,A,T4,4,152.8,179.9,248.4,222.5,92.7,48.9,204,3.0,2.3,1,0.83,1
B202600786,2026-03-08,早班,B,T4,1,145.6,190.0,238.8,226.1,92.1,43.3,131,5.0,3.9,27,4.71,0
B202600787,2026-03-08,中班,B,T4,3,144.6,183.8,240.9,222.8,96.3,46.9,181,1.0,5.0,33,4.01,0
B202600788,2026-03-08,夜班,C,T3,3,157.1,178.4,245.2,218.6,84.8,41.9,229,6.0,7.6,40,1.78,0
B202600789,2026-03-08,早班,C,T4,4,154.8,182.1,247.6,220.2,98.8,54.0,157,,6.5,0,1.05,1
B202600790,2026-03-08,中班,A,T3,1,152.3,176.6,246.8,220.4,90.3,39.3,150,7.0,0.7,17,0.95,1
B202600791,2026-03-08,中班,C,T3,1,154.0,190.3,250.6,216.6,95.8,39.1,219,3.0,8.4,11,0.24,1
B202600792,2026-03-08,中班,C,T5,3,147.6,,242.7,218.2,97.3,36.3,183,12.0,7.7,3,0.49,1
B202600793,2026-03-09,中班,B,T5,2,159.7,184.7,247.3,221.5,94.0,49.4,218,4.0,5.9,14,1.48,1
B202600794,2026-03-09,夜班,D,T4,2,155.5,193.5,250.7,219.2,94.5,46.1,211,8.0,10.2,2,0.72,1
B202600795,2026-03-09,早班,A,T4,2,148.9,192.4,246.9,217.9,93.4,50.3,92,9.0,0.6,44,1.51,0
B202600796,2026-03-09,中班,B,T4,3,150.2,185.3,239.3,222.9,84.4,46.4,233,9.0,3.4,28,3.56,0
B202600797,2026-03-09,夜班,C,T4,2,155.4,181.1,250.0,220.3,97.5,53.1,138,5.0,6.9,17,2.2,1
B202600798,2026-03-09,夜班,C,T5,5,146.8,186.7,242.6,221.1,92.8,53.9,174,9.0,7.9,8,3.94,0
B202600799,2026-03-09,早班,A,T4,5,151.6,185.1,249.2,219.4,92.2,34.8,215,9.0,0.7,11,0.74,1
B202600800,2026-03-09,夜班,C,T3,1,154.7,188.7,250.8,221.7,94.0,50.8,198,14.0,6.6,4,0.04,1
B202600801,2026-03-09,早班,D,T3,4,150.0,173.9,237.5,216.9,89.1,53.5,105,2.0,9.0,47,1.71,0
B202600802,2026-03-09,夜班,A,T4,4,151.0,180.9,241.2,219.7,91.3,49.8,115,5.0,2.3,40,1.2,0
B202600803,2026-03-09,夜班,D,T3,2,151.0,185.5,243.3,210.9,85.1,36.6,114,10.0,11.2,10,0.97,0
B202600804,2026-03-09,夜班,B,T4,1,156.1,186.2,249.5,225.3,101.5,51.6,163,9.0,3.7,7,1.44,1
B202600805,2026-03-10,早班,A,T5,4,154.4,187.5,246.1,216.4,100.7,43.9,131,,2.1,5,1.29,1
B202600806,2026-03-10,早班,B,T4,3,159.0,183.2,245.4,219.8,98.8,40.3,89,8.0,4.3,10,0.05,1
B202600807,2026-03-10,夜班,C,T4,1,143.4,179.8,239.8,215.0,88.7,51.2,204,1.0,8.0,22,1.84,0
B202600808,2026-03-10,夜班,D,T3,2,147.7,179.3,239.1,220.8,90.1,31.2,97,8.0,10.1,39,2.03,0
B202600809,2026-03-10,夜班,C,T5,3,152.8,181.9,244.2,222.6,93.2,58.4,204,4.0,6.3,20,3.03,0
B202600810,2026-03-10,夜班,D,T3,3,146.7,180.3,238.5,219.0,97.9,50.4,215,6.0,10.8,38,2.43,0
B202600811,2026-03-10,早班,C,T4,5,150.0,185.1,245.9,221.9,90.7,50.3,192,5.0,6.2,15,0.77,1
B202600812,2026-03-10,早班,A,T4,4,146.6,182.5,239.4,224.3,78.6,47.0,115,3.0,2.2,27,2.89,0
B202600813,2026-03-10,中班,C,T4,1,163.9,181.7,249.9,219.2,88.1,63.3,124,1.0,7.5,32,3.59,0
B202600814,2026-03-10,中班,C,T3,4,156.3,173.1,251.2,218.8,92.6,46.1,153,15.0,8.4,20,1.44,1
B202600815,2026-03-10,中班,B,T3,3,161.4,181.9,247.1,225.0,96.8,37.9,108,12.0,3.6,5,1.77,1
B202600816,2026-03-10,中班,D,T5,2,157.3,185.2,245.4,221.2,97.9,38.4,129,5.0,11.7,0,1.56,1
B202600817,2026-03-11,夜班,B,T4,2,151.6,176.9,240.3,209.4,89.2,50.7,135,5.0,5.9,39,2.28,0
B202600818,2026-03-11,夜班,D,T4,3,154.1,,243.0,222.0,88.9,38.3,85,9.0,9.4,24,3.64,0
B202600819,2026-03-11,早班,C,T4,3,158.1,181.6,247.6,218.8,90.9,46.9,97,10.0,7.1,16,1.98,1
B202600820,2026-03-11,夜班,A,T4,2,157.3,186.2,242.1,223.5,90.6,58.8,154,5.0,0.6,49,2.92,0
B202600821,2026-03-11,早班,B,T3,3,156.8,183.7,249.2,216.8,96.0,52.1,178,13.0,3.8,3,0.13,1
B202600822,2026-03-11,夜班,D,T3,4,156.0,,242.5,211.9,93.1,63.3,248,1.0,10.0,31,1.66,0
B202600823,2026-03-11,早班,C,T3,1,151.7,185.9,252.2,219.8,95.0,44.7,224,14.0,6.6,4,0.64,1
B202600824,2026-03-11,夜班,D,T4,4,151.4,181.8,242.1,222.0,94.8,52.2,148,,10.8,18,1.96,0
B202600825,2026-03-11,中班,C,T4,2,154.8,183.8,248.8,224.4,92.9,42.5,197,9.0,7.2,19,1.09,1
B202600826,2026-03-11,中班,C,T4,4,154.1,178.4,248.3,219.6,95.0,46.6,249,3.0,7.8,22,1.42,1
B202600827,2026-03-11,早班,C,T5,4,151.8,193.5,249.4,215.7,91.7,40.7,203,7.0,6.5,19,1.68,1
B202600828,2026-03-11,中班,A,T5,3,157.1,175.1,240.5,217.9,93.0,40.9,166,,2.1,29,3.21,0
B202600829,2026-03-12,中班,A,T4,5,153.8,170.4,238.6,217.6,98.8,45.1,247,9.0,2.1,36,3.71,0
B202600830,2026-03-12,中班,D,T3,3,158.5,191.2,250.0,218.8,97.0,,148,3.0,11.4,10,0.43,1
B202600831,2026-03-12,早班,D,T5,1,,187.6,242.2,216.2,93.7,55.1,182,5.0,9.8,46,3.39,0
B202600832,2026-03-12,早班,D,T4,1,154.2,189.7,249.1,215.9,96.3,41.5,161,9.0,10.5,12,0.06,1
B202600833,2026-03-12,中班,D,T4,4,147.5,179.2,247.8,226.3,89.2,42.6,99,9.0,11.0,7,1.3,1
B202600834,2026-03-12,中班,C,T5,3,156.2,192.5,249.0,212.7,93.8,57.9,218,5.0,8.8,22,1.46,1
B202600835,2026-03-12,中班,D,T4,2,153.5,,249.8,224.3,97.3,43.2,107,7.0,11.8,20,1.45,1
B202600836,2026-03-12,早班,A,T3,2,161.6,184.9,247.7,,95.4,43.7,184,9.0,2.3,13,0.13,1
B202600837,2026-03-12,中班,A,T4,4,151.6,181.9,245.6,220.1,98.6,47.8,113,11.0,1.5,43,3.17,0
B202600838,2026-03-12,夜班,C,T4,1,154.7,182.3,245.9,213.6,95.8,44.5,133,12.0,6.5,4,0.33,1
B202600839,2026-03-12,早班,B,T4,3,162.8,167.6,,224.9,87.1,51.1,129,4.0,5.7,15,2.38,0
B202600840,2026-03-12,夜班,D,T5,4,151.5,190.8,249.7,224.8,95.7,44.8,104,11.0,9.2,10,0.86,1
B202600841,2026-03-13,中班,B,T4,1,155.7,189.2,249.9,218.3,91.0,44.5,222,13.0,3.0,5,1.26,1
B202600842,2026-03-13,中班,A,T5,1,153.8,184.1,246.6,216.5,90.2,48.1,236,,0.8,16,1.43,1
B202600843,2026-03-13,早班,A,T3,3,151.2,193.1,246.1,220.3,94.2,,92,6.0,1.8,20,1.76,1
B202600844,2026-03-13,早班,B,T4,1,158.9,184.7,247.9,222.8,88.2,50.5,82,9.0,5.1,22,0.31,1
B202600845,2026-03-13,早班,B,T3,5,145.7,190.6,241.9,218.3,91.5,56.5,177,5.0,5.7,34,4.74,0
B202600846,2026-03-13,早班,A,T4,1,153.4,183.2,246.0,216.3,93.2,50.7,201,4.0,2.2,20,2.57,0
B202600847,2026-03-13,早班,A,T4,2,159.9,184.5,245.4,222.0,91.3,41.6,139,3.0,0.6,23,1.74,1
B202600848,2026-03-13,中班,C,T3,3,155.1,184.6,245.9,222.6,92.0,41.5,235,5.0,6.0,6,0.26,1
B202600849,2026-03-13,中班,D,T4,2,156.7,184.5,242.7,219.0,87.1,49.8,219,11.0,10.6,35,3.27,0
B202600850,2026-03-13,夜班,A,T5,1,151.3,177.8,248.6,222.7,96.6,43.6,113,15.0,1.7,1,1.09,1
B202600851,2026-03-13,早班,A,T5,3,153.7,190.3,247.4,223.3,91.8,46.1,195,12.0,2.3,14,1.29,1
B202600852,2026-03-13,夜班,D,T3,5,150.4,185.2,241.4,211.2,94.8,38.8,83,8.0,10.5,43,1.95,0
B202600853,2026-03-14,中班,B,T5,4,,190.5,244.1,217.1,98.2,38.7,126,14.0,3.2,4,1.3,1
B202600854,2026-03-14,中班,B,T4,3,158.4,188.8,247.3,222.9,97.5,51.2,107,5.0,5.7,24,1.45,1
B202600855,2026-03-14,早班,A,T3,5,151.8,,250.1,220.8,92.7,40.3,227,7.0,2.3,1,1.03,1
B202600856,2026-03-14,夜班,B,T3,1,153.9,181.4,250.6,218.3,94.5,44.3,182,13.0,3.2,7,1.29,1
B202600857,2026-03-14,中班,C,T3,2,153.7,177.6,244.5,219.7,93.6,,138,1.0,7.1,5,0.55,0
B202600858,2026-03-14,早班,B,T4,2,155.4,181.5,245.5,218.6,93.8,56.7,216,2.0,3.9,26,2.39,0
B202600859,2026-03-14,中班,A,T4,2,153.3,188.1,250.1,217.6,88.5,,220,14.0,0.6,17,0.73,1
B202600860,2026-03-14,夜班,A,T5,3,154.8,186.1,252.1,217.6,100.8,42.9,240,6.0,1.8,13,0.82,1
B202600861,2026-03-14,夜班,D,T4,1,163.6,189.7,239.5,216.0,87.4,45.6,183,11.0,10.9,45,2.39,0
B202600862,2026-03-14,夜班,C,T3,4,147.0,183.2,245.0,226.8,90.4,50.7,232,10.0,7.6,38,2.31,0
B202600863,2026-03-14,中班,A,T4,1,151.9,182.0,,220.5,99.7,41.2,175,7.0,1.0,18,1.86,1
B202600864,2026-03-14,中班,C,T4,2,161.5,184.4,245.9,218.0,96.4,47.8,106,8.0,8.0,9,0.97,1
B202600865,2026-03-15,夜班,C,T3,4,155.0,189.4,241.6,215.1,82.2,53.7,241,4.0,8.7,24,1.7,0
B202600866,2026-03-15,中班,C,T4,1,154.7,187.3,245.3,216.2,100.6,36.4,193,,8.8,22,1.19,1
B202600867,2026-03-15,早班,D,T3,5,146.1,187.0,243.6,229.0,87.3,49.2,154,6.0,10.3,32,4.68,0
B202600868,2026-03-15,夜班,A,T4,2,150.5,182.3,251.4,222.0,98.0,42.4,196,11.0,3.0,5,0.82,1
B202600869,2026-03-15,夜班,C,T3,2,157.3,180.9,251.0,,96.9,49.3,114,7.0,6.6,16,0.45,1
B202600870,2026-03-15,中班,C,T4,4,147.8,192.4,245.9,221.4,98.9,40.3,211,7.0,6.4,1,0.49,1
B202600871,2026-03-15,夜班,B,T3,2,153.7,181.6,243.9,212.3,82.0,58.6,105,4.0,4.7,9,1.77,0
B202600872,2026-03-15,夜班,B,T5,2,148.9,180.3,249.9,220.2,94.1,39.8,101,15.0,3.5,5,1.4,1
B202600873,2026-03-15,中班,B,T3,4,153.5,198.0,253.4,218.2,95.1,48.0,213,,4.2,21,0.52,1
B202600874,2026-03-15,夜班,C,T5,3,152.0,178.1,248.9,222.8,98.8,47.8,147,6.0,8.5,22,0.87,1
B202600875,2026-03-15,早班,A,T4,4,152.9,184.7,245.9,220.2,97.5,46.2,222,5.0,2.0,20,0.21,1
B202600876,2026-03-15,中班,A,T4,1,151.4,179.8,246.8,221.0,92.3,28.6,147,6.0,0.9,9,1.07,1
B202600877,2026-03-16,夜班,B,T5,2,150.4,177.3,249.8,216.9,100.2,43.3,96,14.0,3.1,19,1.3,1
B202600878,2026-03-16,夜班,C,T4,2,147.7,174.3,239.6,216.1,92.3,48.6,155,2.0,7.1,35,3.84,0
B202600879,2026-03-16,早班,C,T3,3,149.4,189.8,244.0,217.1,96.4,51.0,138,15.0,7.7,22,0.88,1
B202600880,2026-03-16,早班,A,T3,2,160.9,180.4,247.2,217.1,102.1,42.0,162,12.0,2.2,22,1.71,1
B202600881,2026-03-16,中班,A,T3,3,151.3,187.9,245.2,220.4,95.5,,138,4.0,2.1,2,0.76,1
B202600882,2026-03-16,中班,D,T4,1,153.3,180.3,238.4,220.9,90.0,32.8,219,4.0,10.0,36,3.52,0
B202600883,2026-03-16,夜班,B,T4,3,145.2,183.8,240.6,221.7,95.2,53.4,180,10.0,3.8,6,3.04,0
B202600884,2026-03-16,早班,A,T5,2,154.9,192.9,238.6,220.9,87.8,38.3,249,7.0,2.4,11,2.55,0
B202600885,2026-03-16,夜班,B,T4,5,160.4,187.6,250.2,224.9,98.9,35.5,143,9.0,5.4,5,0.55,1
B202600886,2026-03-16,中班,B,T3,4,154.0,194.8,252.1,220.7,95.9,46.0,246,15.0,5.0,1,1.11,1
B202600887,2026-03-16,中班,D,T4,2,160.4,179.0,247.8,223.7,96.3,48.4,200,6.0,11.2,5,0.47,1
B202600888,2026-03-16,早班,B,T5,4,152.9,189.0,248.5,221.4,91.1,48.2,186,11.0,4.4,17,1.02,1
B202600889,2026-03-17,中班,D,T4,3,159.2,187.0,239.5,224.9,89.3,40.0,203,3.0,10.3,13,2.08,0
B202600890,2026-03-17,夜班,C,T4,2,155.1,187.2,256.0,217.2,100.3,37.9,159,4.0,6.3,15,0.59,1
B202600891,2026-03-17,夜班,A,T4,2,149.1,188.0,253.9,219.7,94.2,47.1,175,12.0,2.6,2,1.65,1
B202600892,2026-03-17,中班,A,T5,3,157.9,182.8,251.4,219.4,97.1,42.9,178,3.0,0.9,2,1.71,1
B202600893,2026-03-17,中班,D,T3,5,156.0,184.0,246.1,220.3,95.1,37.6,156,5.0,11.4,4,1.08,1
B202600894,2026-03-17,中班,A,T3,1,142.2,181.4,242.1,218.0,88.4,56.2,80,8.0,1.7,25,3.48,0
B202600895,2026-03-17,中班,A,T4,3,141.9,182.2,239.0,214.5,89.2,40.6,162,9.0,1.0,28,2.85,0
B202600896,2026-03-17,中班,B,T4,2,144.8,179.5,238.7,220.3,86.2,51.9,81,1.0,4.6,27,3.5,0
B202600897,2026-03-17,中班,A,T4,3,156.5,184.4,238.5,212.9,81.7,39.2,143,5.0,1.1,27,1.44,0
B202600898,2026-03-17,早班,C,T3,5,162.9,180.7,243.6,220.5,94.0,54.4,82,8.0,7.0,18,2.31,0
B202600899,2026-03-17,中班,D,T3,2,132.8,185.5,241.5,220.1,98.7,60.7,99,2.0,10.7,43,5.0,0
B202600900,2026-03-17,夜班,B,T4,4,162.7,182.2,242.9,221.0,89.1,53.6,83,10.0,5.2,44,3.68,0
B202600901,2026-03-18,夜班,C,T3,1,159.0,181.0,236.5,215.8,97.2,56.3,90,3.0,7.9,17,1.54,0
B202600902,2026-03-18,夜班,D,T4,4,149.6,182.0,236.2,219.8,92.5,40.1,196,7.0,10.2,40,3.85,0
B202600903,2026-03-18,中班,C,T4,1,162.8,182.5,251.7,224.5,91.4,58.9,86,9.0,8.1,19,1.59,1
B202600904,2026-03-18,夜班,D,T5,2,147.5,179.7,246.4,227.6,100.0,40.8,182,15.0,11.4,20,1.64,1
B202600905,2026-03-18,中班,A,T4,4,151.6,181.2,248.6,220.8,97.5,49.2,181,12.0,0.6,24,1.79,1
B202600906,2026-03-18,中班,D,T4,1,144.0,176.9,238.3,214.4,97.7,,179,1.0,9.9,33,3.19,0
B202600907,2026-03-18,夜班,C,T4,5,159.5,184.0,245.4,218.9,100.3,34.1,208,,7.7,10,0.67,1
B202600908,2026-03-18,夜班,A,T5,5,153.7,185.6,247.3,219.5,89.3,42.7,232,3.0,0.8,19,1.86,0
B202600909,2026-03-18,早班,B,T4,1,152.8,184.4,249.5,218.1,87.4,46.4,89,14.0,3.2,3,0.17,1
B202600910,2026-03-18,早班,D,T4,2,160.4,179.4,244.7,219.3,103.1,43.7,232,9.0,11.5,19,3.93,0
B202600911,2026-03-18,早班,A,T5,3,154.0,197.3,244.1,212.4,92.1,38.3,161,7.0,0.7,5,0.58,1
B202600912,2026-03-18,夜班,B,T3,2,151.0,184.4,250.2,214.0,94.7,46.2,161,9.0,3.2,0,1.96,1
B202600913,2026-03-19,夜班,D,T4,1,157.7,190.6,238.5,217.5,90.5,46.9,138,6.0,9.2,26,1.66,0
B202600914,2026-03-19,中班,C,T4,2,,186.9,246.9,219.8,95.1,37.6,246,13.0,8.4,24,0.35,1
B202600915,2026-03-19,早班,B,T5,2,151.0,176.7,249.1,220.2,99.3,39.7,182,9.0,4.5,21,1.35,1
B202600916,2026-03-19,早班,B,T4,1,159.4,183.5,249.0,221.9,95.9,44.1,188,9.0,5.8,11,1.27,1
B202600917,2026-03-19,夜班,D,T4,4,160.9,186.6,250.1,220.2,91.6,39.7,215,5.0,10.2,1,1.99,1
B202600918,2026-03-19,中班,C,T4,4,159.3,194.4,242.6,215.4,92.7,58.6,80,7.0,7.5,26,2.0,0
B202600919,2026-03-19,夜班,A,T3,2,145.6,186.5,244.3,219.5,96.2,46.9,163,11.0,2.6,14,1.09,1
B202600920,2026-03-19,早班,D,T3,1,158.1,173.0,245.2,215.2,93.8,45.7,223,4.0,11.3,42,1.99,0
B202600921,2026-03-19,中班,B,T4,2,148.6,184.7,250.9,217.5,92.7,39.7,247,6.0,3.2,20,0.94,1
B202600922,2026-03-19,夜班,A,T4,2,154.4,177.3,250.7,219.1,94.5,45.5,117,6.0,2.0,9,1.02,1
B202600923,2026-03-19,中班,D,T5,5,156.6,177.7,243.9,216.2,85.8,55.5,231,11.0,11.7,23,2.22,0
B202600924,2026-03-19,夜班,D,T4,3,155.0,174.7,243.0,221.3,92.7,41.3,135,6.0,11.0,27,4.4,0
B202600925,2026-03-20,夜班,C,T3,2,150.3,169.9,249.0,218.1,95.7,44.4,195,7.0,8.5,0,1.58,1
B202600926,2026-03-20,夜班,D,T3,4,149.8,183.5,237.9,224.0,89.7,37.3,230,3.0,11.2,28,0.78,0
B202600927,2026-03-20,早班,B,T5,1,158.9,187.7,247.6,220.6,92.8,40.8,222,4.0,3.2,20,0.41,1
B202600928,2026-03-20,中班,D,T5,5,155.7,182.5,250.3,219.2,94.5,44.7,131,13.0,10.4,7,0.7,1
B202600929,2026-03-20,夜班,B,T5,4,155.9,181.3,247.4,216.9,93.9,38.3,172,12.0,4.2,5,0.83,1
B202600930,2026-03-20,夜班,B,T3,2,146.0,177.3,249.4,223.1,100.5,45.3,120,4.0,5.8,19,0.73,1
B202600931,2026-03-20,中班,D,T5,3,154.3,186.5,245.3,217.4,96.6,40.6,234,6.0,9.1,16,2.71,1
B202600932,2026-03-20,夜班,D,T4,1,151.6,176.1,237.1,218.7,89.5,59.9,210,7.0,10.7,26,0.61,0
B202600933,2026-03-20,中班,C,T4,1,149.8,182.1,244.8,219.6,92.2,38.4,194,11.0,6.8,3,0.81,1
B202600934,2026-03-20,夜班,B,T5,1,157.9,191.5,242.8,220.8,89.3,49.9,117,11.0,3.8,16,3.07,0
B202600935,2026-03-20,中班,A,T5,3,152.9,178.7,249.6,216.3,95.8,50.5,224,6.0,2.0,8,0.19,1
B202600936,2026-03-20,夜班,A,T4,3,160.1,186.9,245.7,224.4,99.9,40.0,179,8.0,0.9,30,2.92,0
B202600937,2026-03-21,中班,D,T5,3,151.9,,242.7,221.0,95.3,47.6,85,8.0,11.5,21,0.97,1
B202600938,2026-03-21,夜班,C,T4,4,156.9,179.0,240.2,225.3,91.6,,181,2.0,6.7,47,2.52,0
B202600939,2026-03-21,早班,A,T5,3,152.8,202.6,246.9,213.8,90.6,45.1,100,4.0,2.0,23,1.45,1
B202600940,2026-03-21,早班,B,T3,3,152.6,189.5,252.9,218.6,90.3,42.8,89,3.0,5.6,14,1.32,1
B202600941,2026-03-21,早班,C,T5,2,158.1,181.6,241.8,220.4,93.4,46.8,105,10.0,7.8,26,3.35,0
B202600942,2026-03-21,早班,B,T4,1,137.3,177.2,233.4,225.5,92.3,53.0,87,2.0,5.4,40,0.81,0
B202600943,2026-03-21,夜班,D,T4,2,152.6,177.4,250.8,209.4,93.8,45.3,112,3.0,10.8,41,2.26,0
B202600944,2026-03-21,中班,A,T5,1,155.8,195.3,250.5,,93.2,44.4,245,15.0,2.3,10,0.86,1
B202600945,2026-03-21,夜班,B,T4,1,164.1,186.4,253.3,215.9,92.5,44.7,214,9.0,3.4,5,0.4,1
B202600946,2026-03-21,早班,A,T3,1,153.9,181.5,247.5,227.9,86.8,50.0,173,15.0,2.0,13,0.76,1
B202600947,2026-03-21,中班,C,T4,1,151.4,186.1,245.3,222.4,92.9,36.2,157,8.0,7.8,5,0.88,1
B202600948,2026-03-21,中班,D,T3,5,161.5,185.0,250.0,223.6,87.8,45.0,158,10.0,11.6,3,1.23,1
B202600949,2026-03-22,中班,D,T5,4,151.3,178.9,245.0,215.9,95.0,58.9,114,9.0,10.0,20,1.06,0
B202600950,2026-03-22,中班,C,T5,3,159.3,178.2,247.7,225.3,95.1,43.6,231,14.0,8.3,4,1.51,1
B202600951,2026-03-22,早班,A,T4,3,156.6,186.0,248.6,221.0,95.8,43.3,125,5.0,1.1,1,1.44,1
B202600952,2026-03-22,早班,B,T5,2,161.0,188.5,247.6,215.9,97.9,40.1,161,3.0,4.6,2,0.43,1
B202600953,2026-03-22,夜班,B,T5,3,158.7,200.1,248.6,222.7,98.0,51.8,187,11.0,4.5,9,0.18,1
B202600954,2026-03-22,早班,A,T4,1,157.8,178.5,251.4,220.7,95.1,37.3,99,6.0,1.8,19,0.99,1
B202600955,2026-03-22,夜班,C,T3,2,156.5,180.1,249.3,216.5,97.0,47.1,230,12.0,7.5,19,0.47,1
B202600956,2026-03-22,早班,D,T5,2,151.8,180.5,252.4,216.1,96.5,45.2,226,12.0,9.4,4,0.99,1
B202600957,2026-03-22,夜班,C,T3,4,147.4,175.8,238.7,219.8,82.9,60.1,201,9.0,8.8,47,3.8,0
B202600958,2026-03-22,中班,D,T5,2,155.8,190.6,243.1,223.7,89.4,65.5,127,1.0,10.9,42,3.69,0
B202600959,2026-03-22,早班,A,T4,2,152.6,182.2,246.6,220.8,96.9,44.1,215,3.0,2.3,11,0.92,1
B202600960,2026-03-22,中班,C,T4,1,159.5,179.0,246.9,220.3,91.1,44.4,219,12.0,7.1,14,1.26,1
B202600961,2026-03-23,早班,C,T4,3,153.8,190.7,239.2,210.2,89.6,45.7,244,11.0,7.4,33,5.48,0
B202600962,2026-03-23,早班,B,T4,2,155.8,189.7,248.2,222.6,98.6,39.0,217,11.0,4.7,17,1.44,1
B202600963,2026-03-23,中班,B,T3,2,148.4,196.6,248.2,218.7,97.5,44.2,225,7.0,5.9,14,2.61,1
B202600964,2026-03-23,中班,D,T3,2,157.0,188.3,248.1,218.1,92.1,42.6,107,10.0,9.1,24,1.2,1
B202600965,2026-03-23,中班,D,T4,3,158.4,183.8,241.6,221.0,93.0,54.1,119,7.0,10.8,42,4.64,0
B202600966,2026-03-23,早班,C,T5,2,156.6,188.2,242.2,218.9,80.8,55.4,96,11.0,6.9,21,3.78,0
B202600967,2026-03-23,早班,A,T4,2,157.7,190.0,249.8,225.2,91.2,51.2,246,15.0,2.2,8,1.1,1
B202600968,2026-03-23,早班,B,T5,2,150.8,184.3,246.0,221.1,99.1,53.0,104,9.0,5.0,17,1.22,1
B202600969,2026-03-23,早班,D,T5,4,151.5,180.6,246.4,216.6,90.5,53.5,189,11.0,10.1,24,4.42,0
B202600970,2026-03-23,中班,C,T4,1,152.3,185.2,249.9,222.4,95.7,49.0,81,6.0,7.3,8,0.04,1
B202600971,2026-03-23,夜班,D,T4,4,154.7,187.6,246.7,221.7,88.3,49.8,115,11.0,11.3,2,0.47,1
B202600972,2026-03-23,中班,B,T5,2,157.5,175.5,241.4,220.4,92.4,58.9,232,8.0,5.5,33,3.98,0
B202600973,2026-03-24,夜班,A,T3,2,148.7,188.7,246.4,217.5,83.7,49.2,153,3.0,0.7,6,4.88,0
B202600974,2026-03-24,早班,B,T3,3,158.6,182.8,247.6,213.9,97.4,48.6,170,5.0,3.0,20,1.02,1
B202600975,2026-03-24,夜班,C,T5,5,156.8,180.5,,217.7,98.2,39.7,88,3.0,7.5,5,1.7,1
B202600976,2026-03-24,中班,A,T4,1,158.4,186.6,254.6,218.7,93.8,41.9,126,6.0,1.8,21,0.96,1
B202600977,2026-03-24,夜班,B,T3,5,162.8,184.4,240.1,219.5,100.0,34.3,85,8.0,3.9,25,3.1,0
B202600978,2026-03-24,早班,D,T4,1,154.5,185.1,251.8,220.9,92.8,39.5,107,11.0,11.1,18,2.09,1
B202600979,2026-03-24,早班,B,T3,2,150.2,189.1,248.9,218.6,94.1,46.7,127,4.0,5.0,7,1.37,1
B202600980,2026-03-24,夜班,D,T4,3,147.2,187.0,240.2,218.5,91.1,63.9,168,,9.7,8,3.19,0
B202600981,2026-03-24,夜班,C,T3,1,148.8,176.3,238.9,214.9,89.1,37.0,229,6.0,6.7,28,2.37,0
B202600982,2026-03-24,夜班,C,T4,2,148.3,172.7,240.8,220.1,92.7,52.3,101,9.0,8.3,42,2.85,0
B202600983,2026-03-24,夜班,A,T4,1,148.2,187.9,249.5,217.0,87.9,35.8,230,3.0,2.1,6,0.62,1
B202600984,2026-03-24,夜班,D,T4,2,151.5,195.6,246.3,223.0,93.8,36.5,144,14.0,12.0,17,1.56,1
B202600985,2026-03-25,中班,C,T4,2,151.8,185.2,252.1,219.4,89.7,53.1,197,6.0,8.0,21,1.38,1
B202600986,2026-03-25,夜班,C,T4,4,150.7,181.7,240.9,229.4,94.1,43.8,95,6.0,8.9,10,3.4,0
B202600987,2026-03-25,中班,C,T4,3,153.9,187.4,248.1,218.8,95.0,45.7,120,9.0,7.6,21,1.24,1
B202600988,2026-03-25,中班,D,T4,1,153.8,186.5,236.4,219.1,87.7,46.9,139,,9.0,18,2.76,0
B202600989,2026-03-25,夜班,A,T4,2,154.9,182.1,238.2,219.6,84.7,54.0,155,4.0,2.7,44,2.96,0
B202600990,2026-03-25,夜班,A,T4,3,159.2,193.6,242.0,217.5,99.3,62.9,197,9.0,2.8,19,1.74,0
B202600991,2026-03-25,中班,C,T5,5,156.0,188.1,248.0,222.9,96.2,48.3,136,5.0,8.9,7,1.19,1
B202600992,2026-03-25,夜班,A,T4,2,151.7,178.4,243.2,216.9,84.2,42.6,96,4.0,2.9,15,2.68,0
B202600993,2026-03-25,中班,B,T4,5,157.4,173.7,245.4,216.9,87.4,60.6,144,7.0,4.8,35,4.22,0
B202600994,2026-03-25,中班,D,T4,2,152.8,181.5,241.9,213.1,87.7,36.6,236,6.0,11.9,11,3.05,0
B202600995,2026-03-25,早班,C,T4,1,155.9,180.8,245.9,222.3,96.6,37.2,181,12.0,8.3,21,0.05,1
B202600996,2026-03-25,中班,A,T4,1,155.0,184.2,248.1,221.0,96.7,,200,5.0,2.8,17,2.1,1
B202600997,2026-03-26,夜班,D,T4,1,163.6,186.1,246.6,221.7,97.5,46.2,153,1.0,11.2,28,3.1,0
B202600998,2026-03-26,中班,D,T4,4,153.1,191.8,248.1,218.3,102.2,36.7,197,14.0,10.1,8,1.15,1
B202600999,2026-03-26,早班,A,T4,3,156.3,194.3,248.0,223.9,95.2,48.4,113,13.0,0.8,11,1.52,1
B202601000,2026-03-26,中班,A,T4,3,154.7,192.4,247.1,218.1,94.6,43.4,173,9.0,1.0,16,1.49,1
B202601001,2026-03-26,夜班,C,T4,5,156.5,182.0,241.7,211.5,85.0,31.8,151,3.0,6.3,34,2.51,0
B202601002,2026-03-26,中班,A,T3,1,155.4,188.1,250.2,220.4,94.5,34.0,107,5.0,2.7,14,0.05,1
B202601003,2026-03-26,夜班,B,T3,1,150.2,186.3,244.8,214.5,88.8,47.9,225,4.0,5.0,37,2.61,0
B202601004,2026-03-26,早班,D,T4,1,157.3,187.3,251.5,217.7,92.4,42.5,165,4.0,10.1,6,1.23,1
B202601005,2026-03-26,中班,A,T4,1,158.8,178.9,245.7,215.2,83.9,45.2,157,11.0,1.7,47,2.31,0
B202601006,2026-03-26,夜班,A,T5,1,154.6,186.7,244.2,219.3,97.9,43.7,192,12.0,2.6,0,0.82,1
B202601007,2026-03-26,早班,B,T3,3,145.6,188.7,241.8,211.9,96.3,37.1,164,10.0,5.9,28,4.19,0
B202601008,2026-03-26,中班,A,T5,2,159.3,176.1,242.8,218.4,94.6,47.0,178,12.0,1.4,13,1.25,1
B202601009,2026-03-27,夜班,C,T5,2,152.9,181.7,247.4,218.3,91.4,43.8,212,3.0,8.2,32,4.11,0
B202601010,2026-03-27,中班,B,T4,4,148.7,186.6,250.1,217.2,102.4,39.7,220,15.0,4.6,11,1.4,1
B202601011,2026-03-27,早班,B,T4,3,158.2,190.3,249.6,221.2,85.5,55.6,112,11.0,4.2,27,3.45,0
B202601012,2026-03-27,中班,B,T4,3,158.1,170.7,254.5,216.9,94.6,47.2,227,7.0,5.1,13,1.26,1
B202601013,2026-03-27,早班,C,T4,2,158.1,184.6,251.4,222.7,88.9,40.6,247,3.0,8.7,15,0.8,1
B202601014,2026-03-27,夜班,C,T4,5,157.6,177.9,243.6,220.0,89.0,62.6,110,9.0,8.9,6,2.51,0
B202601015,2026-03-27,中班,C,T4,4,152.0,186.1,246.4,220.6,99.5,45.2,119,4.0,8.8,5,0.1,1
B202601016,2026-03-27,中班,C,T5,2,159.5,182.0,247.3,218.6,97.1,52.1,124,12.0,7.4,10,1.2,1
B202601017,2026-03-27,早班,D,T4,4,153.3,192.5,249.9,219.9,93.7,42.6,133,13.0,9.1,22,0.66,1
B202601018,2026-03-27,中班,A,T4,2,155.4,187.7,249.5,216.4,94.6,39.7,247,8.0,2.3,1,1.64,1
B202601019,2026-03-27,夜班,C,T5,2,,174.4,238.7,213.8,93.4,47.6,122,9.0,6.6,15,1.58,0
B202601020,2026-03-27,夜班,C,T3,2,151.2,188.8,239.3,211.1,84.9,50.2,179,6.0,8.7,14,2.73,0
B202601021,2026-03-28,中班,D,T5,1,155.9,185.9,246.6,220.4,93.3,48.5,96,10.0,11.6,6,1.31,1
B202601022,2026-03-28,夜班,C,T4,1,149.0,178.8,240.7,217.4,93.3,57.6,136,6.0,7.9,18,3.71,0
B202601023,2026-03-28,中班,B,T4,3,149.3,186.7,244.2,219.6,94.3,44.2,196,,3.3,5,1.37,1
B202601024,2026-03-28,夜班,B,T4,3,159.5,184.8,244.8,219.0,98.9,34.1,135,5.0,5.5,15,0.79,1
B202601025,2026-03-28,中班,A,T4,2,154.1,181.9,248.4,219.5,90.4,47.1,118,9.0,0.5,21,0.9,1
B202601026,2026-03-28,夜班,B,T4,2,150.9,188.9,249.4,219.1,93.0,47.3,110,15.0,3.8,8,1.23,1
B202601027,2026-03-28,早班,C,T4,2,152.7,170.5,243.2,216.4,96.4,48.7,225,8.0,8.2,12,4.87,0
B202601028,2026-03-28,中班,D,T4,2,158.3,190.9,246.4,221.6,95.8,39.8,169,4.0,10.8,6,0.0,1
B202601029,2026-03-28,早班,B,T4,3,151.3,193.3,233.8,213.9,100.3,45.9,109,3.0,3.5,25,3.81,0
B202601030,2026-03-28,夜班,C,T5,5,161.4,179.7,238.7,221.3,90.4,45.3,195,5.0,8.9,31,2.5,0
B202601031,2026-03-28,中班,B,T4,4,156.3,183.4,250.3,216.5,96.4,35.7,89,4.0,3.6,13,1.84,1
B202601032,2026-03-28,夜班,B,T5,3,156.8,190.2,251.3,223.6,100.8,45.2,208,,4.9,23,0.43,1
B202601033,2026-03-29,中班,D,T3,3,157.0,197.4,246.5,217.3,94.4,46.1,82,3.0,9.4,0,0.75,1
B202601034,2026-03-29,夜班,C,T4,2,152.7,181.5,237.4,220.5,87.1,40.1,158,4.0,6.1,10,2.43,0
B202601035,2026-03-29,夜班,B,T5,1,162.3,186.7,251.4,221.3,82.5,48.5,215,3.0,3.7,43,5.35,0
B202601036,2026-03-29,早班,D,T5,4,146.5,193.7,243.8,211.0,86.7,60.3,181,1.0,9.5,45,4.42,0
B202601037,2026-03-29,夜班,D,T5,1,156.3,178.6,250.4,225.3,99.7,47.9,149,5.0,9.1,0,1.41,1
B202601038,2026-03-29,中班,A,T4,1,159.7,185.8,250.1,218.7,98.0,47.7,131,,2.3,21,0.67,1
B202601039,2026-03-29,早班,C,T4,3,,180.4,242.5,219.0,101.2,49.9,205,1.0,6.4,21,1.75,0
B202601040,2026-03-29,夜班,B,T4,1,152.9,183.1,251.3,222.7,95.9,43.4,200,8.0,4.6,14,1.1,1
B202601041,2026-03-29,夜班,B,T4,1,147.4,185.2,238.4,216.0,89.6,42.6,86,7.0,4.2,26,4.07,0
B202601042,2026-03-29,中班,A,T4,4,156.1,192.6,247.0,212.7,95.0,36.2,209,12.0,0.5,20,0.39,1
B202601043,2026-03-29,中班,A,T5,3,152.6,182.8,248.7,222.3,95.2,44.2,140,3.0,1.4,9,1.36,1
B202601044,2026-03-29,夜班,C,T5,4,155.5,176.9,242.6,,90.8,42.7,200,1.0,8.6,16,3.61,0
B202601045,2026-03-30,中班,C,T4,2,148.0,180.1,242.9,221.5,94.9,57.4,90,5.0,8.8,30,2.63,0
B202601046,2026-03-30,中班,A,T4,5,153.2,185.2,244.1,218.7,92.1,39.2,184,11.0,2.7,18,0.56,1
B202601047,2026-03-30,夜班,C,T3,4,152.9,177.3,246.6,218.8,94.5,40.4,210,14.0,8.9,10,0.46,1
B202601048,2026-03-30,夜班,C,T4,3,149.4,178.6,243.1,217.3,93.6,44.0,83,10.0,8.8,24,0.98,1
B202601049,2026-03-30,中班,D,T4,4,150.9,183.8,237.2,216.5,94.6,44.4,144,,10.0,30,3.51,0
B202601050,2026-03-30,夜班,A,T4,1,143.0,185.1,241.9,219.4,93.0,50.7,186,9.0,1.1,32,0.16,0
B202601051,2026-03-30,早班,A,T5,4,150.6,188.3,248.3,218.0,89.3,45.2,97,,0.7,13,2.17,1
B202601052,2026-03-30,早班,A,T4,3,155.6,187.5,249.4,217.6,94.7,42.6,93,12.0,0.5,17,0.29,1
B202601053,2026-03-30,早班,A,T4,4,155.4,174.0,244.6,215.4,89.4,48.2,242,8.0,2.2,28,2.04,0
B202601054,2026-03-30,早班,A,T4,3,151.4,186.2,247.4,220.9,99.8,49.0,113,3.0,1.2,14,1.11,1
B202601055,2026-03-30,早班,B,T4,1,161.3,179.5,246.4,225.4,96.0,,124,7.0,5.7,6,1.88,1
B202601056,2026-03-30,中班,A,T3,3,149.1,186.6,248.2,221.4,89.4,49.7,231,10.0,1.2,11,0.82,1
B202601057,2026-03-31,中班,C,T5,1,149.4,181.4,242.0,221.3,89.6,56.5,101,11.0,7.9,8,1.46,0
B202601058,2026-03-31,中班,C,T4,5,151.0,188.9,242.9,223.9,92.8,49.2,83,3.0,8.7,16,3.77,0
B202601059,2026-03-31,早班,A,T5,4,156.9,177.0,252.1,224.2,88.8,48.3,173,7.0,2.6,20,0.76,1
B202601060,2026-03-31,早班,D,T5,1,160.1,186.6,251.1,221.4,94.6,50.5,187,14.0,10.8,16,1.31,1
B202601061,2026-03-31,早班,B,T4,3,155.4,176.6,241.6,220.5,97.5,60.3,111,5.0,5.4,28,2.42,0
B202601062,2026-03-31,早班,B,T3,3,153.1,186.6,247.1,216.0,93.4,33.3,109,10.0,5.0,6,3.11,0
B202601063,2026-03-31,中班,A,T5,2,149.7,174.9,243.5,222.8,95.1,54.8,198,3.0,2.5,6,3.31,0
B202601064,2026-03-31,早班,C,T3,3,,185.3,239.9,215.7,89.1,51.8,114,8.0,8.4,27,3.54,0
B202601065,2026-03-31,中班,C,T5,1,147.4,176.0,246.3,214.2,92.3,42.6,244,1.0,8.6,23,0.15,0
B202601066,2026-03-31,早班,D,T4,5,157.7,184.9,244.7,213.5,97.8,58.8,142,7.0,11.4,28,1.8,0
B202601067,2026-03-31,中班,A,T5,4,150.0,183.8,,219.9,96.3,44.4,153,6.0,1.8,8,1.68,1
B202601068,2026-03-31,早班,A,T3,3,146.9,185.5,247.7,218.2,98.3,44.3,123,10.0,2.9,3,0.78,1
B202601069,2026-04-01,中班,C,T4,1,154.1,179.4,247.5,217.7,93.5,50.4,106,4.0,7.9,1,1.2,1
B202601070,2026-04-01,夜班,A,T5,1,148.8,189.4,250.8,220.3,97.7,43.3,205,9.0,1.8,8,0.9,1
B202601071,2026-04-01,早班,A,T5,4,163.5,186.1,247.5,220.7,93.1,50.2,206,8.0,1.1,21,2.19,1
B202601072,2026-04-01,夜班,D,T4,2,155.2,179.1,244.4,219.2,96.0,49.7,85,9.0,9.1,11,0.79,0
B202601073,2026-04-01,早班,A,T4,4,157.1,191.6,248.2,220.4,97.1,37.9,97,11.0,1.6,4,1.83,1
B202601074,2026-04-01,早班,A,T5,3,152.8,184.3,246.0,220.9,97.8,62.3,183,9.0,0.5,30,0.48,0
B202601075,2026-04-01,中班,B,T3,3,156.9,181.6,249.2,220.1,99.4,38.7,159,14.0,3.6,12,1.26,1
B202601076,2026-04-01,早班,A,T3,1,158.7,184.0,245.7,219.2,96.8,48.3,172,7.0,0.7,2,1.27,1
B202601077,2026-04-01,中班,B,T3,2,148.3,196.4,248.0,220.1,93.0,43.7,102,11.0,5.6,15,1.32,1
B202601078,2026-04-01,中班,B,T5,2,159.7,186.2,248.9,213.6,96.1,46.2,117,7.0,5.3,13,1.55,1
B202601079,2026-04-01,早班,B,T5,1,158.5,184.8,245.6,224.4,92.8,33.1,215,12.0,3.5,14,0.55,1
B202601080,2026-04-01,中班,A,T3,3,153.2,185.4,248.1,226.5,95.2,50.2,117,11.0,2.3,5,1.32,1
B202601081,2026-04-02,早班,B,T4,1,147.0,187.0,237.6,223.5,98.5,46.4,219,9.0,4.6,7,1.85,0
B202601082,2026-04-02,中班,B,T4,5,156.1,182.5,244.5,221.9,104.6,39.8,245,6.0,4.1,4,0.84,1
B202601083,2026-04-02,中班,C,T4,1,155.1,185.0,249.3,216.7,98.2,47.4,211,15.0,7.6,17,1.03,1
B202601084,2026-04-02,夜班,D,T4,4,156.0,190.4,250.5,216.7,89.9,40.4,85,13.0,11.5,5,0.03,1
B202601085,2026-04-02,早班,A,T5,2,155.4,175.8,248.5,218.4,100.6,50.4,160,12.0,1.3,11,0.73,1
B202601086,2026-04-02,夜班,C,T5,2,151.2,188.5,246.4,215.3,94.2,47.3,239,8.0,7.2,5,1.36,1
B202601087,2026-04-02,中班,C,T4,4,153.7,185.2,247.9,220.7,95.4,52.4,156,13.0,6.7,14,0.38,1
B202601088,2026-04-02,早班,D,T4,1,154.8,183.2,247.0,218.9,88.8,49.5,133,,9.4,23,0.06,1
B202601089,2026-04-02,夜班,C,T4,3,150.6,189.7,250.0,219.1,97.1,41.6,124,12.0,6.7,24,1.7,1
B202601090,2026-04-02,夜班,A,T5,4,154.1,178.9,250.7,226.3,80.2,42.0,85,3.0,3.0,37,2.54,0
B202601091,2026-04-02,早班,C,T4,1,152.0,179.9,237.4,212.0,88.4,,159,2.0,8.3,37,2.6,0
B202601092,2026-04-02,中班,B,T5,2,156.7,189.5,249.1,221.7,99.1,39.8,211,5.0,3.2,11,0.91,1
B202601093,2026-04-03,早班,A,T4,5,154.1,184.2,249.4,219.2,99.2,44.6,93,6.0,2.0,17,0.83,1
B202601094,2026-04-03,夜班,B,T4,4,152.6,187.4,247.2,222.6,92.0,46.3,182,5.0,5.0,7,0.93,1
B202601095,2026-04-03,中班,C,T4,1,167.9,184.2,251.3,217.0,96.6,42.0,211,12.0,7.7,1,1.12,1
B202601096,2026-04-03,中班,A,T5,3,158.1,173.7,248.8,218.6,91.2,43.1,144,9.0,2.0,19,0.52,1
B202601097,2026-04-03,夜班,D,T3,5,147.2,188.9,245.4,217.9,92.9,42.4,187,10.0,9.3,31,2.37,0
B202601098,2026-04-03,夜班,D,T4,1,154.9,187.4,245.3,220.1,99.7,36.1,106,3.0,9.9,18,1.57,1
B202601099,2026-04-03,中班,A,T5,2,152.2,186.7,245.2,224.8,92.7,52.6,128,5.0,2.6,14,2.49,0
B202601100,2026-04-03,中班,B,T3,2,156.1,181.7,244.2,225.3,95.4,45.1,91,15.0,4.1,5,1.77,1
B202601101,2026-04-03,中班,B,T4,3,153.5,190.7,250.0,219.8,95.9,45.0,223,12.0,3.6,14,0.62,1
B202601102,2026-04-03,夜班,D,T4,1,158.1,191.5,239.1,218.3,89.6,40.2,224,9.0,11.9,10,4.01,0
B202601103,2026-04-03,夜班,D,T3,1,153.2,192.6,251.8,220.5,89.7,48.1,172,5.0,11.1,17,0.06,1
B202601104,2026-04-03,夜班,C,T4,2,155.0,190.1,237.4,221.0,97.4,63.7,100,,7.3,43,4.18,0
B202601105,2026-04-04,中班,A,T5,3,155.4,190.1,247.5,217.1,94.3,48.3,215,1.0,1.9,26,4.65,0
B202601106,2026-04-04,夜班,B,T4,1,153.4,180.5,243.8,224.8,86.9,49.6,157,11.0,4.7,31,4.03,0
B202601107,2026-04-04,夜班,D,T5,3,152.9,184.7,247.2,221.1,96.9,46.8,166,5.0,11.7,2,0.63,1
B202601108,2026-04-04,早班,A,T5,2,154.6,186.3,246.5,224.9,92.2,46.1,226,3.0,1.5,18,0.98,1
B202601109,2026-04-04,中班,B,T4,5,160.1,195.8,244.6,213.2,95.5,53.6,194,8.0,4.4,11,0.63,1
B202601110,2026-04-04,中班,A,T4,1,158.1,178.1,248.0,222.0,96.2,40.1,207,11.0,1.8,15,0.94,1
B202601111,2026-04-04,早班,A,T4,2,144.2,173.1,239.4,223.8,85.6,42.9,121,,1.0,6,2.01,0
B202601112,2026-04-04,夜班,C,T5,2,157.8,185.5,246.3,219.0,94.6,44.3,181,9.0,7.5,27,2.92,0
B202601113,2026-04-04,中班,D,T5,2,159.0,190.6,252.2,221.5,96.0,47.3,125,6.0,9.1,22,0.07,1
B202601114,2026-04-04,早班,B,T4,1,154.0,179.9,241.2,217.4,86.5,30.4,103,2.0,3.3,43,2.91,0
B202601115,2026-04-04,夜班,D,T4,4,154.9,185.7,241.1,217.6,100.6,55.1,155,5.0,9.4,16,2.37,0
B202601116,2026-04-04,早班,A,T5,5,161.0,177.1,247.3,223.1,100.4,53.9,224,13.0,1.7,2,0.7,1
B202601117,2026-04-05,早班,D,T4,1,155.9,178.2,248.8,217.4,99.7,41.3,133,3.0,9.4,12,2.1,1
B202601118,2026-04-05,夜班,B,T4,2,149.9,189.5,246.9,223.5,97.7,,221,11.0,3.3,12,1.85,1
B202601119,2026-04-05,夜班,B,T5,1,157.8,175.6,244.5,219.1,88.1,51.2,212,7.0,5.5,10,0.91,1
B202601120,2026-04-05,中班,C,T4,2,155.6,189.0,248.9,220.4,86.7,48.3,125,1.0,6.7,15,3.08,0
B202601121,2026-04-05,夜班,B,T3,3,145.0,195.3,240.7,211.3,83.8,58.6,229,5.0,4.9,13,2.65,0
B202601122,2026-04-05,早班,C,T5,4,154.9,191.8,250.3,215.2,96.6,44.1,231,10.0,6.7,1,0.32,1
B202601123,2026-04-05,夜班,A,T4,1,152.8,190.4,240.0,220.6,92.6,47.8,197,11.0,0.6,42,2.47,0
B202601124,2026-04-05,中班,A,T3,5,154.2,179.1,250.2,220.6,93.7,45.6,236,15.0,2.2,17,0.15,1
B202601125,2026-04-05,中班,D,T4,2,154.8,181.1,244.9,218.6,89.1,39.8,102,14.0,11.4,7,0.76,1
B202601126,2026-04-05,夜班,B,T4,1,162.5,187.7,245.9,221.4,93.9,35.3,237,5.0,4.0,7,1.78,1
B202601127,2026-04-05,中班,B,T4,4,147.4,169.6,245.2,220.5,98.4,41.6,225,,3.7,23,0.9,1
B202601128,2026-04-05,夜班,A,T5,4,155.9,175.6,243.5,221.0,90.4,53.0,238,7.0,1.5,16,1.71,0
B202601129,2026-04-06,夜班,C,T3,2,164.1,191.5,241.5,224.7,96.9,51.0,228,3.0,8.8,24,2.08,0
B202601130,2026-04-06,早班,C,T3,1,158.7,191.1,248.0,222.9,93.1,,171,3.0,6.8,13,1.22,1
B202601131,2026-04-06,早班,B,T3,4,148.3,174.8,238.3,218.7,82.5,55.6,174,5.0,3.0,45,1.08,0
B202601132,2026-04-06,夜班,D,,2,156.7,191.8,241.2,218.0,92.9,67.1,165,10.0,12.0,49,2.13,0
B202601133,2026-04-06,早班,B,T4,2,155.6,177.9,244.6,211.6,99.8,38.3,165,15.0,4.0,13,0.97,1
B202601134,2026-04-06,早班,D,T4,2,152.8,176.8,239.4,213.3,93.4,40.4,197,5.0,11.5,16,3.69,0
B202601135,2026-04-06,早班,B,T3,3,162.8,181.7,,215.2,90.2,34.4,141,2.0,5.8,21,3.18,0
B202601136,2026-04-06,早班,C,T4,1,160.4,183.9,247.3,225.2,96.6,39.7,154,,6.4,11,1.21,1
B202601137,2026-04-06,早班,D,T5,1,155.9,181.7,246.7,224.9,97.9,47.9,114,12.0,9.7,22,0.58,1
B202601138,2026-04-06,中班,D,T5,1,151.8,185.0,243.4,222.7,99.8,39.3,109,10.0,9.0,22,2.65,0
B202601139,2026-04-06,中班,B,T3,5,157.2,187.4,248.4,223.5,91.2,52.2,215,7.0,5.5,9,2.11,1
B202601140,2026-04-06,早班,A,T5,4,160.1,182.9,253.5,215.6,94.3,47.6,222,11.0,1.5,18,0.03,1
B202601141,2026-04-07,中班,A,T4,2,155.4,184.2,243.3,219.4,94.8,48.5,149,,2.7,0,1.84,1
B202601142,2026-04-07,中班,A,T3,2,147.7,183.9,,,97.7,41.0,167,5.0,2.2,14,2.88,0
B202601143,2026-04-07,夜班,A,T4,4,151.9,190.7,242.2,218.7,93.1,55.0,106,3.0,0.8,32,4.79,0
B202601144,2026-04-07,早班,C,T4,4,153.0,193.0,249.4,215.9,89.0,42.8,130,4.0,6.3,14,1.14,1
B202601145,2026-04-07,早班,B,T4,3,153.0,176.9,240.0,220.8,95.3,52.2,187,,4.8,37,4.75,0
B202601146,2026-04-07,早班,A,T4,3,150.2,190.6,243.0,216.2,94.5,42.6,242,8.0,1.6,43,3.47,0
B202601147,2026-04-07,中班,C,T4,1,151.4,176.9,249.4,215.9,96.5,44.8,180,8.0,8.2,18,1.13,1
B202601148,2026-04-07,中班,A,T5,2,151.6,190.8,251.2,215.2,93.4,44.2,248,11.0,0.5,21,1.65,1
B202601149,2026-04-07,中班,B,T4,2,156.3,187.9,246.8,221.0,93.2,46.5,206,10.0,4.7,6,1.32,1
B202601150,2026-04-07,夜班,D,T5,1,154.7,179.5,243.3,,86.4,,131,11.0,11.5,6,3.82,0
B202601151,2026-04-07,早班,B,T5,1,159.5,193.6,246.1,219.2,93.4,53.0,227,14.0,3.0,18,0.21,1
B202601152,2026-04-07,中班,D,T4,1,153.3,182.0,249.5,220.6,91.3,40.9,206,10.0,10.1,38,3.09,0
B202601153,2026-04-08,早班,D,T4,2,155.1,190.8,,220.7,82.8,65.1,220,5.0,9.2,8,1.37,0
B202601154,2026-04-08,早班,D,T4,2,147.0,181.1,240.1,217.2,87.7,50.6,239,10.0,10.5,48,3.63,0
B202601155,2026-04-08,夜班,A,T3,3,152.5,180.1,245.3,217.7,94.2,63.2,200,1.0,2.9,10,4.21,0
B202601156,2026-04-08,中班,B,T5,4,153.1,185.6,245.6,221.9,93.5,46.6,88,14.0,3.9,3,1.67,1
B202601157,2026-04-08,夜班,B,,1,148.6,192.0,252.4,220.8,94.7,39.9,180,12.0,3.3,1,2.4,1
B202601158,2026-04-08,中班,D,T3,4,163.1,184.5,247.9,216.4,99.3,46.4,166,9.0,11.9,15,1.86,1
B202601159,2026-04-08,中班,A,T4,1,150.0,198.3,247.1,222.4,97.9,37.4,220,14.0,1.5,8,1.41,1
B202601160,2026-04-08,夜班,B,T3,1,164.9,181.0,251.6,220.6,96.6,47.7,109,15.0,5.7,14,0.82,1
B202601161,2026-04-08,中班,A,T4,3,148.4,182.7,251.9,220.0,95.8,49.0,158,11.0,1.5,0,0.87,1
B202601162,2026-04-08,夜班,B,T4,1,152.4,192.9,248.6,224.2,97.5,36.8,159,9.0,5.4,20,1.15,1
B202601163,2026-04-08,夜班,D,T3,1,164.1,180.3,246.0,217.5,96.0,42.0,183,,10.5,7,2.27,1
B202601164,2026-04-08,中班,B,T4,1,150.7,188.0,247.4,219.2,95.3,50.0,80,6.0,4.6,16,1.21,1
B202601165,2026-04-09,夜班,A,T4,3,158.0,181.2,245.0,,89.9,50.3,226,7.0,2.8,2,0.3,1
B202601166,2026-04-09,早班,D,T3,2,153.0,173.9,236.7,211.3,89.1,49.7,231,8.0,10.6,29,0.84,0
B202601167,2026-04-09,早班,C,T5,1,155.6,181.5,248.2,218.8,92.0,46.1,112,3.0,8.7,6,1.07,1
B202601168,2026-04-09,中班,D,T4,1,157.2,188.4,244.8,215.2,87.4,57.7,248,1.0,9.8,31,4.16,0
B202601169,2026-04-09,中班,A,T4,2,153.7,186.4,249.6,219.4,100.4,53.9,178,4.0,2.5,1,0.13,1
B202601170,2026-04-09,中班,A,T5,1,151.3,188.1,249.2,221.8,100.1,47.9,150,10.0,1.9,24,0.58,1
B202601171,2026-04-09,中班,A,T4,1,152.1,185.2,250.0,215.0,97.4,,230,14.0,0.7,3,1.32,1
B202601172,2026-04-09,夜班,C,T3,3,142.9,175.0,247.3,222.3,93.0,49.8,132,2.0,8.7,47,3.95,0
B202601173,2026-04-09,夜班,B,T3,3,154.1,178.3,238.1,224.9,92.6,54.1,232,6.0,5.0,9,3.5,0
B202601174,2026-04-09,早班,A,T3,1,154.6,188.5,244.9,219.6,100.6,53.7,160,8.0,2.2,21,1.07,1
B202601175,2026-04-09,夜班,B,T3,4,154.0,180.0,246.3,214.0,93.6,46.6,246,8.0,5.1,42,3.33,0
B202601176,2026-04-09,夜班,A,T4,1,153.0,181.6,,224.0,93.2,43.2,86,3.0,1.5,10,0.12,1
B202601177,2026-04-10,早班,C,T5,1,147.0,177.8,240.7,217.8,87.5,62.2,174,7.0,7.7,45,3.79,0
B202601178,2026-04-10,早班,D,T4,1,152.4,180.3,253.6,224.6,97.0,35.7,210,6.0,11.9,24,1.28,1
B202601179,2026-04-10,早班,B,T4,3,159.1,186.2,248.3,218.9,93.2,37.6,165,8.0,4.3,22,2.05,1
B202601180,2026-04-10,夜班,C,T4,1,156.3,189.0,250.5,223.9,98.4,42.7,93,9.0,7.4,20,1.27,1
B202601181,2026-04-10,夜班,B,T4,1,149.6,195.1,247.3,219.3,99.5,35.4,120,8.0,3.4,5,0.49,1
B202601182,2026-04-10,早班,D,T4,2,155.2,189.9,241.0,221.1,89.4,62.2,195,6.0,9.7,14,1.74,0
B202601183,2026-04-10,中班,B,T4,3,159.1,180.5,249.1,223.2,94.7,37.2,198,9.0,4.4,1,2.07,1
B202601184,2026-04-10,中班,C,T5,4,153.8,189.7,246.0,218.5,91.4,34.9,120,8.0,8.8,21,0.72,1
B202601185,2026-04-10,夜班,B,,1,154.1,176.6,243.4,222.9,94.7,49.2,217,5.0,3.1,24,0.75,1
B202601186,2026-04-10,夜班,A,T5,3,149.0,184.0,251.0,222.1,98.0,41.0,175,10.0,0.8,24,0.71,1
B202601187,2026-04-10,夜班,C,T4,1,154.3,186.2,235.5,213.9,84.6,39.1,184,4.0,8.0,28,2.53,0
B202601188,2026-04-10,夜班,B,T4,2,168.1,187.6,239.6,223.7,99.3,40.6,122,5.0,5.3,38,0.91,0
B202601189,2026-04-11,早班,B,T4,2,150.6,173.6,239.3,219.6,95.2,46.4,83,7.0,5.9,29,1.07,0
B202601190,2026-04-11,早班,C,T5,1,153.5,185.3,247.2,224.1,95.4,47.9,126,15.0,6.1,6,1.29,1
B202601191,2026-04-11,中班,A,T4,4,153.2,187.0,241.0,221.4,88.8,41.7,96,15.0,2.1,9,1.52,1
B202601192,2026-04-11,中班,B,T4,1,147.5,194.4,251.0,217.2,90.6,49.6,122,3.0,5.5,23,0.55,1
B202601193,2026-04-11,早班,B,T5,3,148.9,,242.6,216.8,97.9,44.0,95,6.0,4.3,5,2.76,0
B202601194,2026-04-11,夜班,D,T5,3,159.6,184.1,246.6,211.0,97.6,49.2,156,15.0,10.1,23,1.07,1
B202601195,2026-04-11,中班,B,T4,5,162.6,183.0,245.3,223.9,97.1,38.8,109,3.0,3.2,18,1.51,1
B202601196,2026-04-11,早班,D,T4,2,147.4,180.7,241.6,218.7,89.3,51.6,191,7.0,9.2,33,4.19,0
B202601197,2026-04-11,早班,D,T5,2,153.7,189.2,248.3,221.6,94.6,42.1,196,5.0,10.8,2,2.2,1
B202601198,2026-04-11,夜班,A,T4,2,157.8,183.5,246.8,,96.7,42.7,120,10.0,0.7,23,0.11,1
B202601199,2026-04-11,夜班,C,T5,1,155.0,184.2,245.0,219.3,92.1,49.7,228,15.0,8.2,10,0.6,1
B202601200,2026-04-11,早班,B,T3,2,150.6,191.6,251.3,224.0,98.7,40.7,146,14.0,3.9,23,1.62,1
B202601201,2026-04-12,早班,D,T4,1,163.3,182.1,242.2,221.3,93.6,52.7,151,3.0,9.4,21,0.13,1
B202601202,2026-04-12,早班,D,T5,3,158.0,183.8,249.2,219.3,91.2,47.4,106,3.0,9.9,18,0.77,1
B202601203,2026-04-12,夜班,D,T4,1,150.3,178.6,241.3,215.2,96.9,40.5,217,5.0,11.5,39,0.81,0
B202601204,2026-04-12,中班,C,T5,4,144.4,180.0,243.4,222.1,91.7,53.7,92,8.0,8.4,40,2.68,0
B202601205,2026-04-12,中班,A,T4,1,163.3,187.6,244.5,219.0,96.2,48.5,197,4.0,2.2,15,1.86,1
B202601206,2026-04-12,夜班,C,T4,1,159.7,185.9,242.1,214.9,97.2,33.1,140,,7.9,40,3.26,0
B202601207,2026-04-12,早班,A,T3,5,156.9,191.9,250.8,217.3,96.6,48.2,229,14.0,2.7,5,0.5,1
B202601208,2026-04-12,中班,B,T5,1,162.4,182.1,,218.5,95.4,50.3,226,2.0,5.2,44,3.66,0
B202601209,2026-04-12,夜班,B,T5,3,154.1,181.7,247.4,222.6,100.8,47.6,141,13.0,4.9,9,1.39,1
B202601210,2026-04-12,中班,C,T4,5,154.2,181.5,243.6,218.3,91.1,40.0,199,2.0,7.8,46,2.87,0
B202601211,2026-04-12,中班,C,T5,3,149.1,179.3,239.1,218.9,90.2,46.9,172,10.0,8.6,8,3.57,0
B202601212,2026-04-12,中班,A,T4,2,150.3,188.4,242.1,223.6,81.9,49.6,207,1.0,2.7,12,2.84,0
B202601213,2026-04-13,中班,A,T3,1,154.3,185.8,242.3,223.1,90.1,41.1,149,13.0,2.9,21,0.85,1
B202601214,2026-04-13,中班,B,T4,1,147.7,177.1,248.1,220.2,96.9,45.4,230,10.0,4.1,7,0.22,1
B202601215,2026-04-13,中班,B,T5,1,159.9,185.0,247.7,222.4,100.4,49.6,103,13.0,3.2,7,0.65,1
B202601216,2026-04-13,夜班,B,T4,5,153.6,180.9,246.3,224.0,92.6,40.2,96,4.0,3.8,22,2.32,1
B202601217,2026-04-13,夜班,B,T4,5,152.8,181.8,246.8,221.4,94.6,51.6,219,10.0,5.2,16,1.29,1
B202601218,2026-04-13,夜班,B,T3,3,155.7,185.9,240.9,220.9,90.4,44.5,194,5.0,3.2,1,0.79,1
B202601219,2026-04-13,中班,D,T4,1,155.9,181.7,242.6,214.8,84.8,63.9,215,1.0,11.5,35,4.12,0
B202601220,2026-04-13,早班,B,,5,154.5,171.8,248.0,217.1,93.2,42.5,244,,5.7,22,1.76,1
B202601221,2026-04-13,中班,D,T3,1,159.4,179.7,244.3,218.7,92.5,49.2,99,3.0,9.2,6,1.92,1
B202601222,2026-04-13,中班,A,T4,2,157.5,177.8,242.3,210.8,81.2,46.3,111,6.0,1.5,35,1.34,0
B202601223,2026-04-13,夜班,B,T5,1,160.5,175.7,245.5,213.5,96.0,57.1,202,,5.0,12,5.25,0
B202601224,2026-04-13,中班,D,T5,1,160.4,191.2,253.7,220.6,96.0,49.7,98,12.0,10.7,21,1.23,1
B202601225,2026-04-14,中班,B,T4,2,151.5,189.1,248.3,219.3,92.0,46.4,198,11.0,5.0,4,2.33,1
B202601226,2026-04-14,早班,C,T5,5,157.9,188.2,245.4,218.7,90.2,37.7,127,5.0,6.4,1,0.73,1
B202601227,2026-04-14,夜班,A,T3,3,152.2,178.3,247.1,217.9,85.6,39.8,238,,2.7,45,1.26,0
B202601228,2026-04-14,早班,B,T3,2,162.0,188.0,245.7,227.1,96.8,46.8,109,12.0,3.7,1,1.41,1
B202601229,2026-04-14,中班,A,T3,1,157.8,184.4,237.1,217.6,90.5,48.7,124,,1.5,49,2.49,0
B202601230,2026-04-14,中班,B,T4,2,155.3,194.4,246.1,224.3,96.1,51.3,128,3.0,5.9,13,0.27,1
B202601231,2026-04-14,早班,B,T4,1,154.0,189.7,244.3,218.3,97.5,44.6,93,11.0,5.6,6,1.09,1
B202601232,2026-04-14,夜班,C,T3,3,153.9,186.9,238.7,214.8,94.0,49.1,105,8.0,7.1,12,2.25,0
B202601233,2026-04-14,中班,A,T4,1,153.8,182.5,245.9,219.3,98.8,40.1,213,3.0,2.5,2,1.25,1
B202601234,2026-04-14,夜班,A,T4,3,154.0,187.6,239.0,217.9,86.0,44.4,123,11.0,1.9,6,2.51,0
B202601235,2026-04-14,中班,A,T4,2,157.1,180.9,251.9,223.1,92.3,48.8,161,8.0,2.4,15,1.08,1
B202601236,2026-04-14,早班,B,T5,4,150.9,181.0,244.0,222.3,93.3,47.0,180,6.0,3.9,11,0.82,1
B202601237,2026-04-15,夜班,A,T4,2,160.1,180.1,248.2,217.9,98.1,53.4,141,15.0,1.4,5,1.27,1
B202601238,2026-04-15,中班,B,T4,2,166.7,181.7,247.9,220.2,97.5,38.6,151,7.0,5.2,9,0.66,1
B202601239,2026-04-15,夜班,A,T5,2,155.4,194.3,249.1,217.1,93.9,46.5,220,11.0,1.5,22,1.65,1
B202601240,2026-04-15,中班,B,T5,2,160.1,190.8,249.2,222.3,98.7,44.8,183,9.0,3.1,19,0.64,1
B202601241,2026-04-15,早班,D,T5,2,161.8,185.6,239.0,220.5,92.1,61.3,191,4.0,10.0,19,4.37,0
B202601242,2026-04-15,中班,D,T4,3,161.6,189.1,246.6,217.7,93.8,48.0,112,6.0,10.8,48,2.01,0
B202601243,2026-04-15,夜班,A,T4,3,154.0,185.2,243.6,218.6,109.7,44.5,196,9.0,2.2,21,2.46,0
B202601244,2026-04-15,夜班,C,T5,3,162.7,185.8,250.3,217.8,96.2,39.1,128,3.0,7.7,10,2.13,1
B202601245,2026-04-15,夜班,D,T4,4,148.3,174.3,238.0,219.2,88.6,62.1,99,3.0,9.3,41,2.12,0
B202601246,2026-04-15,夜班,D,T4,1,153.0,181.3,244.9,215.9,96.4,48.2,241,9.0,9.8,14,2.34,0
B202601247,2026-04-15,夜班,B,T3,4,152.3,195.4,249.6,225.9,99.1,38.1,192,3.0,4.8,7,0.54,1
B202601248,2026-04-15,早班,D,T4,3,151.2,,249.4,223.8,96.8,45.4,143,8.0,11.1,10,0.53,1
B202601249,2026-04-16,中班,B,T3,2,155.4,183.4,250.8,224.9,97.8,48.0,220,5.0,4.2,2,1.94,1
B202601250,2026-04-16,中班,A,T5,3,148.8,181.3,247.1,219.7,87.4,64.2,152,2.0,1.1,32,2.7,0
B202601251,2026-04-16,夜班,C,T3,2,158.0,185.8,248.6,219.5,93.6,49.4,188,6.0,7.4,1,1.59,1
B202601252,2026-04-16,中班,A,T5,1,155.5,187.3,247.5,221.7,95.6,38.8,108,5.0,0.6,20,0.24,1
B202601253,2026-04-16,中班,D,T4,2,151.4,185.9,244.0,222.4,84.3,46.0,187,9.0,10.0,35,1.4,0
B202601254,2026-04-16,早班,C,T5,1,156.4,176.6,239.3,218.7,87.2,45.7,81,2.0,6.4,33,1.06,0
B202601255,2026-04-16,早班,C,T4,4,147.4,180.8,248.1,221.2,94.5,50.4,149,7.0,6.4,10,1.67,1
B202601256,2026-04-16,夜班,D,T3,2,156.3,185.7,246.0,218.0,95.7,28.7,110,6.0,10.0,28,3.69,0
B202601257,2026-04-16,中班,C,T3,3,155.4,177.9,252.9,219.0,90.9,40.8,191,3.0,8.2,2,0.49,1
B202601258,2026-04-16,夜班,A,T4,3,163.1,182.5,246.0,220.9,92.0,47.9,204,5.0,2.4,2,2.86,1
B202601259,2026-04-16,中班,D,T3,2,152.6,185.0,249.5,216.5,94.5,50.0,148,12.0,9.2,5,1.01,1
B202601260,2026-04-16,中班,D,T4,4,159.2,185.2,247.7,220.4,92.5,43.1,199,5.0,10.8,4,0.17,1
B202601261,2026-04-17,中班,B,T4,1,150.3,189.5,251.0,220.8,91.5,31.6,191,1.0,4.2,19,3.21,0
B202601262,2026-04-17,夜班,D,T4,3,156.5,177.2,244.3,217.2,95.2,56.9,166,10.0,9.3,7,3.21,0
B202601263,2026-04-17,早班,D,T4,1,154.0,183.0,248.6,219.1,98.7,49.0,226,12.0,11.0,22,1.29,1
B202601264,2026-04-17,早班,B,T3,4,156.4,184.0,249.9,218.1,95.7,49.6,165,15.0,3.2,21,2.22,1
B202601265,2026-04-17,夜班,A,T4,1,147.4,192.4,244.7,224.0,93.6,36.3,243,9.0,2.3,11,0.65,1
B202601266,2026-04-17,早班,B,T5,1,155.0,182.1,247.1,223.6,92.9,38.7,176,9.0,4.0,24,0.76,1
B202601267,2026-04-17,早班,B,T3,3,150.8,192.8,242.6,212.5,99.7,43.6,213,9.0,4.9,34,2.73,0
B202601268,2026-04-17,中班,B,T4,4,148.0,,251.1,223.3,98.6,55.2,88,6.0,4.3,23,0.9,1
B202601269,2026-04-17,夜班,D,T4,1,157.2,184.9,237.0,213.7,85.8,41.4,182,5.0,9.6,33,1.06,0
B202601270,2026-04-17,早班,A,T4,4,151.3,174.7,251.2,216.3,97.0,51.8,91,11.0,1.0,15,1.07,1
B202601271,2026-04-17,早班,C,T4,2,149.8,188.5,239.8,222.4,88.3,48.2,138,1.0,6.8,7,2.33,0
B202601272,2026-04-17,中班,A,T5,2,148.3,184.1,249.2,216.9,94.7,36.6,183,15.0,1.7,21,0.21,1
B202601273,2026-04-18,中班,A,T3,2,156.8,189.7,248.3,222.3,98.6,45.7,249,8.0,1.5,14,1.1,1
B202601274,2026-04-18,中班,B,T4,2,155.4,185.4,,,92.8,51.0,171,3.0,3.8,8,0.74,1
B202601275,2026-04-18,早班,C,T4,5,145.8,174.5,243.6,207.6,92.8,57.8,246,5.0,9.0,20,1.97,0
B202601276,2026-04-18,夜班,B,T4,3,155.8,183.2,246.3,217.0,84.3,63.6,214,3.0,3.3,25,2.85,0
B202601277,2026-04-18,早班,A,T4,4,146.3,,245.6,224.3,97.2,35.8,221,3.0,0.6,21,0.96,1
B202601278,2026-04-18,中班,A,T4,2,159.7,180.0,249.9,221.2,91.2,44.9,174,6.0,2.4,7,0.65,1
B202601279,2026-04-18,早班,A,T5,1,153.5,189.4,248.9,222.2,93.3,46.5,160,14.0,1.6,3,0.9,1
B202601280,2026-04-18,夜班,C,T4,1,145.9,195.2,240.7,219.7,94.9,49.5,133,9.0,7.9,12,2.27,0
B202601281,2026-04-18,中班,D,T3,3,148.0,190.8,240.8,,83.7,51.2,199,3.0,10.4,27,1.2,0
B202601282,2026-04-18,早班,A,T3,3,153.3,191.0,244.8,221.3,86.0,58.6,165,4.0,2.7,34,2.95,0
B202601283,2026-04-18,中班,B,T4,2,152.1,186.9,245.9,222.4,91.8,51.2,135,4.0,4.0,24,4.04,0
B202601284,2026-04-18,夜班,B,T3,3,152.2,184.2,250.0,220.4,97.3,51.3,123,13.0,3.7,3,1.04,1
B202601285,2026-04-19,夜班,A,T4,2,148.7,179.4,246.6,213.8,101.1,50.1,180,3.0,1.9,27,4.86,0
B202601286,2026-04-19,中班,A,T3,2,156.3,189.7,248.3,218.8,100.6,36.2,232,9.0,0.8,3,0.81,1
B202601287,2026-04-19,早班,C,T5,2,159.8,,238.7,222.1,85.4,58.8,156,8.0,8.7,9,3.46,0
B202601288,2026-04-19,早班,D,T4,3,155.3,177.6,247.6,214.9,100.7,43.8,107,3.0,10.3,10,0.71,1
B202601289,2026-04-19,早班,B,T4,3,,184.2,242.1,220.8,86.2,58.4,208,5.0,5.0,41,2.94,0
B202601290,2026-04-19,中班,D,T5,1,157.4,177.6,249.2,224.3,94.2,52.7,98,10.0,9.5,10,0.5,1
B202601291,2026-04-19,夜班,C,T5,5,155.6,193.0,249.3,218.0,92.8,46.0,148,13.0,8.4,17,0.78,1
B202601292,2026-04-19,中班,A,T5,2,156.8,184.0,247.0,218.4,93.0,43.5,231,7.0,2.2,23,0.38,1
B202601293,2026-04-19,夜班,C,T3,1,164.9,187.4,245.7,215.8,91.9,37.8,156,9.0,7.8,22,0.82,1
B202601294,2026-04-19,早班,C,T3,3,155.1,185.3,250.0,217.0,96.0,41.8,245,4.0,6.8,4,1.57,1
B202601295,2026-04-19,夜班,C,T4,1,156.5,185.9,251.4,223.4,96.4,40.9,133,13.0,7.1,6,1.81,1
B202601296,2026-04-19,中班,B,T4,1,156.7,180.2,242.1,216.5,99.1,53.3,166,10.0,5.9,15,3.12,0
B202601297,2026-04-20,早班,C,T3,4,162.2,192.9,244.3,223.2,96.9,31.0,81,6.0,7.7,7,0.05,1
B202601298,2026-04-20,早班,D,T5,1,166.3,180.3,243.1,210.3,84.0,58.5,242,5.0,9.0,41,2.68,0
B202601299,2026-04-20,夜班,A,T5,3,159.3,179.2,242.9,223.0,95.2,49.9,96,7.0,2.9,25,3.06,0
B202601300,2026-04-20,中班,C,T4,1,154.8,176.2,240.0,216.8,88.4,49.4,197,11.0,8.0,7,1.96,0
B202601301,2026-04-20,中班,C,T5,1,151.1,182.7,241.5,206.1,95.3,63.2,101,3.0,6.0,31,3.85,0
B202601302,2026-04-20,中班,D,T5,3,153.8,193.2,239.3,212.0,98.3,36.7,241,9.0,10.1,38,4.58,0
B202601303,2026-04-20,中班,D,T3,3,148.8,171.4,244.5,222.8,95.0,59.9,224,7.0,9.2,17,2.25,0
B202601304,2026-04-20,夜班,B,T5,4,151.8,177.1,245.0,216.5,85.7,45.2,173,11.0,3.3,49,3.19,0
B202601305,2026-04-20,早班,D,T4,4,158.9,190.5,242.3,215.6,97.3,42.6,216,,9.5,11,2.43,0
B202601306,2026-04-20,夜班,B,T4,5,154.5,181.3,245.2,217.8,97.3,44.4,116,8.0,5.0,46,0.44,0
B202601307,2026-04-20,中班,B,T5,1,151.7,181.8,247.2,216.0,97.9,45.6,163,9.0,5.3,0,0.61,1
B202601308,2026-04-20,中班,C,T3,4,152.2,183.8,248.0,222.9,95.8,52.1,191,,7.9,10,1.04,1
B202601309,2026-04-21,夜班,A,T5,2,156.0,193.6,236.1,212.0,89.2,41.6,80,2.0,2.1,48,3.26,0
B202601310,2026-04-21,中班,B,T5,3,156.1,186.4,245.2,218.6,89.4,42.9,208,6.0,4.4,24,1.78,1
B202601311,2026-04-21,早班,C,T5,4,156.2,182.7,239.7,221.7,90.8,34.2,188,9.0,6.1,19,2.2,0
B202601312,2026-04-21,早班,D,T5,3,151.9,177.3,241.0,214.7,87.0,45.5,87,10.0,9.8,13,6.12,0
B202601313,2026-04-21,早班,D,T4,2,154.0,179.3,240.7,213.5,96.6,60.2,84,9.0,10.8,45,2.6,0
B202601314,2026-04-21,中班,B,T4,1,156.7,181.9,243.1,222.2,99.9,35.8,200,10.0,5.9,7,0.88,1
B202601315,2026-04-21,早班,A,T4,2,155.1,179.4,244.3,209.5,94.5,45.6,106,11.0,1.6,39,4.26,0
B202601316,2026-04-21,早班,D,T3,3,149.5,184.4,245.6,217.4,92.3,47.2,202,,9.0,46,4.28,0
B202601317,2026-04-21,夜班,C,T4,1,155.9,188.3,249.4,220.1,95.3,43.6,194,3.0,7.7,8,0.21,1
B202601318,2026-04-21,中班,B,T3,1,147.3,194.2,241.6,218.4,89.0,45.5,221,1.0,5.5,25,4.31,0
B202601319,2026-04-21,中班,D,T4,1,161.8,182.1,239.9,211.0,99.7,46.6,214,8.0,11.5,8,6.39,0
B202601320,2026-04-21,早班,C,T4,3,144.5,175.5,241.4,223.4,96.9,56.1,83,2.0,6.8,12,3.07,0
B202601321,2026-04-22,早班,A,T3,1,158.0,178.9,244.4,224.0,96.2,51.4,166,8.0,2.6,6,1.18,1
B202601322,2026-04-22,夜班,C,T5,2,160.8,185.5,235.6,,96.7,50.3,242,3.0,7.6,37,2.81,0
B202601323,2026-04-22,中班,D,T4,4,155.6,176.1,244.6,219.1,92.8,38.9,198,5.0,10.7,3,0.65,1
B202601324,2026-04-22,中班,A,T4,1,154.2,184.9,245.9,217.8,95.4,39.1,170,11.0,2.6,17,3.55,0
B202601325,2026-04-22,夜班,B,T4,4,146.4,182.9,246.7,219.9,89.7,42.2,159,7.0,4.1,14,4.37,0
B202601326,2026-04-22,早班,C,T4,4,155.1,190.0,247.6,224.7,92.0,51.1,129,4.0,6.2,16,0.41,1
B202601327,2026-04-22,早班,B,T4,4,150.7,185.5,243.4,222.4,97.2,43.7,150,10.0,5.1,8,0.02,1
B202601328,2026-04-22,中班,A,T4,1,157.3,187.6,248.4,224.7,97.8,33.0,95,5.0,1.9,43,2.76,0
B202601329,2026-04-22,早班,B,T3,1,157.7,177.5,249.5,218.8,93.3,48.0,150,6.0,3.0,24,0.8,1
B202601330,2026-04-22,中班,A,T3,1,166.3,191.7,251.4,224.7,90.8,46.0,109,4.0,2.3,20,0.17,1
B202601331,2026-04-22,中班,D,T4,2,154.4,184.8,244.2,218.8,98.2,51.0,220,11.0,9.6,10,0.59,0
B202601332,2026-04-22,早班,A,T5,2,154.2,186.5,241.4,216.3,89.5,48.6,151,5.0,1.3,33,3.26,0
B202601333,2026-04-23,中班,C,T5,1,157.4,185.8,238.3,218.7,94.9,69.1,107,10.0,8.0,34,1.51,0
B202601334,2026-04-23,中班,A,T5,2,156.4,183.4,235.9,214.1,89.6,48.6,209,10.0,0.6,48,1.57,0
B202601335,2026-04-23,早班,D,T5,3,150.7,189.5,248.1,225.7,95.8,47.1,86,3.0,11.9,8,0.52,1
B202601336,2026-04-23,中班,B,T3,3,161.6,186.9,248.9,214.2,95.7,50.0,193,8.0,3.3,15,2.04,1
B202601337,2026-04-23,中班,A,T3,2,159.4,182.1,248.6,224.1,95.1,42.3,141,12.0,1.7,21,0.77,1
B202601338,2026-04-23,中班,B,T4,1,147.9,184.4,250.9,225.9,92.8,50.3,103,7.0,3.1,1,0.33,1
B202601339,2026-04-23,早班,B,T5,3,152.8,192.8,251.3,221.2,89.8,43.9,181,,3.2,19,1.41,1
B202601340,2026-04-23,早班,A,T3,1,156.2,193.5,248.2,212.7,88.2,52.2,165,9.0,0.5,2,1.3,1
B202601341,2026-04-23,中班,B,T4,3,148.0,184.7,250.6,218.9,91.4,48.7,246,4.0,5.5,4,2.42,1
B202601342,2026-04-23,夜班,D,T4,3,153.3,185.0,243.3,214.2,94.0,40.1,205,8.0,11.6,2,1.87,1
B202601343,2026-04-23,早班,C,T3,2,156.5,180.5,247.0,218.5,92.6,44.5,166,13.0,8.5,16,0.64,1
B202601344,2026-04-23,中班,D,T5,3,151.5,193.4,247.0,218.9,97.6,46.0,152,3.0,11.1,4,0.91,1
B202601345,2026-04-24,中班,C,T4,2,153.1,193.2,237.6,222.4,93.1,50.2,201,7.0,7.3,40,1.83,0
B202601346,2026-04-24,早班,B,T5,5,148.9,190.3,252.9,218.3,93.9,37.5,195,6.0,4.7,20,1.68,1
B202601347,2026-04-24,早班,B,T3,5,155.3,189.8,245.5,218.8,99.7,41.0,234,14.0,5.6,3,0.82,1
B202601348,2026-04-24,中班,B,T4,1,159.3,192.9,253.2,221.3,95.6,47.2,108,15.0,5.8,10,0.06,1
B202601349,2026-04-24,中班,C,T5,3,150.4,180.2,249.7,220.7,93.6,46.3,98,11.0,6.5,9,0.59,1
B202601350,2026-04-24,早班,B,T4,3,159.0,191.0,248.0,216.3,95.0,41.4,199,12.0,5.5,2,1.4,1
B202601351,2026-04-24,夜班,D,T5,2,159.4,175.7,245.1,219.8,93.7,46.9,218,6.0,9.5,7,0.69,1
B202601352,2026-04-24,夜班,C,T5,5,155.4,181.1,247.0,221.2,96.9,42.1,128,10.0,8.8,21,0.8,1
B202601353,2026-04-24,早班,A,T4,1,147.0,185.0,246.5,213.8,90.4,44.8,163,7.0,2.1,15,0.87,1
B202601354,2026-04-24,夜班,A,T4,4,159.7,183.2,243.0,216.3,90.0,40.5,123,15.0,1.0,13,1.39,1
B202601355,2026-04-24,早班,B,T5,3,151.9,186.1,248.7,222.2,95.4,47.5,128,8.0,3.9,2,0.96,1
B202601356,2026-04-24,中班,D,T4,4,146.7,178.1,239.4,217.9,96.1,50.3,164,2.0,11.0,9,2.52,0
B202601357,2026-04-25,中班,B,T3,3,,189.6,248.1,220.3,94.9,51.2,82,12.0,4.3,13,1.19,1
B202601358,2026-04-25,中班,C,T4,4,151.5,181.0,248.1,218.3,96.0,45.6,230,,7.5,7,0.74,1
B202601359,2026-04-25,早班,D,T4,1,151.5,173.9,240.5,215.4,94.0,66.4,130,8.0,10.6,34,1.12,0
B202601360,2026-04-25,夜班,A,T5,2,150.4,173.7,239.9,227.6,97.2,50.1,209,7.0,2.4,8,4.15,0
B202601361,2026-04-25,早班,B,T5,3,150.4,170.3,240.9,217.2,90.7,62.6,243,10.0,3.4,20,2.26,0
B202601362,2026-04-25,中班,A,T4,1,156.9,174.3,245.4,216.0,93.2,44.1,200,3.0,1.6,23,1.04,1
B202601363,2026-04-25,中班,D,T4,1,156.2,190.4,246.6,226.0,89.9,47.0,140,3.0,10.9,2,0.71,1
B202601364,2026-04-25,中班,D,T3,2,161.4,191.0,244.2,222.3,90.5,62.4,140,2.0,11.4,22,1.7,0
B202601365,2026-04-25,中班,D,T5,2,152.4,181.8,241.3,211.9,105.6,45.2,184,5.0,12.0,5,2.28,0
B202601366,2026-04-25,中班,C,T4,1,152.1,187.9,240.2,217.6,88.2,53.2,96,8.0,7.8,14,3.8,0
B202601367,2026-04-25,中班,B,T4,2,155.3,189.4,248.6,223.6,95.4,46.6,173,,5.0,13,0.67,1
B202601368,2026-04-25,夜班,C,T3,5,157.9,189.5,243.9,222.1,90.0,34.0,159,,6.6,14,0.82,1
B202601369,2026-04-26,早班,A,T4,4,159.0,166.4,238.5,225.0,88.4,47.7,103,11.0,2.6,17,4.01,0
B202601370,2026-04-26,早班,A,T4,1,,178.2,245.9,221.7,92.6,44.6,118,15.0,1.6,21,0.77,1
B202601371,2026-04-26,夜班,D,T4,5,153.6,190.1,243.4,218.7,88.0,25.0,224,8.0,11.2,39,1.6,0
B202601372,2026-04-26,早班,A,T4,1,151.6,180.6,241.3,222.6,92.7,59.7,84,1.0,2.2,11,1.75,0
B202601373,2026-04-26,夜班,A,T3,3,153.7,188.5,250.5,222.7,90.4,40.7,142,4.0,1.6,7,2.04,1
B202601374,2026-04-26,夜班,A,T4,4,156.3,174.4,244.3,219.8,92.1,53.8,184,2.0,0.8,43,2.4,0
B202601375,2026-04-26,夜班,B,T5,3,160.7,200.6,250.0,222.7,93.3,57.3,215,10.0,4.3,19,0.93,1
B202601376,2026-04-26,中班,D,T4,2,149.2,178.8,239.4,215.5,89.0,62.0,80,9.0,9.1,29,3.13,0
B202601377,2026-04-26,早班,C,T5,5,146.3,178.0,243.4,214.2,90.3,42.8,136,3.0,8.4,8,1.37,0
B202601378,2026-04-26,早班,B,T3,5,149.6,186.2,239.2,223.3,92.0,56.8,89,4.0,5.1,29,2.15,0
B202601379,2026-04-26,中班,A,T4,1,156.3,188.6,246.9,221.9,93.3,42.5,217,4.0,0.6,4,1.68,1
B202601380,2026-04-26,夜班,D,T5,2,153.6,183.2,247.9,220.4,96.6,51.8,208,7.0,9.9,3,0.78,1
B202601381,2026-04-27,中班,B,T5,1,165.9,183.7,250.2,218.0,87.5,52.6,167,4.0,4.1,9,1.22,1
B202601382,2026-04-27,中班,B,T5,4,155.0,178.8,240.4,216.9,98.9,62.9,178,6.0,3.4,48,3.76,0
B202601383,2026-04-27,夜班,D,T4,1,152.2,182.2,239.7,215.8,93.6,,144,6.0,9.7,15,1.82,0
B202601384,2026-04-27,早班,D,T5,4,157.1,186.7,248.2,220.4,91.7,47.6,248,14.0,11.4,15,0.67,1
B202601385,2026-04-27,早班,C,T4,3,156.4,187.3,250.6,217.8,94.3,,212,15.0,8.5,19,1.26,1
B202601386,2026-04-27,中班,D,T4,1,154.0,173.6,242.8,218.1,91.6,58.2,93,10.0,9.7,46,0.36,0
B202601387,2026-04-27,中班,B,T4,1,155.7,184.8,253.7,225.1,97.8,41.5,216,7.0,4.1,8,1.34,1
B202601388,2026-04-27,中班,C,T5,1,160.8,186.0,243.7,222.1,82.4,52.7,119,11.0,6.1,19,1.38,0
B202601389,2026-04-27,夜班,B,T3,3,155.1,184.6,241.9,215.0,103.7,42.5,250,5.0,4.7,28,1.95,0
B202601390,2026-04-27,早班,C,T4,1,149.2,185.7,239.0,214.1,99.2,51.8,200,7.0,8.3,10,1.59,0
B202601391,2026-04-27,早班,B,T3,1,161.3,176.7,249.3,218.7,91.7,38.6,95,8.0,5.4,3,0.89,1
B202601392,2026-04-27,夜班,D,T4,4,152.0,181.4,236.4,215.2,93.5,45.6,81,1.0,10.8,15,1.83,0
B202601393,2026-04-28,早班,B,T5,1,160.2,185.2,248.6,214.9,89.2,43.9,183,6.0,4.8,1,0.41,1
B202601394,2026-04-28,早班,D,T4,5,146.1,182.2,247.8,221.9,93.7,47.5,158,3.0,11.4,9,0.63,1
B202601395,2026-04-28,早班,D,T3,2,159.4,183.2,244.0,213.5,83.0,,202,10.0,9.2,21,1.68,0
B202601396,2026-04-28,夜班,D,T5,2,,192.8,241.3,219.3,84.7,55.1,145,4.0,11.0,12,1.21,0
B202601397,2026-04-28,中班,C,T4,1,153.0,183.2,246.6,221.9,96.6,30.0,94,13.0,7.2,8,0.73,1
B202601398,2026-04-28,夜班,D,T4,3,148.1,186.7,242.3,215.2,88.7,48.1,220,1.0,9.6,22,3.08,0
B202601399,2026-04-28,中班,C,T4,1,160.0,183.1,246.1,214.9,88.8,47.2,93,14.0,8.2,10,1.82,1
B202601400,2026-04-28,中班,C,T5,1,154.8,190.1,245.0,218.4,99.7,55.7,82,1.0,6.6,48,0.03,0
B202601401,2026-04-28,夜班,C,T4,2,154.3,178.1,239.1,219.8,84.5,65.2,236,5.0,6.4,35,1.5,0
B202601402,2026-04-28,中班,D,T3,4,141.0,186.7,242.7,219.2,97.0,49.2,96,7.0,11.8,15,1.36,0
B202601403,2026-04-28,夜班,B,T5,5,164.3,182.5,244.9,216.2,88.6,50.6,101,6.0,3.4,35,2.74,0
B202601404,2026-04-28,中班,B,T3,2,152.5,184.5,248.1,219.2,94.5,38.2,137,5.0,5.6,18,0.32,1
B202601405,2026-04-29,早班,C,T4,4,156.3,184.2,247.5,217.1,94.7,41.3,119,9.0,8.9,23,1.07,1
B202601406,2026-04-29,早班,A,T4,4,154.5,193.2,247.8,223.1,91.1,44.5,175,5.0,2.5,2,1.16,1
B202601407,2026-04-29,早班,B,T4,3,155.2,191.2,248.8,219.9,93.5,38.7,144,15.0,5.7,7,0.53,1
B202601408,2026-04-29,夜班,A,T3,1,157.6,186.2,247.9,214.9,93.5,41.1,209,8.0,2.3,2,2.3,1
B202601409,2026-04-29,中班,B,T5,3,156.2,171.9,246.4,219.9,93.9,43.4,212,13.0,4.6,7,2.05,1
B202601410,2026-04-29,夜班,B,T4,3,152.2,181.3,246.7,218.8,95.7,,226,12.0,3.4,5,1.56,1
B202601411,2026-04-29,早班,B,T3,4,154.8,188.1,,218.7,96.0,47.5,155,11.0,3.6,14,0.33,1
B202601412,2026-04-29,中班,B,T3,2,152.7,188.3,241.4,217.4,93.1,60.3,221,11.0,5.7,22,4.62,0
B202601413,2026-04-29,早班,A,T3,1,161.2,176.7,249.0,217.2,100.9,37.2,173,6.0,1.6,9,1.92,1
B202601414,2026-04-29,中班,B,T4,2,158.0,184.2,240.7,219.2,91.5,40.7,114,10.0,3.9,2,0.59,1
B202601415,2026-04-29,中班,C,T5,3,157.3,175.2,245.9,212.6,90.4,43.5,131,3.0,8.4,41,2.75,0
B202601416,2026-04-29,早班,B,T4,4,147.7,174.7,,220.7,93.4,44.2,92,8.0,5.0,19,1.19,1
B202601417,2026-04-30,早班,C,T5,3,152.3,188.6,250.9,217.4,89.4,40.3,198,3.0,8.0,9,2.34,1
B202601418,2026-04-30,中班,B,T4,1,153.0,184.7,250.5,224.9,96.9,44.9,207,13.0,5.4,9,1.34,1
B202601419,2026-04-30,夜班,B,T4,1,152.6,181.6,246.1,215.8,89.7,47.1,140,4.0,4.4,13,3.94,0
B202601420,2026-04-30,中班,C,T4,2,165.3,190.0,248.6,219.7,90.9,49.8,215,5.0,6.8,24,1.31,1
B202601421,2026-04-30,早班,D,T5,1,153.3,191.6,248.6,225.1,93.0,36.8,95,15.0,9.9,0,0.57,1
B202601422,2026-04-30,夜班,A,T5,3,152.8,182.7,253.1,213.8,89.3,,162,6.0,1.3,13,1.79,1
B202601423,2026-04-30,早班,D,T5,1,152.6,175.1,243.1,218.7,96.8,39.5,221,2.0,10.2,11,2.44,0
B202601424,2026-04-30,早班,D,T4,5,153.6,178.2,,211.9,95.9,43.5,102,4.0,11.9,14,3.47,0
B202601425,2026-04-30,中班,C,T4,4,149.1,181.6,247.4,224.3,91.7,52.8,248,12.0,6.7,16,0.41,1
B202601426,2026-04-30,早班,C,T3,1,154.5,174.4,243.1,212.6,94.9,46.9,140,2.0,7.8,27,1.68,0
B202601427,2026-04-30,夜班,D,T3,1,154.3,186.6,242.7,212.6,101.8,51.4,81,5.0,10.1,33,3.56,0
B202601428,2026-04-30,夜班,C,T4,1,155.1,185.2,245.2,215.2,92.9,47.2,80,10.0,7.5,40,4.81,0
B202601429,2026-05-01,中班,D,T3,1,147.3,176.4,240.8,,100.1,62.3,201,1.0,9.3,41,1.61,0
B202601430,2026-05-01,夜班,D,T4,2,158.2,178.3,241.2,217.0,85.3,56.2,212,10.0,9.4,47,2.76,0
B202601431,2026-05-01,夜班,B,T4,3,155.9,177.1,248.7,218.3,95.5,45.0,95,8.0,4.7,24,1.24,1
B202601432,2026-05-01,早班,D,T4,1,154.2,177.3,242.2,217.3,91.7,46.6,185,6.0,11.8,21,0.86,0
B202601433,2026-05-01,中班,D,T4,2,149.7,177.3,245.0,217.7,93.7,45.9,146,3.0,9.4,48,3.15,0
B202601434,2026-05-01,中班,C,T4,1,154.8,181.4,252.5,216.3,93.7,39.9,149,7.0,7.3,13,1.71,1
B202601435,2026-05-01,早班,B,T4,3,149.8,194.8,250.7,221.2,93.6,39.4,152,7.0,4.8,11,1.48,1
B202601436,2026-05-01,夜班,A,T5,2,157.9,181.8,249.1,220.9,92.9,41.0,249,10.0,2.7,22,0.71,1
B202601437,2026-05-01,中班,B,T4,3,157.0,182.9,247.9,216.5,95.5,45.3,85,13.0,4.4,6,0.7,1
B202601438,2026-05-01,夜班,B,T4,3,154.6,182.0,249.6,222.7,89.6,44.9,233,14.0,5.0,10,0.2,1
B202601439,2026-05-01,中班,A,T3,4,152.9,178.2,250.0,216.0,92.7,55.3,130,7.0,1.9,19,0.92,1
B202601440,2026-05-01,早班,A,T4,2,149.4,180.3,247.0,218.8,95.5,46.0,222,12.0,2.6,20,1.19,1
B202601441,2026-05-02,夜班,A,T4,1,159.8,186.9,247.0,219.6,93.2,40.4,198,13.0,2.9,22,0.81,1
B202601442,2026-05-02,早班,D,T3,3,157.4,188.4,245.1,218.5,92.3,41.1,249,8.0,10.4,19,0.75,1
B202601443,2026-05-02,早班,A,T5,2,157.1,185.8,247.8,218.1,97.1,47.7,186,13.0,1.7,0,0.32,1
B202601444,2026-05-02,夜班,C,T4,3,156.1,185.5,237.8,218.0,88.1,56.5,170,7.0,6.5,13,3.47,0
B202601445,2026-05-02,夜班,D,T4,2,161.6,186.4,239.0,213.4,100.0,44.2,157,8.0,9.6,7,2.19,0
B202601446,2026-05-02,夜班,D,T4,1,148.1,188.1,240.2,220.0,83.9,51.7,135,6.0,10.3,44,2.59,0
B202601447,2026-05-02,早班,C,T5,2,153.2,184.2,243.1,219.7,93.0,65.6,177,11.0,7.0,7,3.6,0
B202601448,2026-05-02,中班,B,T5,2,152.2,196.3,248.9,217.7,92.8,44.9,205,3.0,3.9,0,1.27,1
B202601449,2026-05-02,中班,B,T5,1,151.7,186.3,243.8,215.1,85.4,50.4,141,3.0,3.4,13,4.52,0
B202601450,2026-05-02,夜班,C,T3,2,157.2,183.9,240.2,217.5,91.5,46.5,93,11.0,7.3,21,1.51,0
B202601451,2026-05-02,早班,B,T4,3,152.3,184.0,245.7,220.9,95.0,46.0,139,12.0,4.9,4,0.5,1
B202601452,2026-05-02,中班,B,T5,1,148.8,179.4,240.6,213.8,94.1,49.8,150,7.0,5.9,36,5.27,0
B202601453,2026-05-03,中班,B,T5,1,153.1,181.4,245.6,,95.9,56.0,92,3.0,3.8,0,2.74,1
B202601454,2026-05-03,中班,B,T5,1,158.5,186.0,246.5,221.2,98.4,45.0,126,10.0,4.6,11,1.1,1
B202601455,2026-05-03,夜班,B,T3,1,156.7,190.2,246.2,212.5,94.2,38.7,203,13.0,5.2,22,0.45,1
B202601456,2026-05-03,夜班,B,T4,1,155.0,189.7,242.6,216.6,94.1,61.5,154,10.0,5.5,28,1.89,0
B202601457,2026-05-03,夜班,A,T3,3,154.1,190.1,248.5,218.6,98.2,44.4,167,9.0,1.5,8,1.87,1
B202601458,2026-05-03,早班,D,T4,4,143.6,182.5,236.9,215.0,90.4,42.6,101,2.0,10.7,10,4.16,0
B202601459,2026-05-03,夜班,A,T3,3,159.3,178.9,249.9,224.8,96.2,46.1,137,,0.7,8,0.23,1
B202601460,2026-05-03,夜班,C,T4,2,157.8,187.9,243.6,217.9,97.9,57.3,202,11.0,6.6,19,1.5,1
B202601461,2026-05-03,夜班,A,T4,2,155.4,191.4,250.9,224.8,94.9,44.3,168,7.0,1.9,6,0.4,1
B202601462,2026-05-03,中班,C,T5,1,156.8,177.4,250.3,218.8,92.2,45.8,191,13.0,7.7,7,1.53,1
B202601463,2026-05-03,中班,C,T3,1,155.6,194.0,242.5,216.1,94.7,65.2,235,6.0,8.0,11,4.21,0
B202601464,2026-05-03,早班,A,T3,2,154.3,186.6,247.1,221.9,90.4,37.3,131,10.0,0.7,12,1.27,1
B202601465,2026-05-04,中班,D,T3,3,154.3,190.6,239.9,217.4,86.9,39.2,161,2.0,10.5,35,1.52,0
B202601466,2026-05-04,早班,B,T3,1,159.0,178.1,247.4,212.1,96.6,47.3,168,14.0,3.4,0,0.92,1
B202601467,2026-05-04,早班,A,T3,4,154.3,186.6,251.7,222.3,91.9,49.4,118,8.0,1.6,18,0.83,1
B202601468,2026-05-04,中班,D,T4,2,157.5,182.6,247.6,222.6,95.7,47.7,114,3.0,9.3,23,0.92,1
B202601469,2026-05-04,中班,D,T4,1,141.1,178.0,243.4,215.1,91.6,48.7,192,6.0,9.2,40,2.74,0
B202601470,2026-05-04,夜班,C,T3,2,148.0,188.8,248.4,222.1,95.1,42.5,184,8.0,6.5,10,0.12,1
B202601471,2026-05-04,中班,A,T5,2,150.3,188.1,246.7,226.1,89.9,44.6,234,9.0,2.8,22,0.46,1
B202601472,2026-05-04,中班,C,T4,1,153.2,191.2,248.5,221.2,97.7,41.8,80,14.0,8.9,8,0.54,1
B202601473,2026-05-04,夜班,A,T4,1,158.2,180.3,252.9,223.9,93.9,48.2,139,8.0,1.6,4,1.41,1
B202601474,2026-05-04,中班,B,T3,2,157.5,185.7,246.5,221.2,92.4,48.1,155,5.0,4.5,15,1.12,1
B202601475,2026-05-04,中班,A,T5,2,154.4,180.3,251.5,218.3,96.7,42.3,247,,1.6,14,1.32,1
B202601476,2026-05-04,夜班,B,T4,3,154.9,183.0,250.4,220.4,92.9,48.7,193,14.0,4.5,7,1.5,1
B202601477,2026-05-05,夜班,B,T4,3,160.7,183.0,248.3,223.7,94.3,55.4,181,5.0,4.3,9,1.22,0
B202601478,2026-05-05,早班,B,T4,3,157.1,184.0,247.5,213.4,90.0,51.5,106,6.0,5.2,47,3.4,0
B202601479,2026-05-05,早班,B,T4,1,,177.2,243.4,217.8,88.8,41.8,127,8.0,3.9,39,2.85,0
B202601480,2026-05-05,夜班,A,T4,2,154.3,182.9,247.9,225.2,95.0,53.3,158,3.0,3.0,2,0.85,1
B202601481,2026-05-05,夜班,A,T4,1,148.3,183.9,245.8,225.2,97.6,48.2,141,,1.2,22,1.61,1
B202601482,2026-05-05,夜班,B,T3,3,158.9,177.1,252.2,220.1,92.6,54.7,101,3.0,5.0,1,1.52,1
B202601483,2026-05-05,夜班,B,T4,1,166.1,179.6,242.7,219.5,90.4,49.2,177,1.0,5.2,17,4.51,0
B202601484,2026-05-05,早班,B,T4,1,157.0,179.9,250.2,222.5,92.3,51.0,149,3.0,4.8,19,1.12,1
B202601485,2026-05-05,夜班,B,T4,5,158.8,186.6,245.0,222.4,94.5,40.1,201,8.0,4.8,8,0.5,1
B202601486,2026-05-05,中班,D,T3,2,158.9,185.5,245.2,218.6,96.9,38.2,227,13.0,10.5,9,1.2,1
B202601487,2026-05-05,早班,A,T4,4,159.2,184.5,245.2,224.3,97.0,48.4,137,15.0,1.8,12,1.3,1
B202601488,2026-05-05,早班,C,T4,1,154.0,177.3,243.1,218.5,82.2,38.7,198,7.0,8.5,40,3.65,0
B202601489,2026-05-06,中班,A,T4,1,155.5,189.9,248.4,216.6,95.3,45.5,185,10.0,1.2,19,1.85,1
B202601490,2026-05-06,中班,B,T4,1,147.3,179.5,249.8,217.6,98.2,47.8,113,13.0,5.9,20,0.97,1
B202601491,2026-05-06,中班,D,T3,3,151.6,179.7,243.2,223.6,87.0,57.5,137,2.0,11.4,9,3.5,0
B202601492,2026-05-06,中班,B,T5,3,153.0,178.3,249.6,226.3,94.8,39.2,133,12.0,5.6,8,0.62,1
B202601493,2026-05-06,夜班,C,T3,5,146.4,188.0,242.4,220.6,85.4,53.6,200,4.0,7.7,35,3.16,0
B202601494,2026-05-06,夜班,B,T5,3,142.3,176.5,239.4,218.7,89.8,45.3,227,5.0,3.1,11,4.35,0
B202601495,2026-05-06,夜班,B,T4,1,156.5,186.0,245.7,220.6,97.4,53.0,95,13.0,5.2,4,0.85,1
B202601496,2026-05-06,中班,A,T4,1,156.4,177.5,249.7,216.7,92.2,43.4,147,10.0,2.2,12,0.89,1
B202601497,2026-05-06,中班,C,T5,5,154.3,186.9,245.6,224.0,95.6,45.8,111,8.0,7.3,11,0.23,1
B202601498,2026-05-06,早班,A,T5,4,155.1,188.1,243.8,223.3,102.0,41.3,189,4.0,2.1,10,0.36,1
B202601499,2026-05-06,中班,A,T3,3,145.8,181.6,248.8,217.8,92.5,40.1,230,7.0,1.2,21,0.71,1
B202601500,2026-05-06,夜班,B,T5,4,143.3,180.7,240.6,216.4,89.7,57.2,110,3.0,5.6,12,3.09,0
B202601501,2026-05-07,中班,A,T4,1,143.6,190.9,250.4,217.7,91.6,48.6,235,14.0,1.3,6,0.78,1
B202601502,2026-05-07,早班,C,T5,4,152.2,181.2,249.0,216.0,94.9,33.4,183,11.0,8.0,5,0.25,1
B202601503,2026-05-07,早班,C,T4,2,160.7,187.9,248.2,214.3,95.8,42.9,186,8.0,6.7,1,0.45,1
B202601504,2026-05-07,中班,D,T4,2,155.1,184.0,244.9,216.2,82.8,46.7,90,2.0,11.5,14,5.83,0
B202601505,2026-05-07,夜班,A,T4,1,147.2,177.6,242.3,222.1,85.8,49.7,157,4.0,0.6,15,3.04,0
B202601506,2026-05-07,夜班,C,T4,1,155.9,180.9,245.9,213.3,92.8,49.0,120,11.0,8.6,11,1.19,1
B202601507,2026-05-07,中班,D,T3,4,160.0,180.6,246.6,218.5,102.2,44.1,239,3.0,9.2,28,3.71,0
B202601508,2026-05-07,夜班,A,T3,1,159.0,190.8,250.7,223.6,100.5,44.6,140,15.0,2.7,0,1.1,1
B202601509,2026-05-07,夜班,D,T5,3,162.9,179.7,243.1,212.2,97.5,30.7,105,7.0,11.8,8,3.13,0
B202601510,2026-05-07,中班,A,T4,3,156.0,186.9,250.2,219.6,93.9,45.4,239,4.0,2.7,8,0.2,1
B202601511,2026-05-07,夜班,A,T5,5,155.8,185.8,250.9,225.1,96.4,40.9,93,9.0,0.8,21,0.37,1
B202601512,2026-05-07,早班,B,T4,3,156.8,186.6,243.2,,100.4,,156,2.0,3.5,46,3.64,0
B202601513,2026-05-08,中班,B,T5,2,156.1,186.4,239.5,221.9,99.2,45.0,93,11.0,3.4,39,2.28,0
B202601514,2026-05-08,中班,A,T5,1,155.0,187.4,242.6,223.5,96.8,46.4,94,11.0,2.5,0,1.38,1
B202601515,2026-05-08,早班,A,T4,2,149.2,186.3,247.8,218.4,96.0,49.5,129,6.0,1.3,9,0.94,1
B202601516,2026-05-08,中班,C,T4,3,155.7,184.8,247.1,222.7,94.7,43.8,188,14.0,6.7,13,0.75,1
B202601517,2026-05-08,中班,B,T5,2,148.4,188.1,249.8,221.6,94.7,33.9,143,13.0,4.5,21,0.41,1
B202601518,2026-05-08,中班,A,T4,2,152.8,181.8,250.2,223.0,93.9,43.0,135,6.0,1.7,1,0.68,1
B202601519,2026-05-08,中班,A,T5,2,149.6,185.3,248.8,221.1,92.9,,244,6.0,1.7,17,1.82,1
B202601520,2026-05-08,中班,B,T4,1,145.9,175.9,246.8,223.5,99.8,44.0,133,6.0,5.8,22,0.51,1
B202601521,2026-05-08,夜班,D,T3,2,,187.4,251.3,220.0,89.5,42.0,240,15.0,9.4,9,0.36,1
B202601522,2026-05-08,中班,D,T4,1,148.3,184.2,249.9,224.9,95.9,43.1,81,13.0,11.3,11,0.77,1
B202601523,2026-05-08,中班,B,T4,2,147.3,181.2,243.7,219.1,89.8,49.5,181,8.0,5.3,17,2.75,0
B202601524,2026-05-08,夜班,D,T4,1,151.5,180.6,244.9,217.5,93.1,46.4,147,3.0,11.1,39,0.51,0
B202601525,2026-05-09,夜班,C,T4,3,145.9,185.7,237.8,215.5,87.8,50.1,161,2.0,7.9,16,2.79,0
B202601526,2026-05-09,早班,D,T3,5,145.9,183.7,238.1,218.2,95.3,43.2,128,10.0,10.5,35,1.41,0
B202601527,2026-05-09,早班,A,T3,2,159.3,185.8,241.4,220.3,90.8,40.9,95,12.0,1.7,11,1.5,1
B202601528,2026-05-09,早班,C,T4,2,154.2,187.6,243.3,222.4,90.5,49.2,80,6.0,7.5,35,3.66,0
B202601529,2026-05-09,夜班,A,T4,4,147.2,183.4,247.7,216.0,82.4,51.3,101,4.0,1.1,22,3.1,0
B202601530,2026-05-09,早班,B,T4,2,147.0,182.4,242.5,213.9,85.2,54.2,194,4.0,5.8,48,2.89,0
B202601531,2026-05-09,夜班,C,T5,1,152.0,178.1,248.8,223.6,92.7,39.1,152,3.0,8.0,22,1.11,1
B202601532,2026-05-09,早班,B,T3,2,157.3,183.9,,212.4,98.2,44.2,188,9.0,4.1,12,3.94,0
B202601533,2026-05-09,中班,C,T4,2,142.1,187.2,239.3,217.7,93.3,54.3,122,1.0,6.9,33,3.63,0
B202601534,2026-05-09,夜班,D,T4,2,150.5,181.4,247.8,218.3,91.5,48.2,159,7.0,11.0,5,1.61,1
B202601535,2026-05-09,早班,C,T5,4,152.2,187.9,251.3,220.3,98.3,34.9,136,3.0,6.6,2,1.04,1
B202601536,2026-05-09,中班,A,T4,1,154.6,179.5,252.5,223.4,96.6,46.1,202,3.0,1.7,18,0.43,1
B202601537,2026-05-10,中班,D,T4,3,155.2,178.9,,218.9,92.6,36.9,194,3.0,10.7,17,1.96,1
B202601538,2026-05-10,早班,A,T5,4,146.9,180.7,251.0,223.8,91.1,38.2,228,5.0,1.1,11,0.87,1
B202601539,2026-05-10,夜班,D,T3,2,157.9,181.8,243.9,215.2,95.6,40.1,197,6.0,9.0,44,2.71,0
B202601540,2026-05-10,早班,D,T4,1,154.9,184.5,249.5,219.4,91.1,51.0,176,10.0,9.6,9,0.81,1
B202601541,2026-05-10,夜班,B,T4,3,164.2,188.8,250.6,219.4,89.4,54.6,173,,4.1,24,0.49,1
B202601542,2026-05-10,中班,B,T4,4,158.3,191.6,247.3,225.7,93.0,,231,10.0,3.3,12,1.64,1
B202601543,2026-05-10,中班,C,T3,2,155.5,184.9,250.6,223.6,100.0,44.7,138,7.0,8.4,14,2.08,1
B202601544,2026-05-10,早班,C,T4,4,156.5,192.9,240.4,,94.1,53.4,168,,7.7,23,3.35,0
B202601545,2026-05-10,早班,C,T3,3,150.3,183.9,252.8,219.2,97.3,37.4,94,12.0,6.7,20,0.55,1
B202601546,2026-05-10,夜班,D,T5,1,149.9,178.6,247.8,213.0,99.0,45.3,200,9.0,11.3,17,1.25,1
B202601547,2026-05-10,中班,D,T3,1,151.1,177.0,242.2,224.7,91.5,48.7,130,8.0,9.4,35,1.62,0
B202601548,2026-05-10,夜班,B,T4,5,155.2,186.4,237.8,210.9,94.9,40.7,186,3.0,5.0,45,2.69,0
B202601549,2026-05-11,夜班,D,T4,3,162.7,193.4,250.8,220.8,93.3,49.6,115,12.0,9.0,1,1.72,1
B202601550,2026-05-11,中班,A,T3,3,153.5,186.7,247.7,215.9,96.9,45.1,243,9.0,1.3,13,0.62,1
B202601551,2026-05-11,夜班,A,T3,1,160.1,185.7,249.6,222.6,98.1,47.0,181,8.0,2.1,0,1.47,1
B202601552,2026-05-11,夜班,D,T4,5,154.9,179.3,248.2,220.7,97.4,40.2,211,10.0,10.2,8,1.21,1
B202601553,2026-05-11,中班,A,T4,2,153.2,174.7,250.7,219.3,95.2,45.3,173,9.0,1.5,16,1.19,1
B202601554,2026-05-11,夜班,B,T3,4,158.3,188.1,242.2,217.1,89.3,42.5,139,7.0,5.0,42,3.36,0
B202601555,2026-05-11,夜班,A,T4,4,154.8,177.4,248.0,223.8,92.9,36.5,191,10.0,2.6,15,1.75,1
B202601556,2026-05-11,夜班,C,T3,1,153.2,191.8,246.1,223.2,98.6,47.1,135,5.0,7.8,5,1.37,1
B202601557,2026-05-11,夜班,D,T3,5,161.4,191.1,246.2,216.7,91.9,46.3,109,6.0,10.0,23,0.59,1
B202601558,2026-05-11,夜班,A,T3,1,153.0,189.1,248.7,216.5,90.9,48.5,243,6.0,1.8,7,1.5,1
B202601559,2026-05-11,夜班,C,T5,1,152.4,173.9,242.6,215.6,91.2,59.5,128,4.0,8.7,32,3.39,0
B202601560,2026-05-11,中班,C,T4,3,160.5,187.0,249.4,226.4,93.9,48.3,109,8.0,8.0,13,0.54,1
B202601561,2026-05-12,中班,B,T4,1,156.5,184.4,245.8,217.0,98.9,41.8,176,6.0,5.2,15,0.83,1
B202601562,2026-05-12,夜班,A,T4,1,151.2,177.4,239.5,214.9,99.8,59.0,160,5.0,0.9,25,1.82,0
B202601563,2026-05-12,中班,D,T5,2,151.3,189.7,249.7,224.5,92.8,43.7,203,14.0,11.1,20,0.71,1
B202601564,2026-05-12,夜班,C,T4,1,149.2,172.4,242.5,217.0,95.7,67.9,221,7.0,8.5,43,2.52,0
B202601565,2026-05-12,中班,A,T4,3,159.6,180.9,246.9,222.5,94.8,43.7,81,,2.0,3,0.51,1
B202601566,2026-05-12,早班,D,T5,3,151.0,184.8,242.5,216.2,93.5,64.5,97,4.0,9.5,7,3.55,0
B202601567,2026-05-12,中班,A,T4,1,152.3,191.6,248.1,217.3,92.7,45.0,127,10.0,1.2,1,1.81,1
B202601568,2026-05-12,早班,D,T4,2,155.9,176.5,252.4,218.2,97.9,48.8,170,6.0,10.9,19,1.15,1
B202601569,2026-05-12,中班,D,T4,3,148.6,177.4,243.5,219.1,95.7,49.4,223,9.0,10.0,18,3.15,0
B202601570,2026-05-12,早班,B,T4,2,152.2,180.4,246.5,215.3,92.5,47.9,182,13.0,3.7,24,0.36,1
B202601571,2026-05-12,中班,D,T5,2,155.9,181.9,243.3,217.7,85.1,45.9,89,3.0,10.0,5,3.43,0
B202601572,2026-05-12,早班,D,T5,4,157.3,187.8,237.2,221.9,90.7,49.8,129,2.0,10.7,49,3.25,0
B202601573,2026-05-13,中班,A,T5,2,164.6,182.5,247.1,217.1,89.7,37.7,219,12.0,2.5,14,0.7,1
B202601574,2026-05-13,中班,C,T5,4,153.1,178.9,249.5,221.1,96.3,54.9,121,8.0,7.3,2,1.02,1
B202601575,2026-05-13,中班,C,T4,4,159.6,175.6,237.8,220.4,88.3,49.7,160,7.0,6.2,24,2.12,0
B202601576,2026-05-13,夜班,D,T5,2,155.5,181.8,247.6,217.1,88.2,45.6,217,8.0,11.8,12,0.37,1
B202601577,2026-05-13,中班,C,T4,1,158.9,184.6,252.4,217.3,96.5,37.4,234,12.0,8.3,16,0.19,1
B202601578,2026-05-13,早班,A,T3,2,161.2,185.1,245.6,221.3,98.5,37.9,95,15.0,2.8,14,0.99,1
B202601579,2026-05-13,中班,B,T4,3,152.7,191.5,247.0,223.0,91.0,52.8,213,10.0,3.2,0,0.54,1
B202601580,2026-05-13,早班,C,T5,3,149.2,193.3,246.6,224.2,96.4,45.2,100,15.0,7.5,15,0.78,1
B202601581,2026-05-13,夜班,A,T4,4,152.1,184.8,240.5,219.9,89.4,56.1,242,7.0,2.8,17,3.72,0
B202601582,2026-05-13,中班,D,T5,2,152.8,178.0,246.3,219.7,96.0,65.1,189,3.0,10.3,48,2.0,0
B202601583,2026-05-13,早班,C,T4,5,149.8,181.3,242.4,217.3,90.7,48.2,197,1.0,7.6,16,3.08,0
B202601584,2026-05-13,夜班,C,T4,2,150.1,194.1,239.8,220.3,79.9,40.1,147,1.0,8.8,41,2.21,0
B202601585,2026-05-14,中班,C,T3,3,162.3,183.1,239.9,217.0,90.9,49.2,129,3.0,6.3,25,2.26,0
B202601586,2026-05-14,早班,A,T5,3,153.2,,247.1,224.1,92.9,48.5,90,3.0,2.6,12,0.86,1
B202601587,2026-05-14,中班,C,T5,2,146.8,177.3,243.3,214.1,86.8,47.7,205,3.0,7.0,13,2.39,0
B202601588,2026-05-14,中班,D,T5,3,150.3,180.4,244.7,222.3,94.1,53.3,132,7.0,9.2,1,0.68,1
B202601589,2026-05-14,夜班,A,T4,1,152.0,183.0,249.6,221.8,92.6,45.5,248,4.0,2.0,19,1.36,1
B202601590,2026-05-14,夜班,C,T4,1,154.8,195.3,241.6,216.4,88.8,49.2,104,9.0,9.0,27,3.73,0
B202601591,2026-05-14,中班,C,T3,2,149.3,184.2,247.5,219.6,98.0,38.6,228,5.0,8.0,9,0.55,1
B202601592,2026-05-14,早班,B,T3,1,153.2,184.3,250.4,218.9,97.6,47.4,94,10.0,5.8,10,1.69,1
B202601593,2026-05-14,夜班,D,T4,2,154.1,185.9,248.9,217.1,92.6,47.5,89,12.0,11.6,23,1.62,1
B202601594,2026-05-14,早班,C,T4,3,157.9,183.7,243.5,216.9,83.8,52.3,243,1.0,8.7,25,2.73,0
B202601595,2026-05-14,早班,C,T3,3,155.1,188.2,237.2,216.6,97.7,41.5,166,2.0,6.9,31,2.97,0
B202601596,2026-05-14,夜班,C,T4,2,140.7,175.5,241.0,218.3,95.4,43.3,115,1.0,8.6,17,1.95,0
B202601597,2026-05-15,中班,B,T4,2,146.6,176.0,243.8,220.0,95.4,52.7,97,5.0,3.2,22,3.5,0
B202601598,2026-05-15,中班,B,T4,1,157.7,192.1,249.2,217.3,97.7,46.4,95,14.0,4.3,16,1.66,1
B202601599,2026-05-15,早班,C,T4,1,157.8,186.0,246.9,220.3,101.0,48.1,177,9.0,6.4,9,1.04,1
B202601600,2026-05-15,夜班,A,T3,3,157.1,188.8,,223.0,97.5,47.1,216,14.0,1.5,13,0.09,1
B202601601,2026-05-15,夜班,D,T4,1,149.0,179.5,243.3,217.6,90.6,34.5,148,9.0,9.2,31,1.09,0
B202601602,2026-05-15,中班,B,T4,2,,180.9,250.2,216.4,93.2,43.5,197,13.0,4.3,16,0.87,1
B202601603,2026-05-15,早班,A,T4,3,156.3,179.6,244.0,222.9,93.4,43.4,164,5.0,1.2,9,0.57,1
B202601604,2026-05-15,夜班,D,T3,2,146.1,187.8,243.5,222.9,90.2,42.4,246,4.0,10.3,31,3.38,0
B202601605,2026-05-15,中班,C,T3,2,151.0,175.4,244.8,227.7,88.4,38.3,223,5.0,8.6,18,2.07,1
B202601606,2026-05-15,早班,A,T4,2,151.0,179.3,243.3,220.8,93.3,57.8,112,5.0,1.7,41,2.8,0
B202601607,2026-05-15,中班,B,T3,1,157.4,190.0,249.8,217.2,97.2,49.1,84,4.0,3.7,11,0.67,1
B202601608,2026-05-15,夜班,C,T5,3,148.4,183.1,235.3,218.5,90.8,45.0,98,11.0,7.9,19,2.45,0
B202601609,2026-05-16,夜班,B,T5,4,149.8,183.8,249.7,218.5,93.4,40.7,214,14.0,6.0,22,1.49,1
B202601610,2026-05-16,夜班,A,T5,4,148.9,180.8,240.9,226.7,83.7,49.1,205,5.0,2.6,49,0.8,0
B202601611,2026-05-16,夜班,A,T5,2,156.4,183.2,244.6,217.2,85.9,53.4,110,7.0,1.5,44,3.8,0
B202601612,2026-05-16,早班,B,T5,1,157.5,178.8,240.6,215.3,98.2,64.8,221,10.0,4.8,10,3.59,0
B202601613,2026-05-16,中班,B,T3,1,,185.7,250.5,220.6,92.7,43.2,93,6.0,5.1,4,1.24,1
B202601614,2026-05-16,早班,C,T4,1,146.5,170.4,243.2,213.9,95.9,65.2,118,5.0,8.7,11,2.7,0
B202601615,2026-05-16,中班,A,T4,1,157.7,184.7,242.5,216.7,96.7,50.8,146,2.0,2.7,47,1.86,0
B202601616,2026-05-16,夜班,B,T4,1,141.7,177.6,235.6,223.4,88.0,47.3,116,2.0,3.6,21,1.05,0
B202601617,2026-05-16,早班,B,T3,2,159.9,184.5,246.7,218.8,93.2,32.8,174,4.0,5.4,0,0.61,1
B202601618,2026-05-16,早班,A,T5,4,144.9,185.9,240.3,221.3,86.1,58.9,103,8.0,1.7,32,4.54,0
B202601619,2026-05-16,早班,A,T5,2,147.7,184.7,244.2,215.3,96.9,43.6,223,3.0,1.1,13,4.09,0
B202601620,2026-05-16,早班,B,T3,1,148.2,185.8,241.6,222.7,103.5,43.1,127,4.0,3.4,34,3.64,0
B202601621,2026-05-17,中班,C,T4,4,156.2,183.5,246.6,223.4,93.4,51.9,82,9.0,6.2,10,1.29,1
B202601622,2026-05-17,中班,C,T4,2,157.3,183.0,243.4,222.6,97.2,56.4,153,8.0,6.9,46,3.76,0
B202601623,2026-05-17,早班,C,T3,3,156.0,185.6,246.3,222.4,89.9,40.7,214,6.0,6.9,14,1.94,1
B202601624,2026-05-17,早班,A,T3,2,156.1,189.6,243.5,220.1,96.4,43.3,179,9.0,1.3,13,0.94,1
B202601625,2026-05-17,早班,D,T4,5,153.8,191.7,245.1,215.8,89.7,52.7,246,11.0,11.6,10,2.11,0
B202601626,2026-05-17,早班,D,T3,5,153.3,176.6,248.1,219.9,93.6,42.9,248,11.0,9.7,21,1.03,1
B202601627,2026-05-17,早班,D,T4,2,159.4,180.5,245.5,218.4,93.5,42.2,250,6.0,9.1,2,1.92,1
B202601628,2026-05-17,中班,C,T3,4,159.4,180.6,248.3,214.6,99.0,48.4,147,11.0,8.3,7,0.46,1
B202601629,2026-05-17,夜班,D,T4,4,149.4,188.0,236.8,213.5,98.9,49.3,159,4.0,9.4,36,3.19,0
B202601630,2026-05-17,中班,D,T4,5,150.1,,241.5,208.2,91.1,48.0,238,4.0,9.4,7,3.24,0
B202601631,2026-05-17,夜班,D,T3,1,158.5,185.8,245.5,222.6,98.0,49.8,99,14.0,10.3,9,0.25,1
B202601632,2026-05-17,夜班,A,T4,3,156.1,182.4,248.1,212.8,96.2,41.5,142,9.0,2.2,1,0.39,1
B202601633,2026-05-18,早班,D,T4,1,155.0,184.8,249.0,217.1,96.6,46.4,173,13.0,10.2,13,1.3,1
B202601634,2026-05-18,中班,B,T4,3,159.1,187.4,248.4,221.4,98.8,43.6,170,11.0,4.2,19,0.72,1
B202601635,2026-05-18,早班,A,T4,2,154.6,186.8,250.0,216.0,94.5,46.0,140,11.0,2.3,14,0.51,1
B202601636,2026-05-18,夜班,B,T4,3,154.0,180.3,250.9,219.6,97.8,42.7,180,4.0,3.7,11,1.32,1
B202601637,2026-05-18,中班,D,T4,4,152.7,177.7,247.4,218.2,91.6,52.2,239,10.0,11.7,19,1.66,0
B202601638,2026-05-18,中班,C,T5,2,156.3,183.6,249.4,225.4,93.7,42.1,216,12.0,8.6,20,0.91,1
B202601639,2026-05-18,夜班,B,T4,3,156.3,190.8,242.6,221.0,99.0,44.5,114,5.0,3.8,7,1.43,1
B202601640,2026-05-18,早班,A,T3,4,157.3,184.1,232.8,221.9,92.0,51.1,211,11.0,2.1,24,3.95,0
B202601641,2026-05-18,夜班,D,T4,5,155.5,184.8,249.6,222.4,88.0,46.1,175,8.0,9.6,11,1.86,1
B202601642,2026-05-18,中班,B,T5,2,160.3,185.1,246.3,222.0,93.9,45.2,99,14.0,5.1,19,0.44,1
B202601643,2026-05-18,早班,D,T4,3,153.9,186.6,238.7,213.3,99.5,56.9,210,7.0,9.4,43,2.28,0
B202601644,2026-05-18,中班,C,T4,5,,188.0,249.9,217.5,95.8,48.1,98,6.0,7.0,17,1.86,1
B202601645,2026-05-19,中班,C,T4,2,150.9,197.2,246.4,216.6,95.9,43.5,195,7.0,8.3,1,0.69,1
B202601646,2026-05-19,中班,C,T5,4,155.8,189.1,242.6,213.4,90.7,,92,7.0,8.4,45,3.83,0
B202601647,2026-05-19,夜班,C,T4,2,156.7,187.1,243.3,220.1,89.7,44.6,80,4.0,8.0,2,1.34,1
B202601648,2026-05-19,中班,A,T4,5,157.7,185.4,248.8,218.3,94.7,35.1,228,14.0,2.1,22,0.74,1
B202601649,2026-05-19,早班,B,T3,1,150.7,186.5,244.2,219.5,95.0,53.7,92,14.0,4.3,13,0.57,1
B202601650,2026-05-19,早班,D,T3,3,148.3,182.7,243.4,222.9,93.0,50.0,100,8.0,11.8,49,3.32,0
B202601651,2026-05-19,中班,D,T4,3,156.8,178.7,245.1,221.4,94.0,43.5,102,,11.4,9,0.98,1
B202601652,2026-05-19,早班,D,T3,3,150.2,187.1,246.1,210.2,97.3,48.7,144,9.0,10.4,15,1.84,0
B202601653,2026-05-19,中班,A,T4,2,159.6,190.6,244.9,223.5,90.8,43.7,119,7.0,2.7,26,2.09,0
B202601654,2026-05-19,夜班,C,T5,5,157.2,188.3,242.9,219.7,92.0,58.1,227,6.0,8.7,29,2.76,0
B202601655,2026-05-19,早班,B,T3,2,163.2,186.9,246.2,218.4,96.3,40.0,164,14.0,5.9,17,0.89,1
B202601656,2026-05-19,早班,A,T3,1,151.6,175.2,250.1,222.9,96.4,49.1,128,9.0,1.9,23,0.87,1
B202601657,2026-05-20,夜班,A,T3,3,157.2,168.1,249.5,220.7,95.6,42.2,175,3.0,1.9,20,2.42,1
B202601658,2026-05-20,夜班,D,T4,1,151.4,178.4,244.8,219.7,97.1,37.9,243,4.0,11.2,40,1.8,0
B202601659,2026-05-20,中班,A,T4,4,152.6,184.0,247.1,214.4,91.9,43.3,126,7.0,1.7,18,1.64,1
B202601660,2026-05-20,夜班,A,T4,1,152.0,183.3,245.6,218.9,93.2,46.0,168,13.0,2.0,4,0.91,1
B202601661,2026-05-20,早班,A,T4,1,153.1,184.7,244.9,221.4,98.3,48.1,132,3.0,0.6,18,0.98,1
B202601662,2026-05-20,中班,C,T4,1,150.8,187.3,243.6,217.5,100.1,62.3,205,2.0,8.5,47,3.3,0
B202601663,2026-05-20,夜班,B,T3,3,154.5,183.9,246.4,218.6,94.4,39.4,151,9.0,3.8,4,1.01,1
B202601664,2026-05-20,中班,C,T3,3,157.0,176.5,252.6,219.6,95.4,48.4,222,7.0,8.6,16,0.88,1
B202601665,2026-05-20,早班,B,T3,2,160.9,185.5,247.8,218.9,95.0,46.8,222,4.0,4.1,16,1.33,1
B202601666,2026-05-20,夜班,C,T4,3,147.5,176.7,236.8,211.3,98.1,48.2,189,10.0,6.0,10,1.5,0
B202601667,2026-05-20,夜班,C,T3,2,152.0,179.5,248.5,218.4,93.4,44.0,246,4.0,6.6,14,1.59,1
B202601668,2026-05-20,早班,C,T5,2,148.4,189.1,247.0,217.4,96.6,50.9,138,15.0,7.2,22,0.99,1
B202601669,2026-05-21,早班,A,T5,5,154.2,,244.4,220.8,99.1,42.0,91,11.0,2.0,5,0.94,1
B202601670,2026-05-21,早班,C,T3,4,156.6,,250.4,220.6,95.2,37.9,221,4.0,8.6,10,0.93,1
B202601671,2026-05-21,夜班,A,T4,2,157.9,184.3,248.3,219.3,94.8,51.5,212,5.0,1.6,8,0.84,1
B202601672,2026-05-21,夜班,A,T5,3,,182.0,248.2,217.9,89.9,55.3,205,4.0,0.6,12,4.86,0
B202601673,2026-05-21,早班,D,T3,2,163.4,183.5,242.6,218.4,84.5,54.8,148,9.0,9.5,22,4.37,0
B202601674,2026-05-21,中班,B,T5,1,154.6,180.4,247.0,221.5,97.0,46.3,147,6.0,4.0,8,1.01,1
B202601675,2026-05-21,早班,B,T4,2,154.9,188.9,243.2,219.1,87.3,49.0,191,5.0,4.0,19,1.98,0
B202601676,2026-05-21,夜班,C,T4,1,153.2,180.7,246.9,220.2,97.8,42.4,234,9.0,6.6,3,1.44,1
B202601677,2026-05-21,中班,B,T4,1,159.7,191.7,249.8,221.7,96.1,51.2,219,3.0,4.0,12,1.4,1
B202601678,2026-05-21,夜班,B,T4,1,161.3,180.8,245.2,218.9,93.3,46.6,160,13.0,3.3,9,0.74,1
B202601679,2026-05-21,夜班,B,T3,4,157.3,194.7,249.8,221.7,97.0,48.4,242,11.0,4.5,14,1.14,1
B202601680,2026-05-21,中班,D,T5,3,160.5,192.4,245.0,221.9,91.6,42.2,246,8.0,11.4,24,0.17,1
B202601681,2026-05-22,夜班,D,T3,3,154.9,182.6,243.1,215.2,87.0,51.6,147,11.0,9.2,35,0.15,0
B202601682,2026-05-22,夜班,C,T5,3,163.6,188.8,243.4,220.1,96.8,41.6,150,6.0,6.5,5,1.69,1
B202601683,2026-05-22,早班,C,T3,2,149.5,191.4,247.9,223.3,94.3,36.6,116,9.0,6.8,5,1.12,0
B202601684,2026-05-22,夜班,C,T5,5,155.4,189.8,250.1,218.3,96.0,48.5,115,9.0,8.9,23,1.2,1
B202601685,2026-05-22,早班,C,T4,1,156.9,180.1,247.0,221.5,94.7,40.4,174,13.0,7.1,2,0.08,1
B202601686,2026-05-22,中班,C,T4,4,164.5,182.8,247.3,,94.2,45.9,234,9.0,7.9,19,1.35,1
B202601687,2026-05-22,早班,B,T5,5,147.4,174.6,240.2,216.4,94.7,48.5,244,5.0,3.2,41,2.53,0
B202601688,2026-05-22,早班,D,T5,2,156.6,186.5,246.4,219.8,85.8,35.7,167,4.0,11.2,49,2.68,0
B202601689,2026-05-22,中班,C,T3,5,157.6,182.1,245.4,218.2,97.3,56.2,113,4.0,8.7,20,0.82,1
B202601690,2026-05-22,早班,C,T4,1,157.2,183.6,245.0,216.1,96.6,,105,4.0,6.1,5,0.55,1
B202601691,2026-05-22,中班,A,T4,1,159.1,190.3,247.3,222.6,93.9,51.6,229,9.0,1.6,22,1.49,1
B202601692,2026-05-22,早班,D,T3,4,155.4,175.8,250.1,217.0,95.5,43.2,147,10.0,11.5,8,1.93,1
B202601693,2026-05-23,中班,A,T3,4,153.6,196.2,246.9,220.7,98.5,51.1,231,9.0,0.6,11,1.87,1
B202601694,2026-05-23,早班,C,T4,3,152.3,186.0,249.7,219.3,93.2,50.8,88,14.0,8.4,9,1.12,1
B202601695,2026-05-23,夜班,D,T4,3,147.8,187.7,240.8,225.1,91.0,53.9,177,5.0,10.8,18,1.3,0
B202601696,2026-05-23,夜班,A,T4,5,151.1,187.5,244.3,221.1,92.4,42.0,120,5.0,2.5,24,0.01,1
B202601697,2026-05-23,中班,A,T3,1,151.3,186.8,239.4,219.3,101.1,54.2,213,9.0,1.5,24,3.17,0
B202601698,2026-05-23,早班,B,T3,2,152.2,184.2,245.6,223.6,97.0,,208,6.0,3.7,11,0.49,1
B202601699,2026-05-23,早班,A,T4,2,158.0,182.4,248.3,220.7,92.6,42.6,108,13.0,1.6,24,0.65,1
B202601700,2026-05-23,早班,B,T4,3,157.6,189.3,243.3,219.6,87.9,56.5,173,9.0,3.1,26,2.38,0
B202601701,2026-05-23,夜班,C,T4,4,159.7,188.5,247.2,228.1,95.7,43.3,97,15.0,8.4,21,1.17,1
B202601702,2026-05-23,中班,C,T4,4,,188.4,248.2,217.7,94.0,46.0,110,13.0,6.2,4,1.79,1
B202601703,2026-05-23,早班,D,T3,1,158.0,193.6,248.7,219.9,94.2,40.8,186,11.0,10.4,14,0.57,1
B202601704,2026-05-23,早班,A,T4,5,156.9,179.6,,222.0,92.5,43.3,157,7.0,1.5,22,1.69,1
B202601705,2026-05-24,中班,B,T5,5,158.4,176.9,240.4,221.9,90.4,59.4,167,2.0,3.8,7,1.6,0
B202601706,2026-05-24,中班,B,T4,5,160.5,179.9,245.9,223.1,97.7,38.6,119,9.0,4.5,3,1.19,1
B202601707,2026-05-24,夜班,A,,2,155.8,184.7,252.2,211.9,92.5,46.2,229,4.0,2.4,22,1.54,1
B202601708,2026-05-24,早班,B,T3,2,162.0,183.3,246.6,219.7,96.3,49.5,83,5.0,4.3,23,0.74,1
B202601709,2026-05-24,夜班,B,T4,2,153.6,,248.4,218.4,91.6,45.5,145,14.0,4.9,18,1.37,1
B202601710,2026-05-24,早班,A,T4,2,151.2,185.6,246.8,217.6,92.6,36.7,169,2.0,0.6,35,3.6,0
B202601711,2026-05-24,早班,D,T5,1,157.5,185.5,249.7,224.5,96.3,38.6,93,6.0,9.9,3,2.2,1
B202601712,2026-05-24,中班,A,T5,1,153.2,189.4,249.7,218.2,91.8,43.6,80,6.0,2.8,0,1.33,1
B202601713,2026-05-24,早班,B,T3,2,149.8,185.2,244.7,227.4,96.1,31.3,131,12.0,3.6,14,2.41,1
B202601714,2026-05-24,中班,A,T3,3,155.0,190.4,249.5,218.1,95.2,39.1,155,,2.8,5,2.47,1
B202601715,2026-05-24,夜班,B,T3,2,154.9,182.7,246.1,215.8,100.3,,124,7.0,3.6,3,0.48,1
B202601716,2026-05-24,早班,B,T3,1,155.2,176.1,238.9,213.2,92.4,43.1,158,5.0,4.0,42,1.18,0
B202601717,2026-05-25,夜班,B,T5,1,142.0,174.6,241.2,208.4,87.0,,241,10.0,4.3,39,0.57,0
B202601718,2026-05-25,早班,A,T5,1,154.1,181.8,245.8,217.4,91.5,50.8,236,15.0,2.7,17,0.64,1
B202601719,2026-05-25,中班,A,T4,2,148.8,188.7,246.8,216.4,93.0,52.1,235,9.0,1.6,24,0.19,1
B202601720,2026-05-25,中班,D,T3,1,153.8,190.2,247.2,,94.5,42.7,220,,10.0,14,0.08,1
B202601721,2026-05-25,中班,D,T5,4,148.2,188.2,242.4,214.3,103.2,57.0,142,10.0,9.1,36,1.51,0
B202601722,2026-05-25,早班,B,T4,5,155.3,181.0,242.2,,85.2,55.3,165,8.0,3.5,7,2.65,0
B202601723,2026-05-25,中班,D,T4,2,151.8,178.2,239.6,218.9,91.7,63.7,102,10.0,10.7,22,3.27,0
B202601724,2026-05-25,夜班,A,T4,3,150.9,188.2,247.5,223.3,91.5,47.9,184,11.0,2.4,8,1.18,1
B202601725,2026-05-25,中班,A,T3,4,150.9,179.2,245.4,217.3,94.4,43.8,158,10.0,1.8,9,0.84,1
B202601726,2026-05-25,中班,B,T4,3,154.3,185.7,243.7,216.0,94.5,35.1,119,5.0,4.0,1,0.66,1
B202601727,2026-05-25,早班,D,T4,3,148.6,187.3,250.0,217.7,101.3,44.1,195,9.0,11.0,20,1.02,1
B202601728,2026-05-25,早班,B,T5,1,157.5,182.3,250.1,219.5,93.9,46.7,169,13.0,3.4,14,1.5,1
B202601729,2026-05-26,早班,D,T5,5,158.7,188.0,244.7,224.6,97.6,51.3,91,14.0,9.5,15,0.63,1
B202601730,2026-05-26,中班,C,T4,5,158.1,,242.5,212.7,88.9,49.0,111,6.0,6.7,16,2.64,0
B202601731,2026-05-26,早班,B,T3,3,160.1,192.4,245.9,216.9,92.2,47.3,198,7.0,5.0,18,0.93,1
B202601732,2026-05-26,中班,B,T3,2,156.3,186.4,244.0,222.0,97.9,39.9,109,12.0,5.8,7,1.96,1
B202601733,2026-05-26,夜班,C,T5,3,153.4,185.1,244.6,,97.8,39.3,222,6.0,7.6,20,0.86,1
B202601734,2026-05-26,夜班,B,T4,4,155.8,184.7,240.8,224.0,81.2,51.3,235,4.0,5.3,46,2.96,0
B202601735,2026-05-26,夜班,B,T5,2,164.2,187.5,250.8,220.5,90.3,,246,6.0,4.1,2,1.52,1
B202601736,2026-05-26,早班,D,T4,5,149.4,177.7,243.5,215.6,97.4,47.3,165,11.0,11.9,48,3.24,0
B202601737,2026-05-26,早班,A,T5,2,147.6,188.0,249.1,225.9,96.1,39.9,80,6.0,2.9,0,1.52,1
B202601738,2026-05-26,中班,B,T3,3,152.4,186.1,247.5,218.0,94.1,45.5,123,9.0,3.6,10,0.25,1
B202601739,2026-05-26,夜班,A,T4,2,158.1,194.9,246.0,219.3,98.9,47.4,133,5.0,2.8,7,0.53,1
B202601740,2026-05-26,早班,A,T4,4,153.1,,247.8,221.9,97.6,43.3,108,12.0,1.7,0,1.05,1
B202601741,2026-05-27,中班,D,T5,1,160.4,184.6,237.1,216.4,90.9,46.7,136,1.0,9.9,27,1.52,0
B202601742,2026-05-27,早班,C,T5,2,152.6,183.8,235.8,224.1,90.8,48.8,239,10.0,8.0,16,3.1,0
B202601743,2026-05-27,夜班,B,T3,3,151.6,171.1,245.1,219.5,93.5,46.9,138,5.0,5.6,47,4.15,0
B202601744,2026-05-27,早班,D,T5,2,163.8,186.2,245.0,219.8,87.9,59.0,99,7.0,11.8,44,1.94,0
B202601745,2026-05-27,中班,A,T4,2,145.2,179.2,245.3,214.5,93.9,42.1,165,6.0,0.9,2,1.84,1
B202601746,2026-05-27,夜班,C,T4,1,149.7,,245.4,212.7,100.5,56.5,230,11.0,6.9,16,3.37,0
B202601747,2026-05-27,夜班,C,T5,2,157.8,174.1,243.8,218.5,92.3,47.8,246,8.0,8.3,7,1.14,0
B202601748,2026-05-27,夜班,A,T3,4,148.0,184.3,238.7,212.1,94.0,46.9,216,2.0,1.3,33,2.26,0
B202601749,2026-05-27,中班,D,T3,4,153.6,183.7,243.6,214.9,93.3,54.3,227,9.0,9.2,14,1.05,0
B202601750,2026-05-27,中班,A,T5,2,164.2,179.4,249.4,219.6,94.2,47.5,116,6.0,1.3,12,0.97,1
B202601751,2026-05-27,夜班,A,T5,2,155.4,193.8,250.7,217.9,93.9,51.8,237,7.0,1.3,9,0.86,1
B202601752,2026-05-27,中班,B,T5,3,158.3,180.2,242.2,218.3,94.2,51.7,123,8.0,5.4,41,4.5,0
B202601753,2026-05-28,中班,B,T4,3,,181.0,246.6,219.9,93.9,47.5,207,,6.0,20,1.37,1
B202601754,2026-05-28,夜班,D,T4,3,150.5,168.6,244.1,216.7,94.8,,214,9.0,9.2,10,3.75,0
B202601755,2026-05-28,夜班,C,T4,5,154.0,192.1,248.1,225.1,94.7,51.9,86,,7.5,0,0.77,1
B202601756,2026-05-28,夜班,D,T4,4,154.1,184.9,243.9,226.2,101.3,44.4,210,3.0,9.1,6,0.71,1
B202601757,2026-05-28,中班,B,T3,3,172.1,,245.4,221.0,87.4,39.4,239,3.0,4.8,13,2.85,0
B202601758,2026-05-28,早班,A,T4,4,149.2,180.3,251.1,217.8,96.5,48.0,205,14.0,1.5,3,2.02,1
B202601759,2026-05-28,早班,A,T4,5,155.8,190.0,244.2,219.9,96.6,46.8,120,4.0,1.2,16,1.84,1
B202601760,2026-05-28,夜班,B,T5,4,154.2,187.0,246.7,219.1,99.0,55.5,196,13.0,4.8,6,0.32,1
B202601761,2026-05-28,中班,D,T4,4,158.2,202.7,243.6,221.9,99.8,54.2,210,6.0,10.6,20,0.9,1
B202601762,2026-05-28,早班,A,T4,4,147.3,187.1,246.0,219.5,96.0,49.7,121,,2.4,27,1.77,0
B202601763,2026-05-28,夜班,B,T4,1,151.0,173.9,237.0,212.5,92.1,43.9,141,6.0,5.0,39,1.21,0
B202601764,2026-05-28,中班,A,T4,2,167.4,184.9,251.5,218.8,96.6,47.2,188,15.0,1.0,12,0.46,1
B202601765,2026-05-29,中班,B,T3,2,162.5,191.2,245.5,217.4,92.7,56.5,172,5.0,5.1,21,0.8,1
B202601766,2026-05-29,中班,D,T5,1,148.1,181.2,244.6,214.9,91.2,43.9,195,10.0,10.3,18,1.26,0
B202601767,2026-05-29,夜班,A,T4,2,158.8,187.3,249.2,215.9,95.4,45.5,239,4.0,1.1,13,0.93,1
B202601768,2026-05-29,夜班,D,T5,5,155.0,188.8,247.5,217.5,97.2,45.9,136,14.0,9.9,22,0.74,1
B202601769,2026-05-29,中班,C,T5,2,157.2,189.4,249.6,216.3,94.8,43.3,191,9.0,8.5,21,1.07,1
B202601770,2026-05-29,中班,C,T5,4,155.8,185.0,241.8,219.5,94.0,45.6,190,3.0,6.0,35,2.78,0
B202601771,2026-05-29,中班,B,T4,2,160.7,183.8,250.0,224.8,98.8,41.0,200,13.0,3.8,19,0.94,1
B202601772,2026-05-29,早班,B,T4,4,159.4,176.1,249.9,219.4,92.0,48.8,192,6.0,4.1,20,1.06,1
B202601773,2026-05-29,夜班,D,T4,3,149.8,190.1,248.4,216.2,95.2,48.3,174,14.0,10.8,7,0.75,1
B202601774,2026-05-29,早班,D,T5,2,148.4,182.1,245.5,220.0,96.3,47.4,154,14.0,11.7,21,1.47,1
B202601775,2026-05-29,中班,C,T4,1,153.6,176.2,244.7,214.9,93.5,43.6,249,,8.0,14,0.86,1
B202601776,2026-05-29,中班,B,T3,3,158.3,180.3,249.6,223.0,97.3,43.4,199,7.0,3.4,0,1.62,1
B202601777,2026-05-30,早班,D,T4,3,153.8,183.1,248.8,215.9,93.7,51.9,124,7.0,9.1,5,1.39,1
B202601778,2026-05-30,中班,C,T5,3,150.1,171.1,241.3,212.9,90.2,43.8,234,5.0,6.9,23,2.03,0
B202601779,2026-05-30,早班,D,T4,1,153.3,182.6,252.4,219.3,98.7,51.9,82,12.0,9.8,11,0.18,1
B202601780,2026-05-30,中班,A,T3,1,157.4,188.8,248.7,214.9,93.6,,106,6.0,2.2,14,0.85,1
B202601781,2026-05-30,夜班,D,T4,3,158.0,188.1,246.5,224.5,101.0,46.5,88,13.0,11.9,9,1.37,1
B202601782,2026-05-30,中班,C,T5,5,150.1,190.8,251.4,221.4,92.2,41.0,112,7.0,7.8,19,0.32,1
B202601783,2026-05-30,夜班,C,T5,3,159.0,177.6,248.6,219.1,92.6,42.2,85,4.0,9.0,7,0.05,1
B202601784,2026-05-30,早班,B,T5,3,147.7,,251.5,223.4,95.1,42.8,220,14.0,3.7,10,0.84,1
B202601785,2026-05-30,早班,D,T4,2,161.0,180.6,247.6,219.6,95.3,41.0,211,9.0,11.3,4,1.45,1
B202601786,2026-05-30,中班,B,T5,2,148.9,183.0,250.6,221.6,84.6,56.8,190,10.0,3.8,30,2.95,0
B202601787,2026-05-30,早班,C,T5,1,149.4,187.2,250.6,217.2,94.1,50.1,174,14.0,6.5,1,0.41,1
B202601788,2026-05-30,夜班,D,T5,2,157.3,171.8,244.6,216.8,86.3,58.5,125,11.0,10.5,20,3.16,0
B202601789,2026-05-31,早班,B,T4,1,159.5,189.1,247.2,221.2,96.7,45.0,113,12.0,3.5,2,1.23,1
B202601790,2026-05-31,中班,C,T4,3,155.4,175.6,251.0,218.1,92.9,46.8,81,4.0,9.0,24,0.82,1
B202601791,2026-05-31,早班,A,T4,2,158.1,184.4,248.3,219.5,94.6,42.3,220,7.0,2.6,3,1.32,1
B202601792,2026-05-31,夜班,B,T3,2,160.4,189.6,246.0,221.2,96.7,52.5,247,14.0,5.7,16,0.48,1
B202601793,2026-05-31,早班,C,T4,1,161.9,189.4,248.1,220.6,95.5,46.9,249,15.0,8.3,14,0.86,1
B202601794,2026-05-31,夜班,D,T3,1,158.0,186.4,244.2,224.9,90.9,48.8,235,4.0,10.7,5,3.77,0
B202601795,2026-05-31,夜班,C,T3,2,151.8,187.4,236.3,215.5,94.8,54.7,237,,8.1,40,2.13,0
B202601796,2026-05-31,中班,D,T4,4,168.3,174.7,242.5,220.9,94.6,32.1,212,,10.3,10,4.55,0
B202601797,2026-05-31,夜班,A,T4,1,145.9,187.7,244.8,209.8,95.5,58.2,227,,1.6,13,2.32,0
B202601798,2026-05-31,早班,A,T4,1,155.5,187.6,,218.4,95.0,40.7,246,13.0,2.5,19,0.78,1
B202601799,2026-05-31,夜班,A,T4,1,167.3,185.7,248.3,217.7,99.9,43.7,216,5.0,1.5,9,0.37,1
B202601800,2026-05-31,早班,D,T4,1,154.4,184.8,245.8,216.8,94.9,59.0,182,7.0,11.1,14,2.62,0
B202601801,2026-06-01,中班,D,T4,2,161.5,192.2,246.7,210.2,85.5,58.9,248,11.0,10.1,30,2.33,0
B202601802,2026-06-01,早班,B,T4,3,150.9,183.7,251.5,222.4,89.8,45.6,104,15.0,4.6,19,0.5,1
B202601803,2026-06-01,早班,A,T4,3,148.6,174.7,237.2,217.5,97.3,34.2,126,1.0,0.8,37,1.94,0
B202601804,2026-06-01,夜班,C,T3,3,150.1,176.1,247.9,213.1,85.4,43.7,247,1.0,6.2,31,3.71,0
B202601805,2026-06-01,早班,C,T4,2,156.3,198.0,244.5,228.0,97.3,46.4,120,13.0,8.9,21,1.42,1
B202601806,2026-06-01,早班,C,T4,2,156.1,177.1,250.6,217.4,92.9,35.8,221,12.0,8.3,23,2.51,1
B202601807,2026-06-01,夜班,C,T4,2,158.0,189.7,245.9,225.6,97.7,45.6,134,15.0,8.5,20,0.59,1
B202601808,2026-06-01,早班,D,T3,2,159.4,180.5,248.9,216.9,93.9,53.9,153,10.0,10.3,23,1.83,1
B202601809,2026-06-01,早班,C,T4,2,146.7,179.8,248.6,220.6,93.1,36.5,93,11.0,8.2,4,0.32,1
B202601810,2026-06-01,中班,C,T4,2,162.0,185.2,247.9,218.8,96.2,40.6,97,5.0,8.8,20,0.72,1
B202601811,2026-06-01,中班,D,T5,3,157.8,192.9,238.5,224.4,88.5,54.6,218,1.0,10.3,20,2.76,0
B202601812,2026-06-01,中班,C,T4,4,155.2,178.5,243.7,220.2,89.5,53.2,249,11.0,7.6,24,1.34,0
B202601813,2026-06-02,夜班,D,T3,2,157.9,179.2,243.1,222.4,85.3,68.7,237,3.0,9.8,29,3.84,0
B202601814,2026-06-02,中班,D,T4,1,153.5,179.3,238.8,217.6,86.5,38.4,186,3.0,10.5,37,3.38,0
B202601815,2026-06-02,中班,A,T3,4,152.2,186.3,247.0,220.5,98.4,47.7,99,8.0,1.9,11,1.88,1
B202601816,2026-06-02,夜班,D,T4,1,154.9,176.9,240.6,217.0,96.5,58.3,211,5.0,11.1,12,2.79,0
B202601817,2026-06-02,中班,D,T5,2,149.3,188.4,244.7,222.0,92.5,51.6,122,11.0,10.6,15,1.18,1
B202601818,2026-06-02,夜班,D,T4,1,153.5,185.1,242.7,221.2,96.7,60.3,108,10.0,10.6,34,4.72,0
B202601819,2026-06-02,早班,A,T3,2,156.6,188.4,249.9,216.6,92.6,47.8,211,11.0,1.9,0,1.09,1
B202601820,2026-06-02,早班,C,T5,4,151.0,185.0,246.5,224.4,95.5,43.9,205,12.0,8.1,14,0.94,1
B202601821,2026-06-02,早班,D,T4,1,151.0,181.1,235.2,220.2,89.3,52.1,137,2.0,11.1,19,2.55,0
B202601822,2026-06-02,中班,A,T4,1,154.4,189.9,247.1,219.0,97.7,47.7,237,5.0,2.4,23,1.74,1
B202601823,2026-06-02,中班,B,T4,1,154.5,181.8,250.7,217.0,94.1,52.9,133,12.0,3.0,18,1.12,1
B202601824,2026-06-02,中班,C,T5,3,153.0,176.2,252.1,213.2,98.5,47.4,88,4.0,7.5,19,1.63,1
B202601825,2026-06-03,早班,D,T4,2,154.8,194.0,244.4,221.6,96.9,52.9,146,4.0,10.3,7,0.87,1
B202601826,2026-06-03,早班,A,T3,2,151.9,188.8,256.2,214.8,91.8,51.1,245,4.0,2.0,12,1.63,1
B202601827,2026-06-03,中班,C,T4,3,149.2,184.0,246.9,219.5,91.4,38.1,88,5.0,7.8,6,1.23,1
B202601828,2026-06-03,夜班,A,T3,5,153.0,194.5,247.5,223.1,96.7,40.7,249,7.0,1.5,14,1.38,1
B202601829,2026-06-03,夜班,D,T4,1,154.0,188.7,244.3,218.3,93.4,48.6,196,4.0,11.8,12,0.8,1
B202601830,2026-06-03,中班,D,T4,1,153.1,189.8,248.5,221.4,93.6,41.5,96,4.0,10.4,16,1.11,1
B202601831,2026-06-03,夜班,D,T3,2,158.4,179.1,246.5,218.6,101.9,44.3,158,5.0,11.6,6,1.11,1
B202601832,2026-06-03,中班,D,T4,2,155.1,191.3,243.9,215.5,86.7,59.0,210,7.0,9.7,47,2.68,0
B202601833,2026-06-03,夜班,C,T4,2,158.3,185.5,251.9,217.3,95.5,33.2,93,5.0,7.3,15,0.73,1
B202601834,2026-06-03,夜班,B,T4,4,161.2,185.4,246.0,219.1,93.4,43.5,159,7.0,5.3,12,0.9,1
B202601835,2026-06-03,早班,A,T3,1,160.7,187.0,252.8,220.5,95.5,44.7,89,9.0,2.6,22,2.21,1
B202601836,2026-06-03,早班,A,T4,3,151.4,180.5,247.3,219.6,96.3,41.9,101,7.0,1.2,2,0.87,1
B202601837,2026-06-04,中班,A,T4,1,159.8,197.1,247.9,220.5,95.7,43.3,128,15.0,2.8,1,0.39,1
B202601838,2026-06-04,中班,A,T5,2,155.7,176.0,241.8,222.3,90.8,48.8,182,12.0,2.0,14,1.82,1
B202601839,2026-06-04,中班,B,T3,5,161.7,189.6,249.1,224.8,90.1,48.4,215,15.0,4.2,1,1.51,1
B202601840,2026-06-04,早班,C,T5,1,153.1,181.0,247.7,213.1,96.0,49.2,173,5.0,6.7,1,1.2,1
B202601841,2026-06-04,夜班,C,T4,5,154.6,184.4,245.7,221.8,98.0,48.1,215,14.0,8.0,21,1.76,1
B202601842,2026-06-04,中班,C,T4,1,151.3,180.7,246.5,215.3,91.7,53.8,202,7.0,6.9,10,0.78,1
B202601843,2026-06-04,夜班,C,T3,5,147.4,176.1,241.3,218.8,101.5,72.5,166,11.0,7.6,25,2.07,0
B202601844,2026-06-04,早班,C,T3,1,158.4,192.6,252.3,219.5,91.9,47.8,231,13.0,8.2,11,1.68,1
B202601845,2026-06-04,早班,D,T3,2,149.9,175.5,244.7,215.2,102.9,41.3,202,3.0,10.9,26,1.64,0
B202601846,2026-06-04,中班,A,T3,2,151.9,173.4,241.5,221.4,98.0,56.2,146,6.0,2.6,17,4.03,0
B202601847,2026-06-04,早班,C,T5,3,158.1,187.6,247.4,218.0,91.9,42.4,233,13.0,7.1,22,0.81,1
B202601848,2026-06-04,中班,B,T4,3,162.8,181.6,248.8,212.5,95.1,46.9,208,3.0,4.9,15,1.41,1
B202601849,2026-06-05,早班,B,T4,4,152.7,175.6,233.5,220.9,89.2,,141,10.0,3.3,46,5.13,0
B202601850,2026-06-05,中班,B,T5,5,,188.4,245.1,217.6,83.1,60.4,210,3.0,5.0,9,3.24,0
B202601851,2026-06-05,中班,D,T4,2,161.6,181.6,240.5,219.4,101.5,53.0,152,9.0,11.7,31,0.42,0
B202601852,2026-06-05,早班,A,T4,1,156.4,188.6,248.3,219.2,101.4,52.2,185,13.0,1.0,2,0.56,1
B202601853,2026-06-05,中班,C,T4,3,160.3,179.4,247.0,221.6,97.9,51.1,195,6.0,6.7,16,0.47,1
B202601854,2026-06-05,早班,D,T4,3,163.6,188.6,246.3,219.8,95.2,41.3,86,4.0,12.0,17,0.23,1
B202601855,2026-06-05,早班,D,T4,2,149.8,179.5,249.8,219.2,101.5,45.5,143,13.0,11.7,12,0.39,1
B202601856,2026-06-05,早班,A,T3,2,150.9,188.6,237.0,218.5,92.0,48.7,243,7.0,0.9,11,2.99,0
B202601857,2026-06-05,中班,A,T5,4,153.1,193.6,249.9,220.8,99.3,41.4,169,3.0,3.0,3,1.78,1
B202601858,2026-06-05,中班,D,T5,1,155.4,182.2,236.9,216.8,89.6,61.1,191,3.0,11.7,23,0.52,0
B202601859,2026-06-05,中班,C,T4,3,160.8,195.2,249.4,217.6,96.7,46.5,192,,7.7,15,2.58,1
B202601860,2026-06-05,中班,A,T5,1,166.2,188.2,246.8,218.2,92.7,45.7,106,,1.3,5,1.6,1
B202601861,2026-06-06,中班,B,T3,5,153.4,186.8,251.7,218.3,96.2,52.1,129,14.0,4.9,23,1.09,1
B202601862,2026-06-06,中班,B,T4,3,155.6,182.5,246.7,220.6,98.7,48.4,216,4.0,4.5,7,0.12,1
B202601863,2026-06-06,早班,D,T4,1,154.4,172.6,240.3,215.7,93.0,44.4,196,6.0,11.4,24,1.18,1
B202601864,2026-06-06,早班,D,T4,3,153.8,179.1,242.3,215.0,98.3,41.7,132,9.0,9.5,14,1.33,1
B202601865,2026-06-06,中班,B,T5,5,152.7,187.0,241.0,219.8,83.5,55.3,242,9.0,4.2,35,4.06,0
B202601866,2026-06-06,中班,C,T4,2,153.3,185.3,238.1,216.2,91.1,44.3,182,3.0,7.0,25,1.63,0
B202601867,2026-06-06,早班,A,T3,2,148.4,181.6,242.7,215.6,92.4,44.3,125,10.0,2.0,23,4.67,0
B202601868,2026-06-06,夜班,A,T5,2,145.0,187.8,248.1,217.7,90.1,46.5,250,6.0,1.8,15,1.04,1
B202601869,2026-06-06,中班,D,T4,2,160.4,180.4,249.9,216.9,96.3,42.8,84,13.0,9.4,22,1.06,1
B202601870,2026-06-06,早班,A,T4,4,148.9,184.5,241.3,214.5,98.1,42.5,203,3.0,1.4,13,0.11,0
B202601871,2026-06-06,早班,B,T4,2,142.1,190.5,242.5,221.8,91.8,51.8,212,6.0,5.8,22,2.95,0
B202601872,2026-06-06,夜班,D,T5,4,156.8,193.2,243.9,217.2,93.9,57.7,97,,9.7,46,1.86,0
B202601873,2026-06-07,早班,D,T4,2,152.1,183.9,242.5,218.5,91.8,56.2,238,9.0,11.6,5,0.78,1
B202601874,2026-06-07,夜班,A,T4,1,147.9,189.2,241.8,219.8,90.8,50.4,142,9.0,1.3,44,3.22,0
B202601875,2026-06-07,中班,C,T4,1,154.7,182.4,245.4,217.5,97.5,46.1,203,11.0,7.7,14,0.11,1
B202601876,2026-06-07,早班,A,T4,3,155.5,184.5,248.7,215.0,90.5,53.1,213,3.0,2.7,13,0.36,1
B202601877,2026-06-07,夜班,C,T4,1,,185.0,252.5,223.0,97.5,41.8,195,10.0,7.2,18,1.24,1
B202601878,2026-06-07,夜班,D,T4,1,153.9,181.2,238.8,218.4,94.0,52.5,151,1.0,9.2,7,3.49,0
B202601879,2026-06-07,早班,C,T5,1,152.0,198.6,250.7,216.9,98.6,48.1,225,13.0,7.9,13,0.15,1
B202601880,2026-06-07,夜班,C,T5,2,154.2,173.5,241.4,225.0,92.1,53.4,96,4.0,7.8,14,3.77,0
B202601881,2026-06-07,夜班,B,T4,1,149.7,187.5,247.1,214.4,97.4,50.3,160,9.0,3.8,14,0.86,1
B202601882,2026-06-07,早班,A,T5,2,,182.4,254.4,213.8,93.8,47.5,91,13.0,2.1,19,1.62,1
B202601883,2026-06-07,早班,B,T5,1,156.9,184.5,245.1,222.5,94.8,47.2,239,14.0,5.9,10,1.75,1
B202601884,2026-06-07,中班,C,T5,1,155.9,181.9,249.5,219.5,93.9,46.5,222,12.0,8.2,13,0.87,1
B202601885,2026-06-08,中班,A,T3,4,150.6,180.0,250.1,222.4,97.6,45.8,154,11.0,1.1,21,0.76,1
B202601886,2026-06-08,早班,C,T5,2,151.9,173.6,234.4,227.7,93.5,45.0,160,7.0,8.2,18,3.22,0
B202601887,2026-06-08,中班,A,T3,3,158.3,181.1,250.7,,93.6,43.2,215,6.0,1.9,7,1.05,1
B202601888,2026-06-08,中班,A,T4,2,147.8,198.1,250.0,220.0,98.5,47.1,195,11.0,2.3,4,0.97,1
B202601889,2026-06-08,夜班,C,T4,5,156.1,188.2,248.0,221.0,93.8,43.3,103,12.0,9.0,21,1.46,1
B202601890,2026-06-08,夜班,C,T3,3,149.5,182.2,240.6,221.6,95.3,54.4,159,3.0,8.1,25,4.23,0
B202601891,2026-06-08,夜班,A,T4,2,158.0,181.7,236.4,222.3,92.0,47.3,176,1.0,2.2,26,1.94,0
B202601892,2026-06-08,中班,D,T4,1,160.5,191.4,244.2,216.3,92.2,47.9,229,3.0,10.1,7,2.54,1
B202601893,2026-06-08,夜班,C,T3,2,156.4,182.3,235.5,,93.1,68.9,228,3.0,7.9,26,3.32,0
B202601894,2026-06-08,中班,A,T4,5,157.0,192.2,249.4,221.7,89.1,40.1,137,11.0,0.9,17,0.15,1
B202601895,2026-06-08,早班,D,T3,2,151.5,185.0,248.2,218.6,85.1,45.8,116,4.0,9.5,11,3.32,0
B202601896,2026-06-08,早班,C,T4,2,159.4,180.5,236.8,223.5,91.8,52.7,166,7.0,8.2,49,3.59,0
B202601897,2026-06-09,中班,B,T3,2,161.0,184.4,242.0,219.2,98.0,45.3,246,15.0,5.9,21,1.15,1
B202601898,2026-06-09,夜班,A,T5,3,158.6,192.5,248.0,218.9,94.2,48.3,171,,0.6,11,1.8,1
B202601899,2026-06-09,中班,C,T4,3,155.1,183.1,241.1,222.4,89.7,49.9,204,9.0,8.1,23,1.62,0
B202601900,2026-06-09,早班,C,T4,4,152.9,189.3,243.6,216.1,96.9,51.8,138,2.0,7.5,16,4.39,0
B202601901,2026-06-09,夜班,B,T3,1,156.8,169.4,240.2,212.7,94.3,55.6,210,1.0,4.1,28,3.06,0
B202601902,2026-06-09,早班,A,T4,5,150.6,185.0,234.1,224.1,98.1,47.4,141,5.0,2.3,9,2.69,0
B202601903,2026-06-09,中班,C,T4,2,154.4,,242.3,214.5,99.0,53.9,147,1.0,7.2,27,4.69,0
B202601904,2026-06-09,中班,A,T5,1,160.1,177.6,250.0,222.6,95.7,44.1,245,,2.0,13,0.1,1
B202601905,2026-06-09,早班,A,T5,1,156.7,177.3,248.1,214.1,92.8,41.9,208,9.0,1.6,10,0.07,1
B202601906,2026-06-09,夜班,A,T3,4,158.5,195.8,234.7,216.0,88.8,36.0,175,3.0,2.5,18,3.25,0
B202601907,2026-06-09,夜班,D,T4,4,156.7,180.9,248.2,222.8,96.3,49.4,164,8.0,10.8,20,1.81,1
B202601908,2026-06-09,中班,A,T5,2,154.2,184.2,245.2,221.0,98.2,45.4,140,11.0,1.3,21,0.41,1
B202601909,2026-06-10,早班,C,T4,2,148.5,187.4,248.5,218.8,96.2,44.3,206,3.0,6.2,5,0.26,1
B202601910,2026-06-10,中班,D,T5,2,147.8,183.5,247.6,216.7,91.3,43.7,233,13.0,11.2,22,1.35,1
B202601911,2026-06-10,中班,B,T3,5,160.1,179.9,249.6,222.2,92.3,47.8,130,8.0,5.6,11,0.25,1
B202601912,2026-06-10,夜班,A,T3,2,151.4,182.9,248.9,218.4,98.9,49.7,174,9.0,2.0,12,1.03,1
B202601913,2026-06-10,夜班,D,T4,1,160.8,183.7,239.8,222.7,94.4,54.4,143,3.0,11.8,7,1.46,0
B202601914,2026-06-10,中班,D,T3,1,156.0,186.2,244.1,218.5,90.3,44.8,130,3.0,9.7,30,2.38,0
B202601915,2026-06-10,早班,D,T3,4,154.8,180.2,251.4,217.5,90.7,44.9,146,10.0,11.2,2,0.77,1
B202601916,2026-06-10,中班,A,T5,1,148.5,184.4,241.0,212.2,97.8,53.5,81,10.0,2.9,12,2.23,0
B202601917,2026-06-10,早班,D,T4,3,147.1,182.6,248.4,216.4,95.6,48.6,160,12.0,11.1,12,1.12,1
B202601918,2026-06-10,中班,A,T3,5,151.3,185.7,241.9,217.6,92.5,42.0,182,14.0,2.2,24,1.09,1
B202601919,2026-06-10,中班,B,T3,2,159.0,192.3,246.5,215.0,97.6,39.8,199,3.0,3.0,16,1.01,1
B202601920,2026-06-10,中班,D,T4,3,156.8,190.4,249.1,217.8,96.7,52.1,201,10.0,11.5,15,0.46,1
B202601921,2026-06-11,中班,A,T3,1,152.6,185.7,235.2,214.7,87.7,51.0,118,7.0,1.9,7,2.55,0
B202601922,2026-06-11,夜班,A,T3,4,154.4,186.8,247.5,219.2,98.8,49.7,171,8.0,2.8,9,1.91,1
B202601923,2026-06-11,中班,B,T3,2,153.9,180.8,247.9,219.5,93.3,40.1,185,4.0,5.6,16,1.85,1
B202601924,2026-06-11,早班,B,T4,4,150.0,184.7,247.7,222.2,100.8,45.8,149,6.0,3.6,11,0.98,1
B202601925,2026-06-11,早班,D,T4,1,146.9,189.6,246.7,215.4,96.4,48.3,238,,10.9,14,1.65,0
B202601926,2026-06-11,早班,A,T4,5,158.5,183.6,246.3,223.2,96.8,44.9,144,4.0,1.5,5,0.73,1
B202601927,2026-06-11,夜班,D,T4,1,158.9,182.1,243.6,221.1,95.3,44.5,195,5.0,9.4,15,1.41,1
B202601928,2026-06-11,早班,B,T3,2,153.3,189.6,243.8,219.7,96.6,43.0,204,10.0,5.4,0,0.82,1
B202601929,2026-06-11,夜班,D,T5,5,152.3,175.8,252.0,219.5,100.5,47.1,108,9.0,11.0,9,1.22,1
B202601930,2026-06-11,早班,C,T4,3,154.8,187.0,248.5,214.5,98.5,43.5,248,6.0,6.7,18,0.21,1
B202601931,2026-06-11,夜班,B,T5,3,151.8,178.9,245.5,218.7,100.8,45.2,138,,3.3,17,1.75,1
B202601932,2026-06-11,中班,A,T3,1,160.5,192.0,248.8,223.6,99.2,40.9,215,14.0,2.9,0,1.25,1
B202601933,2026-06-12,中班,C,T4,4,153.7,182.7,247.5,217.4,94.6,53.8,213,4.0,7.1,3,1.71,1
B202601934,2026-06-12,早班,B,T4,3,157.9,185.3,246.4,215.8,94.2,43.3,174,13.0,3.3,21,0.93,1
B202601935,2026-06-12,中班,B,T5,1,152.5,190.7,247.5,218.9,98.0,44.5,172,8.0,4.1,13,0.53,1
B202601936,2026-06-12,中班,A,T4,1,158.4,185.9,246.2,214.4,90.3,44.3,147,5.0,2.2,5,1.2,1
B202601937,2026-06-12,早班,C,T4,1,153.8,194.6,243.5,224.0,97.7,43.2,211,3.0,8.9,20,2.29,1
B202601938,2026-06-12,早班,D,T4,2,154.8,184.8,251.7,223.4,97.3,42.1,157,7.0,11.6,18,0.85,1
B202601939,2026-06-12,早班,D,T4,2,151.5,180.5,244.9,219.7,95.1,52.8,209,8.0,10.8,34,2.99,0
B202601940,2026-06-12,夜班,D,T4,4,152.7,176.7,235.7,218.1,97.6,49.1,170,8.0,10.5,49,2.21,0
B202601941,2026-06-12,中班,D,T4,3,157.2,181.5,244.8,215.6,94.6,44.5,146,3.0,11.3,17,1.38,1
B202601942,2026-06-12,早班,C,T4,1,156.4,186.4,247.7,216.1,90.3,53.8,193,6.0,6.3,23,0.5,1
B202601943,2026-06-12,中班,A,T5,4,160.7,183.6,246.5,219.5,97.3,44.8,142,15.0,1.5,2,0.36,1
B202601944,2026-06-12,早班,D,T4,2,,182.4,241.7,213.9,86.2,59.0,103,1.0,9.9,20,2.73,0
B202601945,2026-06-13,中班,D,T3,2,151.5,190.5,252.5,221.2,95.9,47.9,89,3.0,9.0,17,0.67,1
B202601946,2026-06-13,早班,C,T5,3,150.2,182.8,237.1,216.1,94.7,49.9,178,5.0,6.4,29,1.68,0
B202601947,2026-06-13,中班,A,T5,2,159.9,193.0,250.5,222.9,93.5,56.3,102,,0.8,0,0.27,1
B202601948,2026-06-13,早班,B,T4,1,149.5,179.1,,217.1,94.4,39.0,236,7.0,4.9,21,0.62,1
B202601949,2026-06-13,夜班,B,T4,5,150.7,180.3,237.7,218.1,90.1,36.3,133,4.0,4.2,15,2.94,0
B202601950,2026-06-13,早班,A,T4,5,158.4,180.8,245.5,217.1,92.3,40.4,102,11.0,1.0,27,1.21,0
B202601951,2026-06-13,中班,B,T4,4,159.6,174.5,244.4,215.8,97.8,48.7,248,10.0,4.9,7,1.35,1
B202601952,2026-06-13,夜班,B,T4,1,161.1,176.2,244.1,219.0,92.9,62.0,119,5.0,4.6,15,4.46,0
B202601953,2026-06-13,早班,D,T5,5,,186.7,245.0,215.5,91.5,62.3,174,4.0,10.9,24,1.77,0
B202601954,2026-06-13,早班,B,T3,2,155.2,188.2,247.7,225.6,97.4,45.8,155,,4.3,22,0.37,1
B202601955,2026-06-13,早班,B,T4,3,148.7,189.3,247.4,215.0,96.8,55.5,232,6.0,5.4,20,1.43,1
B202601956,2026-06-13,中班,B,T5,1,157.1,177.1,251.2,219.6,94.8,42.7,177,7.0,4.1,4,1.61,1
B202601957,2026-06-14,早班,C,T3,2,156.2,187.7,247.2,216.2,93.7,48.8,214,7.0,8.3,15,1.08,1
B202601958,2026-06-14,夜班,D,T3,4,154.9,194.9,239.1,218.8,101.4,57.4,157,7.0,11.8,43,3.92,0
B202601959,2026-06-14,早班,B,T3,1,152.8,179.2,244.0,219.9,96.0,48.6,152,13.0,4.5,9,0.17,1
B202601960,2026-06-14,早班,C,T3,3,165.2,,,218.5,86.3,29.6,140,5.0,7.0,24,0.33,0
B202601961,2026-06-14,中班,B,T3,2,153.1,175.4,234.9,223.3,93.7,44.5,123,10.0,5.7,14,3.03,0
B202601962,2026-06-14,中班,A,T4,2,148.3,185.9,242.2,222.0,88.7,46.0,222,9.0,0.7,21,2.06,0
B202601963,2026-06-14,早班,A,T5,4,150.5,190.3,245.4,220.7,95.5,37.2,108,15.0,2.4,23,0.06,1
B202601964,2026-06-14,中班,A,T3,1,153.0,179.4,246.5,220.9,98.5,45.4,175,14.0,1.5,18,0.62,1
B202601965,2026-06-14,早班,A,T4,3,154.6,189.0,248.3,216.1,98.7,39.9,108,15.0,1.6,13,1.0,1
B202601966,2026-06-14,夜班,D,T3,1,160.6,184.3,251.1,221.4,97.3,46.3,196,11.0,10.4,2,0.29,1
B202601967,2026-06-14,中班,A,T4,1,150.1,188.2,246.2,223.0,90.6,43.1,122,5.0,1.9,22,1.44,1
B202601968,2026-06-14,中班,D,T4,4,159.2,188.5,247.3,216.1,95.6,38.3,131,14.0,10.6,17,1.28,1
B202601969,2026-06-15,夜班,B,T4,3,150.4,185.1,249.0,218.5,94.0,42.3,109,13.0,5.7,24,0.3,1
B202601970,2026-06-15,夜班,D,T4,2,150.0,183.7,241.6,224.5,92.1,53.1,178,9.0,9.2,43,1.27,0
B202601971,2026-06-15,早班,A,T3,1,152.4,178.7,237.6,218.7,86.2,62.9,156,5.0,2.0,34,2.77,0
B202601972,2026-06-15,早班,B,T5,3,153.1,194.4,247.3,218.5,101.2,42.3,112,7.0,4.1,16,0.21,1
B202601973,2026-06-15,中班,A,T4,3,152.5,195.0,246.3,216.9,95.0,47.9,88,9.0,2.1,8,0.27,1
B202601974,2026-06-15,夜班,B,T3,1,154.5,178.5,241.3,220.0,93.1,52.4,90,11.0,3.9,22,3.73,0
B202601975,2026-06-15,夜班,B,T3,2,162.1,178.2,242.0,210.9,93.4,39.6,151,3.0,6.0,39,2.31,0
B202601976,2026-06-15,夜班,C,T4,2,151.9,176.8,240.1,221.6,95.0,46.6,152,2.0,9.0,25,4.05,0
B202601977,2026-06-15,夜班,A,T5,4,151.9,192.8,244.2,217.3,92.1,56.5,135,8.0,2.5,28,2.45,0
B202601978,2026-06-15,夜班,B,T3,2,155.1,,239.1,211.7,87.7,40.8,175,1.0,3.7,32,3.85,0
B202601979,2026-06-15,中班,D,T4,2,150.8,177.3,241.7,213.5,92.9,54.9,114,1.0,11.4,10,2.83,0
B202601980,2026-06-15,早班,A,T4,4,156.9,184.9,252.4,214.9,99.5,45.4,81,10.0,0.5,7,1.54,1
B202601981,2026-06-16,早班,D,T5,5,148.5,188.4,238.9,213.5,97.4,40.9,81,6.0,10.3,38,4.0,0
B202601982,2026-06-16,中班,B,T3,5,159.6,191.0,253.2,217.2,92.4,45.7,229,4.0,3.8,16,1.93,1
B202601983,2026-06-16,夜班,A,T4,1,161.6,176.7,245.6,216.0,98.0,49.9,129,12.0,2.1,4,0.56,1
B202601984,2026-06-16,中班,B,T5,4,156.8,,237.8,216.8,87.7,35.3,199,4.0,5.5,13,2.56,0
B202601985,2026-06-16,夜班,D,T3,1,154.0,185.2,235.7,216.6,91.8,60.4,115,4.0,10.8,38,2.72,0
B202601986,2026-06-16,夜班,D,T4,2,155.6,178.5,244.0,218.9,93.8,47.1,216,10.0,9.1,19,0.77,1
B202601987,2026-06-16,夜班,A,T3,3,150.5,176.5,239.6,219.7,95.9,43.1,94,11.0,2.3,24,1.27,0
B202601988,2026-06-16,早班,C,T5,2,155.1,185.1,249.1,220.0,96.0,36.0,218,5.0,6.1,11,2.39,1
B202601989,2026-06-16,中班,A,T3,2,161.9,191.1,252.2,217.8,96.5,49.8,183,7.0,2.6,12,1.73,1
B202601990,2026-06-16,夜班,B,T4,3,159.1,180.3,243.2,222.5,92.3,50.1,200,9.0,5.0,1,0.47,1
B202601991,2026-06-16,中班,D,T3,3,152.6,186.5,236.7,214.8,100.2,50.1,225,5.0,11.4,7,4.72,0
B202601992,2026-06-16,中班,C,T4,3,155.3,191.3,247.4,218.8,92.0,34.4,132,13.0,8.8,0,0.32,1
B202601993,2026-06-17,中班,C,T4,2,160.7,177.4,246.7,221.4,92.4,45.3,134,5.0,8.5,17,1.63,1
B202601994,2026-06-17,早班,C,T3,1,157.2,185.8,246.6,220.9,95.0,53.5,120,14.0,8.5,12,0.91,1
B202601995,2026-06-17,中班,D,T4,3,161.7,188.1,251.3,221.2,98.1,49.0,155,,10.3,23,0.73,1
B202601996,2026-06-17,夜班,D,T3,1,150.9,181.1,246.8,228.5,96.2,57.8,95,3.0,10.0,10,0.33,0
B202601997,2026-06-17,夜班,B,T5,3,154.7,190.0,240.3,220.3,93.6,,200,9.0,4.2,45,1.64,0
B202601998,2026-06-17,早班,A,T5,1,156.8,184.8,247.9,219.3,88.4,47.3,183,14.0,0.9,4,2.24,1
B202601999,2026-06-17,中班,D,T3,3,155.8,179.9,248.4,217.9,100.7,46.1,250,3.0,11.0,19,1.15,1
B202602000,2026-06-17,夜班,B,T3,4,155.8,184.5,242.5,222.4,100.2,52.0,197,4.0,4.6,7,3.83,0
B202602001,2026-06-17,早班,C,T4,1,147.5,188.0,239.5,222.5,93.0,39.4,205,4.0,7.9,11,1.55,0
B202602002,2026-06-17,早班,B,T4,4,159.5,171.2,244.0,215.5,93.6,45.1,241,3.0,5.9,6,0.94,0
B202602003,2026-06-17,早班,B,T4,1,160.3,185.4,250.9,212.2,88.2,39.3,143,4.0,5.8,9,0.29,1
B202602004,2026-06-17,夜班,D,T3,1,151.6,177.5,245.5,213.2,90.9,43.0,177,11.0,11.2,43,2.54,0
B202602005,2026-06-18,夜班,C,T4,4,155.7,185.8,238.3,216.7,91.7,55.0,198,3.0,8.8,30,3.06,0
B202602006,2026-06-18,早班,B,T5,2,156.2,180.9,235.8,215.1,99.7,56.6,236,9.0,5.6,21,2.32,0
B202602007,2026-06-18,早班,C,T3,1,149.2,184.9,,218.7,94.8,44.1,86,11.0,6.3,24,0.27,1
B202602008,2026-06-18,中班,D,T4,2,149.2,185.0,240.4,,82.5,39.9,134,7.0,11.2,28,3.74,0
B202602009,2026-06-18,中班,A,T3,2,153.8,198.6,250.5,219.1,99.5,49.8,173,15.0,1.1,22,1.68,1
B202602010,2026-06-18,夜班,B,T4,1,150.6,178.7,238.1,218.5,84.0,56.5,215,1.0,5.6,48,1.7,0
B202602011,2026-06-18,夜班,A,T4,2,154.9,180.5,247.1,220.6,95.6,56.6,82,6.0,1.3,6,0.83,1
B202602012,2026-06-18,中班,C,,2,153.1,178.9,242.1,222.8,90.6,35.3,211,8.0,8.6,20,1.58,0
B202602013,2026-06-18,夜班,C,T5,5,149.9,191.6,247.4,219.4,99.6,44.6,120,9.0,8.4,8,0.66,1
B202602014,2026-06-18,中班,C,T5,3,151.3,172.4,247.3,221.1,99.6,46.9,245,4.0,7.5,22,2.13,1
B202602015,2026-06-18,早班,A,T3,1,150.7,181.4,244.9,219.2,96.3,40.1,189,3.0,0.8,14,0.45,1
B202602016,2026-06-18,中班,B,T4,5,153.7,178.4,248.2,218.2,93.3,48.5,156,9.0,5.9,24,1.3,1
B202602017,2026-06-19,中班,C,T4,5,158.7,178.8,246.8,218.3,89.2,47.3,114,10.0,7.9,2,1.75,1
B202602018,2026-06-19,早班,D,T4,2,160.4,181.8,241.4,218.9,94.7,48.3,222,4.0,10.2,27,2.44,0
B202602019,2026-06-19,中班,B,T3,2,149.2,180.5,244.5,219.3,94.2,55.8,94,,4.7,46,1.24,0
B202602020,2026-06-19,早班,B,T4,1,150.5,192.3,242.6,218.5,96.9,49.3,222,3.0,4.2,17,4.25,0
B202602021,2026-06-19,夜班,D,T3,1,152.5,183.6,247.9,219.0,98.9,58.8,228,,9.5,42,2.76,0
B202602022,2026-06-19,中班,C,T3,4,157.8,188.3,250.8,216.2,88.3,50.0,113,5.0,7.8,0,0.37,1
B202602023,2026-06-19,中班,C,T4,1,159.9,187.8,245.0,208.4,101.2,50.0,132,10.0,6.3,46,1.08,0
B202602024,2026-06-19,中班,C,T4,1,157.5,177.0,251.6,217.0,93.5,43.7,182,11.0,8.6,8,0.81,1
B202602025,2026-06-19,夜班,B,T4,2,150.3,171.6,242.9,217.8,94.5,61.3,185,7.0,5.8,36,2.49,0
B202602026,2026-06-19,中班,D,T3,1,158.0,190.8,243.9,225.3,94.9,44.9,220,11.0,11.1,15,0.68,1
B202602027,2026-06-19,夜班,D,T4,2,154.9,187.2,247.2,220.0,96.4,45.2,160,6.0,10.6,5,0.05,1
B202602028,2026-06-19,早班,D,T3,3,157.0,178.2,244.7,217.4,92.2,55.3,141,5.0,10.3,23,3.27,0
B202602029,2026-06-20,夜班,A,T4,1,146.1,187.9,244.0,221.2,96.1,62.7,182,8.0,2.3,27,1.75,0
B202602030,2026-06-20,早班,B,T3,5,157.3,192.3,247.9,217.8,96.0,42.9,224,15.0,4.2,13,0.41,1
B202602031,2026-06-20,中班,B,T4,2,150.4,177.7,241.8,213.5,85.8,39.7,192,10.0,3.2,39,2.36,0
B202602032,2026-06-20,夜班,D,T5,5,149.4,180.6,251.6,218.8,97.9,41.0,113,10.0,10.7,1,1.0,1
B202602033,2026-06-20,早班,C,T4,1,160.2,181.5,250.1,217.0,99.2,47.8,187,12.0,6.1,0,1.77,1
B202602034,2026-06-20,夜班,B,T4,5,144.8,183.3,243.1,212.1,98.5,39.6,223,7.0,5.3,45,2.78,0
B202602035,2026-06-20,中班,B,T4,2,169.6,180.1,245.4,219.0,96.4,50.9,89,5.0,4.8,21,1.59,1
B202602036,2026-06-20,夜班,A,T4,2,155.0,176.2,242.4,217.5,99.7,48.0,139,14.0,1.4,14,2.18,1
B202602037,2026-06-20,夜班,C,T3,5,157.4,190.9,248.7,218.1,97.3,50.6,231,9.0,6.7,21,0.95,1
B202602038,2026-06-20,中班,D,T4,3,151.8,168.0,238.5,220.0,85.9,58.2,180,6.0,9.7,49,2.56,0
B202602039,2026-06-20,早班,C,T4,4,152.0,189.5,247.8,219.4,96.8,44.2,235,,6.4,14,0.11,1
B202602040,2026-06-20,夜班,A,T5,4,152.6,180.2,248.8,223.6,96.6,52.0,156,4.0,1.5,19,0.04,1
B202602041,2026-06-21,夜班,A,T4,1,150.7,179.7,244.0,221.1,92.8,52.3,246,9.0,1.5,48,3.38,0
B202602042,2026-06-21,中班,C,T3,1,149.7,179.0,246.1,222.5,94.5,47.3,125,12.0,7.4,12,1.11,1
B202602043,2026-06-21,早班,C,T5,3,158.6,182.1,249.4,,102.1,45.7,159,10.0,8.2,20,0.51,1
B202602044,2026-06-21,早班,D,T5,1,155.5,185.8,,218.9,95.0,42.8,204,12.0,10.2,14,0.42,1
B202602045,2026-06-21,中班,B,T5,1,155.4,185.8,251.0,218.4,90.7,44.3,82,11.0,3.5,17,0.84,1
B202602046,2026-06-21,早班,D,T4,1,153.9,180.3,248.7,221.1,95.2,47.2,248,3.0,9.6,10,1.36,1
B202602047,2026-06-21,夜班,B,T4,2,152.3,175.6,232.7,213.3,101.1,55.7,226,8.0,3.2,44,3.53,0
B202602048,2026-06-21,早班,A,T4,2,161.0,189.8,245.5,220.0,95.0,48.9,175,6.0,1.1,11,0.55,1
B202602049,2026-06-21,早班,C,T4,1,148.6,181.2,242.2,211.3,85.6,54.3,157,5.0,8.8,42,3.55,0
B202602050,2026-06-21,夜班,A,T5,2,165.1,173.4,243.5,215.4,94.9,42.0,172,5.0,2.7,20,3.33,0
B202602051,2026-06-21,夜班,D,T4,2,160.2,172.6,245.1,215.2,90.4,41.0,203,12.0,11.5,1,0.49,1
B202602052,2026-06-21,早班,A,T4,1,147.6,186.0,249.7,220.5,89.0,42.7,245,9.0,0.7,1,2.1,1
B202602053,2026-06-22,中班,C,T5,3,152.2,173.9,250.0,216.1,83.7,61.6,181,6.0,7.8,48,2.75,0
B202602054,2026-06-22,夜班,B,T4,1,156.8,177.8,248.8,220.7,93.7,50.4,203,4.0,5.4,23,0.22,1
B202602055,2026-06-22,中班,A,,2,148.7,188.1,248.1,224.4,88.7,45.8,102,4.0,1.6,10,1.09,1
B202602056,2026-06-22,早班,A,T5,5,155.0,,246.4,220.1,90.3,41.8,201,7.0,0.9,16,0.08,1
B202602057,2026-06-22,早班,C,T4,1,155.0,186.4,240.7,216.9,89.6,55.9,171,4.0,6.9,14,2.69,0
B202602058,2026-06-22,夜班,A,T3,4,158.5,180.6,247.8,222.5,91.3,51.2,181,15.0,2.6,22,1.59,1
B202602059,2026-06-22,早班,B,T3,2,149.8,177.8,250.2,217.4,97.8,43.3,134,10.0,3.2,22,0.25,1
B202602060,2026-06-22,中班,D,T3,3,149.4,183.5,241.3,212.8,100.2,50.3,189,6.0,10.8,47,2.33,0
B202602061,2026-06-22,中班,D,T3,4,141.9,181.2,240.6,213.1,88.5,45.2,129,9.0,9.6,8,2.33,0
B202602062,2026-06-22,早班,B,T3,3,154.1,186.6,245.3,219.1,93.7,42.5,250,5.0,5.8,3,1.32,1
B202602063,2026-06-22,中班,D,T3,3,152.0,179.8,241.4,218.6,92.7,60.1,154,8.0,11.6,22,3.24,0
B202602064,2026-06-22,早班,C,T3,4,145.4,185.2,245.3,216.7,90.1,48.9,224,5.0,6.3,35,3.67,0
B202602065,2026-06-23,夜班,B,,1,153.6,180.4,242.0,225.3,90.6,47.0,141,11.0,3.1,12,4.99,0
B202602066,2026-06-23,夜班,B,T4,2,163.6,187.7,246.4,219.4,99.9,50.6,230,7.0,3.9,23,1.64,1
B202602067,2026-06-23,早班,C,T3,3,152.9,183.4,239.3,219.7,94.1,56.6,148,2.0,8.0,19,1.96,0
B202602068,2026-06-23,早班,D,T3,1,144.9,182.7,243.7,219.6,91.1,52.1,245,2.0,10.8,28,4.27,0
B202602069,2026-06-23,中班,C,T4,1,156.8,184.1,248.5,220.9,96.5,45.4,240,14.0,6.1,21,1.4,1
B202602070,2026-06-23,夜班,A,T3,1,,173.8,251.8,219.2,96.0,,127,9.0,3.0,16,0.56,1
B202602071,2026-06-23,中班,D,T3,5,154.8,184.0,242.3,219.9,96.4,50.4,149,11.0,11.4,2,1.71,1
B202602072,2026-06-23,中班,A,T3,2,152.0,183.6,247.8,220.1,94.8,37.8,190,3.0,1.6,9,2.27,1
B202602073,2026-06-23,早班,B,T5,1,145.9,180.3,248.2,221.7,92.4,42.0,204,12.0,3.3,5,0.63,1
B202602074,2026-06-23,早班,D,T4,3,155.5,,250.0,219.9,97.4,45.8,98,3.0,10.1,3,1.28,1
B202602075,2026-06-23,中班,C,T3,1,153.2,191.0,243.6,209.4,90.5,52.8,125,7.0,6.8,32,2.39,0
B202602076,2026-06-23,中班,A,T4,1,154.0,190.0,252.9,216.3,96.9,47.4,145,13.0,1.2,7,0.98,1
B202602077,2026-06-24,中班,D,T5,3,155.6,184.4,248.2,222.3,92.6,46.3,225,4.0,10.2,3,1.03,1
B202602078,2026-06-24,夜班,D,T5,1,159.9,189.2,249.5,221.6,96.5,43.1,123,5.0,11.5,18,1.34,1
B202602079,2026-06-24,早班,D,T5,1,151.2,178.8,241.0,218.6,91.5,43.9,88,9.0,9.7,45,3.03,0
B202602080,2026-06-24,中班,C,T5,1,150.0,181.8,253.2,223.2,98.6,49.5,161,,6.9,16,0.91,1
B202602081,2026-06-24,中班,D,T5,2,157.1,191.7,247.5,218.4,91.3,37.3,207,14.0,10.4,20,0.13,1
B202602082,2026-06-24,夜班,D,T4,4,148.1,183.5,249.8,222.0,100.4,52.5,89,7.0,10.2,4,2.68,1
B202602083,2026-06-24,早班,A,T5,5,147.8,183.3,248.8,218.0,93.4,43.0,236,10.0,1.7,20,0.17,1
B202602084,2026-06-24,早班,D,T5,2,149.6,186.3,245.6,217.4,96.0,43.7,217,5.0,10.4,11,0.92,1
B202602085,2026-06-24,夜班,A,T3,4,158.8,182.1,248.4,219.7,99.9,53.0,109,10.0,0.6,6,1.25,1
B202602086,2026-06-24,中班,A,T3,3,152.5,187.7,,219.1,98.2,60.2,157,11.0,1.2,21,0.68,1
B202602087,2026-06-24,中班,A,T4,2,154.6,184.6,246.2,218.2,93.3,45.5,199,4.0,2.6,22,0.97,1
B202602088,2026-06-24,夜班,C,T3,4,149.1,189.3,241.2,220.4,93.3,,230,6.0,8.2,20,2.45,0
B202602089,2026-06-25,早班,C,T4,3,158.5,187.7,253.1,222.9,97.3,,118,5.0,8.4,7,0.9,1
B202602090,2026-06-25,夜班,A,T4,4,161.0,177.4,251.1,220.3,97.3,48.0,199,10.0,1.1,23,0.98,1
B202602091,2026-06-25,中班,C,T5,5,159.1,171.3,239.8,213.7,93.8,58.2,243,9.0,7.0,47,3.95,0
B202602092,2026-06-25,中班,B,T4,1,157.1,178.2,250.4,222.3,98.2,48.3,172,6.0,3.2,11,1.44,1
B202602093,2026-06-25,中班,C,T3,1,151.1,188.9,236.2,215.3,88.8,52.4,213,4.0,7.9,18,2.08,0
B202602094,2026-06-25,中班,A,T4,1,153.0,193.0,246.9,216.0,92.0,48.2,113,13.0,1.1,20,0.45,1
B202602095,2026-06-25,中班,C,T4,5,156.4,185.5,252.9,218.9,96.6,46.8,159,9.0,7.2,8,1.05,1
B202602096,2026-06-25,早班,B,T4,1,155.6,184.7,242.1,215.6,91.1,57.2,154,7.0,3.8,6,1.71,0
B202602097,2026-06-25,早班,B,T3,1,151.5,187.5,246.2,218.8,94.1,53.7,160,6.0,5.5,4,0.5,1
B202602098,2026-06-25,早班,C,T3,1,153.1,187.4,245.6,221.9,92.6,43.2,135,15.0,7.8,1,0.9,1
B202602099,2026-06-25,中班,C,T3,5,163.5,182.7,251.6,221.8,98.9,40.9,195,15.0,8.1,9,0.86,1
B202602100,2026-06-25,早班,A,T4,4,157.2,175.9,249.0,217.9,100.9,49.9,180,11.0,2.5,22,0.58,1
B202602101,2026-06-26,夜班,B,T4,1,160.4,182.6,243.6,223.2,93.7,51.8,205,14.0,4.6,12,1.62,1
B202602102,2026-06-26,夜班,C,T3,3,160.2,186.3,250.9,222.0,92.2,46.6,126,,8.9,22,1.34,1
B202602103,2026-06-26,早班,C,T5,3,159.1,184.9,246.4,219.8,97.1,48.5,82,7.0,8.2,17,0.51,1
B202602104,2026-06-26,夜班,B,T5,3,147.8,182.1,243.0,215.3,92.9,41.8,204,9.0,5.7,16,3.2,0
B202602105,2026-06-26,早班,C,T4,2,151.4,195.3,249.5,223.2,95.7,54.4,87,11.0,8.5,16,1.9,1
B202602106,2026-06-26,夜班,D,T5,1,155.5,185.3,246.1,223.9,96.7,,193,7.0,11.2,17,1.17,1
B202602107,2026-06-26,夜班,D,T4,1,146.0,187.0,242.4,222.0,95.9,47.2,219,2.0,11.9,25,3.37,0
B202602108,2026-06-26,早班,C,T3,3,159.1,182.7,246.2,218.3,96.0,54.3,122,10.0,6.3,15,0.76,1
B202602109,2026-06-26,早班,A,T4,5,156.8,184.4,241.2,216.4,91.2,30.4,190,11.0,2.3,17,2.34,0
B202602110,2026-06-26,夜班,D,T4,3,152.1,174.6,241.5,212.0,90.6,50.9,226,6.0,10.2,30,1.23,0
B202602111,2026-06-26,夜班,A,T3,4,150.3,190.9,241.6,216.9,83.8,51.8,243,10.0,1.8,45,4.59,0
B202602112,2026-06-26,夜班,C,T3,3,160.4,167.6,251.7,221.3,97.1,50.9,228,11.0,6.6,4,0.09,1
B202602113,2026-06-27,早班,C,T4,1,147.0,175.3,238.9,217.1,89.4,38.5,111,3.0,6.7,16,4.01,0
B202602114,2026-06-27,中班,B,T4,1,150.4,184.7,247.9,223.4,94.4,45.2,125,5.0,5.9,19,0.38,1
B202602115,2026-06-27,夜班,C,T3,2,155.7,184.4,240.5,228.9,95.1,37.9,84,5.0,6.1,26,2.64,0
B202602116,2026-06-27,夜班,B,T3,1,149.7,187.1,243.1,219.8,95.7,,238,5.0,4.7,13,0.57,1
B202602117,2026-06-27,中班,A,T4,1,152.6,183.3,249.1,219.8,94.0,43.1,187,14.0,1.6,15,0.9,1
B202602118,2026-06-27,早班,B,T4,1,152.9,194.4,244.7,215.8,98.7,50.3,125,7.0,4.3,17,1.39,1
B202602119,2026-06-27,中班,A,T4,1,157.5,180.5,250.3,221.6,93.7,47.5,139,3.0,2.9,20,1.07,1
B202602120,2026-06-27,夜班,B,T4,5,152.8,178.3,244.7,216.2,94.3,52.3,165,1.0,3.7,22,3.74,0
B202602121,2026-06-27,夜班,B,T4,3,153.0,,248.9,219.6,91.7,36.4,91,5.0,3.0,24,0.09,1
B202602122,2026-06-27,早班,A,T4,1,152.3,176.7,243.4,214.4,98.2,47.8,181,14.0,1.8,12,0.34,1
B202602123,2026-06-27,中班,B,T5,2,151.2,183.0,246.8,218.3,85.9,50.3,193,6.0,4.4,24,2.64,0
B202602124,2026-06-27,中班,C,T5,5,150.9,172.5,237.6,216.6,94.9,52.8,216,3.0,6.2,9,3.12,0
B202602125,2026-06-28,早班,A,T4,1,154.4,196.0,248.6,222.7,97.5,38.5,115,3.0,0.7,7,1.45,1
B202602126,2026-06-28,夜班,B,T4,5,152.0,188.4,246.7,211.3,91.9,,165,8.0,5.2,49,4.87,0
B202602127,2026-06-28,早班,B,T4,1,161.8,189.3,240.7,223.2,94.9,43.2,178,14.0,4.9,9,1.06,1
B202602128,2026-06-28,早班,C,T4,2,153.5,179.8,242.3,220.8,96.5,49.2,240,8.0,6.6,10,5.62,0
B202602129,2026-06-28,夜班,B,T4,5,156.3,182.7,246.6,216.2,96.7,47.5,237,13.0,4.6,21,1.09,1
B202602130,2026-06-28,早班,D,T5,5,160.1,177.7,251.8,218.8,92.2,43.0,146,,11.2,11,1.29,1
B202602131,2026-06-28,早班,B,T4,1,147.1,173.3,243.7,219.8,94.9,52.0,142,4.0,5.5,19,0.63,0
B202602132,2026-06-28,中班,A,T4,1,157.6,194.6,243.1,215.9,88.8,51.1,169,,2.2,24,2.14,0
B202602133,2026-06-28,早班,C,T4,1,150.8,170.2,246.2,218.9,89.3,52.8,204,5.0,7.5,15,3.55,0
B202602134,2026-06-28,早班,D,T4,1,,177.0,246.6,220.3,94.2,34.9,180,9.0,9.7,0,1.79,1
B202602135,2026-06-28,夜班,D,T5,2,165.4,187.9,239.7,218.9,87.0,45.8,217,7.0,9.0,22,2.29,0
B202602136,2026-06-28,夜班,B,T4,1,158.1,198.5,246.2,223.2,93.8,45.4,81,4.0,4.6,8,1.42,1
B202602137,2026-06-29,夜班,C,T5,2,147.7,181.1,248.0,222.8,99.7,46.7,198,11.0,8.6,22,2.11,1
B202602138,2026-06-29,中班,D,T5,2,,,244.0,212.8,96.4,57.2,85,6.0,10.8,3,1.45,1
B202602139,2026-06-29,早班,C,T5,2,151.9,186.0,248.0,219.6,92.4,38.6,165,10.0,8.3,5,2.08,1
B202602140,2026-06-29,中班,A,T3,1,152.2,187.5,249.5,212.9,98.4,43.3,185,10.0,1.6,9,1.91,1
B202602141,2026-06-29,夜班,B,T4,2,156.7,179.4,242.1,,97.3,45.0,174,15.0,5.3,24,2.03,1
B202602142,2026-06-29,夜班,C,,1,163.5,182.8,251.1,221.1,92.3,48.2,215,14.0,7.5,18,1.85,1
B202602143,2026-06-29,早班,B,T5,1,163.5,174.9,239.5,215.7,80.5,53.3,84,3.0,4.4,43,2.44,0
B202602144,2026-06-29,早班,B,T4,2,150.6,185.9,241.1,218.7,95.4,42.7,151,6.0,5.0,38,5.79,0
B202602145,2026-06-29,夜班,B,T4,1,153.6,181.4,249.0,213.2,94.6,39.3,203,8.0,3.8,14,5.26,0
B202602146,2026-06-29,早班,B,T3,5,158.0,178.5,236.0,214.3,99.5,59.6,235,4.0,5.5,23,2.57,0
B202602147,2026-06-29,夜班,B,T4,1,150.2,181.6,248.3,220.2,93.1,42.7,115,14.0,5.0,6,1.83,1
B202602148,2026-06-29,夜班,D,T3,3,149.2,183.9,236.8,219.6,97.5,46.9,114,6.0,11.7,19,4.97,0
B202602149,2026-06-30,中班,D,T3,5,158.8,173.6,244.4,220.8,99.5,54.8,192,,9.5,17,2.03,0
B202602150,2026-06-30,中班,B,T3,4,153.8,193.3,246.2,216.4,92.3,48.6,226,11.0,3.7,16,0.83,1
B202602151,2026-06-30,夜班,D,T4,2,159.9,187.7,250.0,222.4,95.3,51.8,180,7.0,9.5,9,0.14,1
B202602152,2026-06-30,早班,B,T4,4,156.1,183.1,244.3,219.8,101.1,,222,11.0,4.8,21,1.34,1
B202602153,2026-06-30,中班,A,T5,5,159.3,187.6,250.0,223.0,92.8,40.0,133,5.0,1.7,17,0.33,1
B202602154,2026-06-30,夜班,B,T5,1,152.0,192.3,246.2,220.1,95.2,44.1,168,3.0,3.3,10,1.24,1
B202602155,2026-06-30,夜班,A,T4,3,151.9,186.8,246.1,219.2,100.7,45.1,174,13.0,2.9,4,2.12,1
B202602156,2026-06-30,中班,A,T4,5,151.7,184.9,245.3,217.1,93.6,36.8,106,,2.2,14,1.1,1
B202602157,2026-06-30,中班,B,T5,4,150.6,190.9,243.8,222.3,82.7,51.8,163,4.0,5.1,22,0.37,0
B202602158,2026-06-30,中班,A,T4,2,157.0,190.8,242.5,224.2,97.9,52.8,179,8.0,1.8,45,3.32,0
B202602159,2026-06-30,中班,C,T4,2,146.2,191.6,250.3,216.7,102.6,47.6,177,3.0,6.8,13,0.27,1
B202602160,2026-06-30,夜班,A,T4,1,151.9,183.3,239.4,218.9,94.0,65.6,199,8.0,2.4,47,3.22,0
B202602161,2026-07-01,中班,C,T4,5,155.8,181.1,,219.3,92.0,49.1,219,13.0,8.4,16,0.59,1
B202602162,2026-07-01,中班,B,T5,1,158.6,183.6,248.5,219.5,90.6,43.6,167,14.0,5.2,23,1.14,1
B202602163,2026-07-01,早班,C,T4,1,150.9,184.0,248.7,219.2,98.9,49.6,242,14.0,9.0,10,0.9,1
B202602164,2026-07-01,中班,D,T4,4,157.6,188.6,247.6,218.9,100.6,45.9,100,,10.3,12,0.59,1
B202602165,2026-07-01,夜班,A,T4,2,150.2,175.4,234.0,222.8,91.1,43.6,193,6.0,1.8,10,1.09,0
B202602166,2026-07-01,夜班,D,T3,1,159.9,181.9,243.7,215.2,92.3,66.0,146,4.0,9.4,18,3.57,0
B202602167,2026-07-01,中班,D,T4,4,150.7,186.3,250.8,218.6,98.1,39.5,182,,11.5,14,0.65,1
B202602168,2026-07-01,中班,B,T3,1,153.1,184.5,249.1,219.2,98.4,42.3,181,8.0,4.1,24,0.02,1
B202602169,2026-07-01,早班,B,T5,4,154.6,182.6,249.9,225.5,93.6,,151,13.0,3.6,12,0.62,1
B202602170,2026-07-01,中班,B,T3,1,156.9,187.5,248.0,219.1,101.0,55.9,134,5.0,3.1,24,0.27,1
B202602171,2026-07-01,中班,B,T3,2,161.6,190.1,247.3,,94.9,50.9,134,9.0,3.5,5,1.07,1
B202602172,2026-07-01,夜班,A,T4,3,159.7,187.5,239.8,218.2,85.6,41.7,217,11.0,0.5,37,4.21,0
B202602173,2026-07-02,中班,A,T5,3,157.9,183.9,246.9,222.8,90.4,40.3,151,4.0,0.6,17,0.43,1
B202602174,2026-07-02,夜班,B,T4,1,156.2,181.0,241.5,219.2,94.1,67.0,138,,5.7,44,5.02,0
B202602175,2026-07-02,早班,C,T4,4,154.8,193.7,249.9,219.9,96.1,44.7,212,11.0,7.5,11,1.38,1
B202602176,2026-07-02,夜班,C,T4,2,154.8,190.3,244.2,220.9,91.6,52.5,173,14.0,7.6,13,1.72,1
B202602177,2026-07-02,夜班,A,T4,3,157.0,179.8,242.0,218.3,89.2,53.4,135,7.0,1.0,33,3.5,0
B202602178,2026-07-02,中班,B,T4,2,155.3,179.3,240.8,217.6,99.7,52.6,202,2.0,3.5,22,4.17,0
B202602179,2026-07-02,中班,B,T5,3,150.3,189.2,247.1,214.3,94.0,47.1,122,9.0,4.8,6,0.87,1
B202602180,2026-07-02,中班,B,T3,1,154.9,183.3,246.9,221.6,90.3,41.1,107,11.0,4.7,4,1.24,1
B202602181,2026-07-02,早班,D,T5,4,153.5,194.7,240.6,217.2,97.4,53.8,154,2.0,9.3,38,3.04,0
B202602182,2026-07-02,早班,D,T4,3,154.7,183.3,249.2,219.5,97.4,46.9,114,12.0,11.7,9,0.99,1
B202602183,2026-07-02,夜班,A,T3,1,157.8,184.0,250.4,209.4,98.9,42.8,82,3.0,0.5,0,1.71,1
B202602184,2026-07-02,中班,A,T4,1,150.1,184.8,251.0,213.5,94.2,46.1,138,4.0,0.9,0,0.45,1
B202602185,2026-07-03,早班,B,T4,1,151.2,185.5,247.6,216.7,93.3,41.3,196,10.0,5.0,11,0.22,1
B202602186,2026-07-03,早班,C,T4,1,152.8,183.6,249.7,219.2,97.5,,93,4.0,6.6,9,1.34,1
B202602187,2026-07-03,早班,B,T3,4,,185.1,238.9,221.2,93.8,47.9,92,7.0,4.8,49,2.33,0
B202602188,2026-07-03,中班,B,T5,1,152.9,189.4,238.2,220.8,89.8,58.5,160,8.0,3.3,6,2.68,0
B202602189,2026-07-03,中班,D,T4,2,154.2,183.0,248.9,217.9,91.1,41.2,138,,11.7,7,0.68,1
B202602190,2026-07-03,早班,C,T5,1,139.6,184.2,242.3,213.7,86.0,53.2,197,3.0,7.4,18,2.79,0
B202602191,2026-07-03,中班,C,T3,3,149.8,181.8,243.6,215.3,94.4,53.3,110,1.0,8.7,20,3.51,0
B202602192,2026-07-03,早班,B,T3,5,154.9,179.8,243.8,224.4,86.3,59.6,122,7.0,5.3,39,4.6,0
B202602193,2026-07-03,中班,B,T5,3,154.4,182.1,242.5,219.3,90.2,61.8,84,7.0,5.7,36,2.99,0
B202602194,2026-07-03,中班,C,T4,2,156.6,187.4,251.0,222.7,99.1,45.6,187,12.0,6.4,7,0.59,1
B202602195,2026-07-03,夜班,B,T4,1,152.9,193.5,247.9,219.7,88.4,35.3,103,10.0,5.1,6,0.98,1
B202602196,2026-07-03,早班,C,T5,2,151.9,189.5,245.3,224.7,85.0,48.0,195,8.0,6.6,41,2.56,0
B202602197,2026-07-04,早班,A,T5,5,154.0,194.0,250.0,218.5,91.8,42.8,137,9.0,1.4,3,1.95,1
B202602198,2026-07-04,中班,C,T4,1,163.1,175.7,243.5,221.2,89.3,40.6,166,8.0,6.3,15,3.02,0
B202602199,2026-07-04,中班,A,T4,1,150.8,183.0,241.6,215.0,89.8,54.5,235,4.0,2.6,32,1.21,0
B202602200,2026-07-04,中班,D,T4,1,,180.1,242.6,213.8,93.9,43.7,121,9.0,9.4,38,0.86,0
B202602201,2026-07-04,夜班,A,T5,1,153.6,189.9,247.0,224.4,92.8,41.7,241,9.0,1.9,0,1.09,1
B202602202,2026-07-04,早班,A,T4,1,162.5,185.3,245.8,220.5,91.8,45.6,222,6.0,2.8,7,0.87,1
B202602203,2026-07-04,夜班,D,T5,3,161.1,182.5,246.8,217.2,92.7,41.4,247,14.0,11.4,15,1.11,1
B202602204,2026-07-04,早班,D,T3,3,156.1,180.2,250.3,219.4,96.3,44.7,87,9.0,10.5,7,0.43,1
B202602205,2026-07-04,早班,A,T4,3,158.0,179.9,244.0,220.3,94.7,50.3,137,5.0,2.5,29,0.35,0
B202602206,2026-07-04,中班,C,T5,3,153.3,179.3,251.5,220.7,90.4,45.9,115,6.0,7.1,0,0.13,1
B202602207,2026-07-04,中班,D,T3,2,159.0,183.9,247.5,220.3,97.8,37.0,97,3.0,10.2,21,1.31,1
B202602208,2026-07-04,早班,D,T5,1,,192.8,243.0,217.9,101.3,47.7,211,12.0,9.3,13,1.71,1
B202602209,2026-07-05,夜班,C,T4,1,156.1,182.1,250.1,219.3,92.7,48.5,171,3.0,8.3,24,1.1,1
B202602210,2026-07-05,夜班,A,T4,2,143.6,193.9,246.8,214.1,90.8,47.4,96,1.0,2.8,7,3.24,0
B202602211,2026-07-05,中班,D,T5,1,166.4,188.1,243.2,217.9,86.8,54.8,88,6.0,10.4,48,2.84,0
B202602212,2026-07-05,中班,B,T5,1,,186.1,244.7,212.5,94.5,39.7,225,4.0,3.8,16,0.45,1
B202602213,2026-07-05,夜班,D,T4,1,147.3,181.2,245.9,222.1,93.8,45.3,223,7.0,10.1,11,0.46,1
B202602214,2026-07-05,早班,B,T3,3,153.6,177.4,250.0,220.3,96.7,44.1,136,11.0,5.9,20,1.29,1
B202602215,2026-07-05,早班,A,T3,1,154.2,178.1,245.6,220.3,93.1,45.7,162,13.0,1.3,13,1.65,1
B202602216,2026-07-05,中班,B,T3,2,156.5,185.8,245.7,218.6,99.3,48.2,118,8.0,3.5,22,0.54,1
B202602217,2026-07-05,早班,C,T4,1,148.7,186.5,245.2,218.0,90.1,46.0,190,2.0,6.4,24,2.55,0
B202602218,2026-07-05,中班,B,T3,3,164.7,187.6,238.8,218.4,97.2,38.4,226,5.0,5.6,41,2.86,0
B202602219,2026-07-05,早班,C,T5,4,157.2,187.9,245.5,219.3,93.4,38.8,223,12.0,7.6,18,1.32,1
B202602220,2026-07-05,中班,B,T4,2,158.7,185.9,246.3,221.6,94.2,42.2,160,10.0,5.2,22,0.11,1
B202602221,2026-07-06,早班,C,T3,3,163.2,182.6,249.1,221.4,95.1,41.8,230,10.0,6.4,0,0.57,1
B202602222,2026-07-06,夜班,D,T4,1,155.4,187.2,248.6,215.8,95.0,38.7,124,8.0,11.0,24,1.09,1
B202602223,2026-07-06,早班,A,T4,2,168.4,181.2,242.5,215.6,96.9,56.6,107,6.0,0.9,16,0.67,0
B202602224,2026-07-06,中班,A,T4,2,164.0,185.5,252.0,216.8,93.8,47.6,126,8.0,0.7,17,1.18,1
B202602225,2026-07-06,中班,A,T4,1,154.6,184.2,246.5,219.7,97.9,44.0,169,15.0,1.1,23,0.2,1
B202602226,2026-07-06,夜班,B,T5,1,151.3,187.0,238.5,214.5,86.5,37.5,240,6.0,5.0,49,4.98,0
B202602227,2026-07-06,早班,D,T4,1,148.0,183.5,238.9,211.9,93.9,48.3,237,6.0,9.3,49,3.61,0
B202602228,2026-07-06,夜班,B,T3,4,151.7,190.2,247.9,219.5,95.8,,106,10.0,4.0,6,0.76,1
B202602229,2026-07-06,夜班,B,T4,3,145.9,183.8,249.0,222.0,86.4,53.3,116,15.0,5.0,9,1.58,1
B202602230,2026-07-06,早班,B,T3,3,157.5,189.0,246.8,220.1,92.0,41.5,204,4.0,5.3,5,0.92,1
B202602231,2026-07-06,早班,A,T5,1,150.9,195.4,249.3,218.8,98.4,45.3,139,13.0,2.7,21,1.69,1
B202602232,2026-07-06,夜班,D,T5,5,158.2,187.6,252.1,223.1,99.3,44.7,198,15.0,10.9,8,0.96,1
B202602233,2026-07-07,中班,D,T4,1,154.3,173.9,245.5,220.6,91.5,40.9,127,13.0,11.2,16,0.57,1
B202602234,2026-07-07,夜班,A,T4,1,148.0,192.6,237.1,216.8,87.8,60.6,126,1.0,1.6,9,3.33,0
B202602235,2026-07-07,中班,B,T5,3,151.1,184.1,250.5,,95.6,44.1,139,4.0,3.5,17,0.2,1
B202602236,2026-07-07,中班,B,T5,1,149.6,187.6,249.6,221.7,96.7,40.9,122,,5.7,7,0.34,1
B202602237,2026-07-07,早班,B,T3,5,154.8,183.1,248.3,220.6,92.3,51.2,83,,3.6,10,1.6,1
B202602238,2026-07-07,中班,A,T5,1,152.6,187.1,245.1,219.8,92.9,45.2,210,7.0,0.9,11,2.1,1
B202602239,2026-07-07,中班,B,T5,4,150.1,177.0,249.5,220.3,93.3,43.4,203,11.0,4.4,15,0.53,1
B202602240,2026-07-07,早班,D,T4,3,140.3,192.6,242.8,219.9,89.0,61.4,160,2.0,9.9,27,3.65,0
B202602241,2026-07-07,中班,C,T4,3,149.2,177.3,242.2,221.9,85.2,54.5,224,10.0,8.8,47,3.29,0
B202602242,2026-07-07,中班,D,T4,3,149.4,180.2,241.7,218.5,84.2,32.8,244,1.0,10.4,10,2.6,0
B202602243,2026-07-07,中班,B,T4,3,159.6,191.0,246.7,219.1,93.8,34.0,174,7.0,5.0,5,1.53,1
B202602244,2026-07-07,早班,B,T3,2,156.6,183.2,244.6,223.5,88.9,50.9,97,7.0,3.1,18,2.87,0
B202602245,2026-07-08,夜班,C,T4,2,148.2,187.1,239.8,213.7,88.8,46.9,154,4.0,7.2,20,3.94,0
B202602246,2026-07-08,中班,D,T5,2,151.0,191.3,250.9,,102.1,38.9,201,5.0,10.4,14,1.42,1
B202602247,2026-07-08,早班,A,T4,3,150.4,187.6,250.2,222.5,92.2,36.9,94,11.0,2.5,8,0.72,1
B202602248,2026-07-08,早班,B,T5,3,156.6,182.6,237.3,222.4,94.5,47.0,240,,3.3,11,3.08,0
B202602249,2026-07-08,中班,C,T5,5,155.2,183.3,252.4,224.7,91.3,47.3,154,9.0,8.2,7,1.01,1
B202602250,2026-07-08,夜班,C,T5,1,150.0,194.7,246.9,222.2,97.9,59.8,168,9.0,7.7,48,3.63,0
B202602251,2026-07-08,中班,A,T4,2,158.4,184.4,249.3,218.1,97.3,44.0,99,10.0,2.7,14,1.04,1
B202602252,2026-07-08,夜班,C,T4,2,159.4,193.5,247.6,216.9,92.5,43.0,174,4.0,6.6,3,1.3,1
B202602253,2026-07-08,中班,D,T4,3,145.8,176.8,239.3,218.0,91.7,50.2,97,11.0,9.3,45,4.08,0
B202602254,2026-07-08,早班,C,T3,1,158.2,180.7,247.8,216.4,96.8,48.2,239,10.0,7.2,13,1.44,1
B202602255,2026-07-08,中班,A,T5,2,150.3,181.0,245.5,220.9,99.3,51.9,237,5.0,0.7,18,1.31,1
B202602256,2026-07-08,早班,A,T3,2,163.0,185.8,245.7,222.7,97.5,32.8,99,14.0,1.7,4,1.82,1
B202602257,2026-07-09,中班,A,T4,5,157.4,185.9,248.3,215.7,96.0,43.3,115,11.0,2.4,8,1.34,1
B202602258,2026-07-09,早班,B,T3,1,147.8,186.7,,213.9,95.9,39.5,142,6.0,5.7,15,0.82,1
B202602259,2026-07-09,夜班,D,T4,3,154.4,183.5,250.0,213.9,89.5,44.5,226,3.0,9.3,0,1.77,1
B202602260,2026-07-09,早班,A,T5,1,149.9,186.0,246.7,217.5,92.4,42.6,146,14.0,1.0,18,2.08,1
B202602261,2026-07-09,早班,B,T4,5,154.0,189.4,245.5,223.1,93.3,51.4,195,,4.9,20,0.7,1
B202602262,2026-07-09,中班,D,T3,5,149.8,186.5,250.4,224.2,93.4,34.6,195,15.0,10.0,8,1.72,1
B202602263,2026-07-09,夜班,B,T4,2,147.9,183.1,248.3,215.3,94.1,32.8,168,7.0,4.2,5,3.11,0
B202602264,2026-07-09,早班,B,T3,2,157.3,185.4,243.7,216.7,96.5,46.3,96,2.0,4.1,14,3.01,0
B202602265,2026-07-09,早班,C,T3,1,154.3,190.5,244.6,222.5,93.0,52.0,147,10.0,7.2,12,1.68,1
B202602266,2026-07-09,中班,C,T5,5,154.3,188.9,252.6,218.0,99.8,49.9,211,9.0,6.6,8,0.88,1
B202602267,2026-07-09,夜班,A,T3,5,147.6,167.8,243.9,224.1,99.8,40.3,104,3.0,2.9,6,2.13,0
B202602268,2026-07-09,夜班,A,T4,3,149.6,180.4,249.8,219.1,94.5,39.4,106,12.0,1.8,7,0.87,1
B202602269,2026-07-10,夜班,C,T5,1,163.4,176.8,251.7,220.2,95.0,50.0,237,6.0,7.7,35,3.6,0
B202602270,2026-07-10,早班,B,T4,1,148.0,188.6,240.9,219.0,89.6,55.6,222,6.0,5.3,48,2.09,0
B202602271,2026-07-10,夜班,B,T3,3,154.0,182.6,247.9,217.1,98.8,41.5,204,6.0,5.6,16,0.9,1
B202602272,2026-07-10,夜班,A,T3,2,151.7,180.1,243.9,220.8,84.3,59.6,155,10.0,1.2,36,2.41,0
B202602273,2026-07-10,夜班,A,T3,1,149.1,191.6,246.4,222.5,96.5,33.1,104,15.0,2.2,19,1.06,1
B202602274,2026-07-10,早班,C,T4,3,153.6,184.5,245.0,218.8,97.4,41.7,95,6.0,7.0,20,0.8,1
B202602275,2026-07-10,夜班,B,T4,1,152.6,183.4,240.8,220.6,97.2,59.1,192,7.0,5.5,32,4.93,0
B202602276,2026-07-10,中班,D,T4,4,154.8,177.9,245.2,222.9,97.1,51.1,123,3.0,10.6,1,1.03,1
B202602277,2026-07-10,早班,A,T4,1,157.2,190.8,251.5,218.5,93.9,49.3,158,9.0,3.0,22,0.68,1
B202602278,2026-07-10,夜班,C,T3,2,144.4,188.0,236.7,211.1,94.1,45.4,203,10.0,6.3,9,3.11,0
B202602279,2026-07-10,早班,B,T5,2,162.9,179.2,244.5,222.9,86.9,44.0,250,8.0,3.3,21,3.15,0
B202602280,2026-07-10,夜班,A,T4,4,148.0,186.7,237.1,221.7,82.8,55.4,139,6.0,0.6,27,1.24,0
B202602281,2026-07-11,夜班,C,T5,3,152.5,181.1,246.2,224.2,98.3,47.9,85,15.0,7.9,11,0.92,1
B202602282,2026-07-11,早班,C,T5,2,162.3,178.2,244.4,225.2,94.5,48.2,186,4.0,7.6,1,0.97,1
B202602283,2026-07-11,中班,C,T4,1,157.4,192.9,244.7,218.2,83.9,40.5,160,10.0,8.2,25,1.86,0
B202602284,2026-07-11,早班,A,T3,2,156.1,185.2,247.6,219.7,94.7,48.0,96,15.0,2.0,20,1.87,1
B202602285,2026-07-11,中班,D,T5,4,153.2,180.1,241.8,219.2,98.4,45.5,84,1.0,11.6,45,3.83,0
B202602286,2026-07-11,早班,D,T4,2,161.7,183.1,241.8,214.3,87.6,41.7,100,3.0,9.4,23,3.46,0
B202602287,2026-07-11,早班,C,T4,2,148.3,174.1,240.4,221.7,88.5,54.6,140,4.0,7.1,20,3.11,0
B202602288,2026-07-11,中班,D,T4,4,152.6,193.9,249.0,213.2,97.6,55.0,119,,10.1,14,0.11,1
B202602289,2026-07-11,夜班,B,T3,1,155.1,183.6,236.1,215.7,90.2,45.0,186,5.0,4.5,43,2.99,0
B202602290,2026-07-11,早班,D,T4,2,151.6,188.3,240.3,216.1,89.8,41.1,131,9.0,11.1,24,2.76,0
B202602291,2026-07-11,夜班,D,T3,3,160.0,185.2,246.0,,90.0,44.3,135,6.0,10.7,12,0.81,1
B202602292,2026-07-11,早班,A,T4,4,157.3,181.7,249.8,217.5,97.9,41.0,186,7.0,1.6,10,1.61,1
B202602293,2026-07-12,早班,C,T5,3,156.7,184.8,239.3,211.1,90.6,62.2,107,7.0,8.6,33,3.02,0
B202602294,2026-07-12,早班,B,T4,1,150.5,174.4,249.4,218.6,90.3,35.4,158,12.0,3.1,10,0.83,1
B202602295,2026-07-12,早班,B,T4,3,153.9,186.2,249.1,220.1,94.9,52.4,234,,4.7,21,0.31,1
B202602296,2026-07-12,早班,D,T4,4,155.6,184.1,247.0,218.1,89.6,51.0,231,5.0,9.5,2,0.96,1
B202602297,2026-07-12,早班,A,T3,3,151.9,193.1,243.5,214.2,88.1,,91,10.0,2.7,49,1.37,0
B202602298,2026-07-12,中班,D,T4,4,161.8,185.0,240.9,216.4,92.1,49.6,180,1.0,9.7,30,3.1,0
B202602299,2026-07-12,早班,C,T5,2,149.9,189.0,245.9,221.8,94.5,58.2,182,2.0,7.7,26,3.28,0
B202602300,2026-07-12,早班,C,T5,1,156.3,190.2,244.8,218.1,92.9,47.4,199,3.0,8.9,18,0.77,1
B202602301,2026-07-12,中班,A,T4,4,159.7,179.8,246.9,221.1,90.5,43.2,149,6.0,2.2,7,0.86,1
B202602302,2026-07-12,早班,C,T4,2,151.4,190.8,240.9,218.8,97.7,43.2,139,9.0,8.6,35,3.4,0
B202602303,2026-07-12,夜班,A,T4,2,155.0,177.1,245.6,222.3,96.2,43.0,233,10.0,2.7,1,0.71,1
B202602304,2026-07-12,早班,A,T3,1,154.8,192.2,240.6,217.9,94.9,51.0,86,2.0,1.8,20,0.5,0
B202602305,2026-07-13,夜班,D,T4,2,146.4,186.2,247.3,217.9,97.3,38.5,126,11.0,9.4,17,1.26,1
B202602306,2026-07-13,中班,D,T3,1,155.4,186.9,252.2,217.9,99.1,42.8,117,12.0,11.1,1,0.11,1
B202602307,2026-07-13,中班,A,T3,4,160.1,195.9,240.6,223.5,87.3,56.4,223,2.0,2.4,22,2.65,0
B202602308,2026-07-13,夜班,C,T5,3,150.4,183.7,247.7,219.9,101.5,41.6,160,6.0,6.4,20,1.81,1
B202602309,2026-07-13,中班,B,T5,2,153.1,180.9,252.4,219.5,95.8,48.5,167,9.0,3.4,19,0.07,1
B202602310,2026-07-13,中班,B,T5,2,156.4,178.9,247.8,218.0,97.7,44.5,201,14.0,4.5,2,1.71,1
B202602311,2026-07-13,夜班,D,T5,2,155.2,192.2,239.7,222.3,93.4,38.8,126,9.0,10.1,39,2.1,0
B202602312,2026-07-13,夜班,A,T4,1,149.3,190.2,247.9,222.5,92.2,38.5,121,8.0,2.8,22,1.18,1
B202602313,2026-07-13,夜班,B,T3,4,154.1,180.6,250.5,220.6,90.6,37.8,85,3.0,5.8,9,1.26,1
B202602314,2026-07-13,中班,C,T4,3,154.7,189.2,245.3,216.4,95.6,43.6,131,9.0,6.9,9,0.0,1
B202602315,2026-07-13,夜班,B,T5,3,150.0,191.8,245.8,213.3,88.0,66.8,134,,3.4,40,4.19,0
B202602316,2026-07-13,早班,B,T5,2,151.9,179.9,242.3,221.9,95.2,55.0,190,8.0,3.3,22,3.32,0
B202602317,2026-07-14,早班,A,T4,1,162.6,190.3,249.5,218.9,94.5,48.0,230,13.0,1.0,20,1.41,1
B202602318,2026-07-14,中班,B,T3,1,156.0,189.1,245.1,217.3,97.3,42.6,100,6.0,4.4,17,0.45,1
B202602319,2026-07-14,早班,A,T4,4,159.3,184.2,249.3,221.4,90.9,40.3,80,11.0,1.9,13,0.78,1
B202602320,2026-07-14,中班,C,T4,1,149.7,180.4,239.6,217.0,88.8,52.0,201,6.0,8.1,14,3.27,0
B202602321,2026-07-14,夜班,D,T3,1,154.5,186.6,238.8,221.2,87.9,50.0,204,8.0,9.3,10,2.96,0
B202602322,2026-07-14,夜班,A,T4,2,150.9,,246.6,219.1,96.2,42.3,181,12.0,1.7,19,1.48,1
B202602323,2026-07-14,中班,A,T5,2,149.2,191.3,249.2,218.4,92.6,47.9,215,11.0,2.7,15,0.95,1
B202602324,2026-07-14,中班,C,T5,5,156.0,190.2,250.5,223.8,95.6,48.1,183,15.0,6.9,0,1.87,1
B202602325,2026-07-14,早班,B,T4,1,156.3,190.7,248.0,217.2,91.7,38.6,102,7.0,3.4,0,0.17,1
B202602326,2026-07-14,中班,A,T4,4,149.2,,242.0,218.1,101.3,45.4,123,4.0,2.9,24,0.85,1
B202602327,2026-07-14,夜班,D,T4,3,144.3,182.7,247.9,221.1,97.3,42.1,249,13.0,10.0,20,0.58,1
B202602328,2026-07-14,早班,B,T4,2,151.0,178.8,244.9,222.2,97.4,40.0,239,3.0,5.9,33,3.07,0
B202602329,2026-07-15,夜班,C,T4,4,154.8,198.8,251.8,217.9,93.3,47.9,191,3.0,6.4,12,0.21,1
B202602330,2026-07-15,中班,A,T5,1,156.6,183.2,249.3,221.2,97.1,40.1,141,,1.3,21,0.54,1
B202602331,2026-07-15,夜班,B,T3,3,160.6,183.3,241.6,221.5,82.0,51.8,240,8.0,5.4,40,1.19,0
B202602332,2026-07-15,夜班,D,T5,2,151.1,185.1,246.5,221.8,98.4,45.8,84,2.0,10.7,48,2.93,0
B202602333,2026-07-15,中班,C,T4,1,153.7,175.0,241.2,216.2,90.8,57.7,107,,8.3,40,2.66,0
B202602334,2026-07-15,夜班,B,T4,1,156.0,166.3,,221.5,92.5,28.4,164,2.0,3.5,26,1.93,0
B202602335,2026-07-15,中班,B,T4,4,148.0,170.5,243.0,214.8,96.8,48.7,178,4.0,5.6,35,3.53,0
B202602336,2026-07-15,夜班,A,T4,5,158.7,180.5,245.8,216.7,94.5,52.8,172,9.0,2.4,10,0.74,1
B202602337,2026-07-15,中班,D,T3,1,153.7,188.6,246.7,219.6,98.1,49.4,185,15.0,10.1,4,1.59,1
B202602338,2026-07-15,中班,A,T5,4,150.4,182.2,246.2,220.0,90.2,46.6,122,11.0,2.2,24,0.17,1
B202602339,2026-07-15,中班,A,T4,2,147.2,182.9,247.5,222.7,94.3,37.3,113,10.0,2.4,11,1.28,1
B202602340,2026-07-15,中班,A,T3,4,157.1,185.0,244.7,214.8,94.5,41.9,88,8.0,0.8,8,1.28,1
B202602341,2026-07-16,早班,A,T3,4,157.5,178.2,247.3,217.0,94.6,51.3,98,10.0,1.8,15,0.91,1
B202602342,2026-07-16,中班,D,T4,1,156.6,173.0,244.8,221.7,89.5,42.2,187,10.0,9.6,17,5.39,0
B202602343,2026-07-16,早班,C,T3,1,154.9,186.4,247.7,216.2,94.2,37.7,195,7.0,8.2,19,0.23,1
B202602344,2026-07-16,早班,B,T4,2,149.7,176.3,241.1,214.6,96.2,48.0,105,5.0,4.2,11,3.02,0
B202602345,2026-07-16,夜班,B,T5,4,157.2,183.9,242.6,217.1,81.3,47.6,176,2.0,5.3,25,1.8,0
B202602346,2026-07-16,早班,A,T4,3,152.1,182.7,251.1,222.8,98.8,,98,4.0,1.2,23,1.46,1
B202602347,2026-07-16,中班,A,T3,2,159.6,184.4,240.3,220.8,95.2,52.2,119,9.0,2.4,43,4.06,0
B202602348,2026-07-16,中班,B,T3,2,155.3,192.7,247.7,219.0,94.2,35.2,140,9.0,4.3,10,1.92,1
B202602349,2026-07-16,早班,C,T3,3,149.2,177.8,243.0,224.2,93.7,40.9,118,8.0,6.7,19,0.68,1
B202602350,2026-07-16,夜班,B,T3,3,153.1,186.9,246.8,220.4,91.2,39.8,191,11.0,5.5,6,1.15,1
B202602351,2026-07-16,夜班,D,T3,1,162.4,182.4,246.3,217.7,95.2,43.0,152,3.0,9.4,8,1.05,1
B202602352,2026-07-16,中班,D,T5,2,156.2,185.1,254.0,222.7,95.6,50.5,95,4.0,12.0,21,0.84,1
B202602353,2026-07-17,夜班,B,T4,5,154.9,181.2,245.9,224.2,95.1,,173,15.0,5.6,11,1.23,1
B202602354,2026-07-17,早班,C,T4,2,146.0,182.6,244.8,214.1,91.1,62.2,243,4.0,8.1,28,2.89,0
B202602355,2026-07-17,夜班,B,T4,1,153.3,176.6,240.2,212.0,97.1,54.6,148,5.0,4.3,41,3.51,0
B202602356,2026-07-17,夜班,A,T4,1,157.3,180.8,242.8,208.3,86.9,55.6,173,6.0,1.6,39,1.2,0
B202602357,2026-07-17,夜班,D,T3,2,155.6,187.0,246.0,227.5,89.5,55.9,249,11.0,9.5,19,1.7,0
B202602358,2026-07-17,中班,A,T5,2,151.0,182.2,244.0,211.3,87.8,53.6,211,2.0,1.0,40,3.33,0
B202602359,2026-07-17,中班,B,T5,4,151.5,187.6,242.8,221.1,93.0,51.8,88,3.0,5.4,5,1.95,0
B202602360,2026-07-17,夜班,B,T4,1,150.3,190.5,249.1,221.5,95.3,40.6,246,14.0,4.2,12,0.13,1
B202602361,2026-07-17,中班,A,T5,1,154.8,182.9,245.5,221.9,102.6,46.3,82,5.0,1.9,2,0.48,1
B202602362,2026-07-17,早班,B,T4,3,151.5,182.4,242.5,211.1,97.0,60.1,225,5.0,3.4,39,0.03,0
B202602363,2026-07-17,夜班,C,T5,4,156.8,192.0,246.8,222.8,91.2,42.8,206,11.0,6.4,21,0.03,1
B202602364,2026-07-17,夜班,D,T4,1,147.1,186.7,235.1,222.7,86.3,44.7,201,3.0,11.9,12,3.87,0
B202602365,2026-07-18,夜班,D,T4,1,159.1,180.0,249.6,221.5,92.4,43.8,103,9.0,9.5,0,0.19,1
B202602366,2026-07-18,夜班,A,T5,3,150.0,176.8,240.7,221.0,88.1,47.6,133,10.0,2.6,24,2.64,0
B202602367,2026-07-18,早班,B,T3,1,154.6,180.7,248.0,221.8,104.4,41.2,86,3.0,3.7,9,1.77,1
B202602368,2026-07-18,中班,A,T3,4,148.3,177.8,249.1,219.4,100.4,41.0,95,15.0,0.8,9,0.06,1
B202602369,2026-07-18,早班,D,T3,2,148.4,185.4,246.2,216.4,87.7,50.7,89,6.0,10.1,5,2.62,0
B202602370,2026-07-18,夜班,A,T4,3,150.7,186.7,252.1,219.3,95.0,49.3,127,9.0,2.4,7,1.64,1
B202602371,2026-07-18,中班,B,T4,1,159.9,187.1,250.7,221.9,90.2,55.0,127,13.0,5.9,19,1.02,1
B202602372,2026-07-18,早班,A,T4,3,150.1,196.4,248.4,215.5,98.0,42.2,201,15.0,2.9,9,0.39,1
B202602373,2026-07-18,中班,A,T4,2,155.7,184.3,250.9,217.8,94.9,45.9,188,4.0,2.0,19,1.5,1
B202602374,2026-07-18,早班,B,T4,2,149.2,192.8,248.0,218.3,84.3,47.5,230,2.0,3.3,39,2.09,0
B202602375,2026-07-18,中班,C,T5,1,163.0,177.2,249.4,217.6,96.1,62.2,173,10.0,6.9,40,2.64,0
B202602376,2026-07-18,中班,A,T5,2,151.9,186.0,247.7,221.9,92.7,47.0,211,9.0,1.1,24,2.08,1
B202602377,2026-07-19,早班,D,T4,2,150.9,187.5,243.9,218.9,99.7,,161,6.0,10.5,0,0.98,1
B202602378,2026-07-19,早班,C,T5,1,149.9,184.2,240.6,209.1,90.5,51.4,130,11.0,7.8,27,3.89,0
B202602379,2026-07-19,夜班,C,T5,3,160.3,175.0,250.5,224.4,94.2,55.0,175,11.0,7.8,15,1.46,1
B202602380,2026-07-19,中班,B,T4,2,142.6,190.7,242.9,215.8,100.9,54.5,233,11.0,5.9,38,4.08,0
B202602381,2026-07-19,中班,C,T4,1,158.7,177.9,239.0,214.5,91.2,59.8,198,1.0,7.2,11,2.84,0
B202602382,2026-07-19,中班,C,T3,1,161.1,183.1,242.2,228.5,96.4,49.5,150,11.0,7.8,40,3.25,0
B202602383,2026-07-19,早班,C,T5,4,152.6,181.1,249.2,222.5,92.7,50.1,209,4.0,6.7,8,0.9,1
B202602384,2026-07-19,中班,D,T4,5,159.9,178.2,241.3,230.5,85.8,49.0,206,10.0,10.0,38,1.04,0
B202602385,2026-07-19,中班,B,T3,1,150.1,189.0,248.2,222.3,100.2,42.2,111,9.0,5.7,0,0.19,1
B202602386,2026-07-19,中班,C,T4,4,149.9,184.9,242.8,222.1,97.0,58.7,244,6.0,8.5,32,4.5,0
B202602387,2026-07-19,中班,C,T4,1,155.1,181.6,245.2,223.9,99.6,55.4,238,9.0,7.8,5,2.71,1
B202602388,2026-07-19,中班,B,T5,1,150.9,179.2,246.0,226.5,88.9,40.7,157,14.0,5.8,0,1.22,1
B202602389,2026-07-20,早班,B,T4,1,158.5,183.0,251.7,215.9,94.4,43.8,182,7.0,4.2,16,1.71,1
B202602390,2026-07-20,中班,A,T4,3,157.0,188.0,248.2,220.4,96.7,47.4,104,6.0,0.6,17,1.37,1
B202602391,2026-07-20,夜班,C,T4,4,150.3,179.3,238.8,216.3,87.5,47.5,80,3.0,8.0,34,2.43,0
B202602392,2026-07-20,夜班,C,T4,3,152.6,188.8,250.3,222.5,91.7,51.9,152,11.0,6.9,7,2.01,1
B202602393,2026-07-20,夜班,D,T5,5,155.2,183.8,239.3,,91.1,37.3,245,8.0,10.5,35,1.43,0
B202602394,2026-07-20,中班,B,T4,4,152.9,181.6,249.4,222.1,94.5,42.1,218,4.0,3.5,0,0.99,1
B202602395,2026-07-20,夜班,D,T3,5,150.3,180.2,237.4,215.7,89.6,47.7,146,2.0,10.5,31,2.23,0
B202602396,2026-07-20,夜班,B,T4,1,152.8,189.0,248.1,218.2,92.0,42.3,111,12.0,3.2,1,0.97,1
B202602397,2026-07-20,夜班,D,T5,2,147.8,174.7,249.6,222.8,96.1,44.3,214,3.0,10.3,7,1.11,1
B202602398,2026-07-20,中班,D,T4,3,161.5,183.7,244.6,218.1,94.9,41.5,140,4.0,9.3,23,1.34,1
B202602399,2026-07-20,夜班,D,T5,1,152.3,181.1,240.3,220.3,95.0,45.1,135,7.0,10.4,13,2.24,0
B202602400,2026-07-20,早班,B,T4,2,160.6,182.4,247.6,221.9,87.8,42.3,213,6.0,5.0,19,0.71,1
B202602401,2026-07-21,中班,B,T4,1,160.9,178.9,245.9,217.8,94.5,54.5,167,11.0,4.1,20,0.54,1
B202602402,2026-07-21,夜班,C,T4,1,159.6,179.8,237.9,225.5,85.5,40.5,150,9.0,7.9,25,5.16,0
B202602403,2026-07-21,中班,B,T3,1,152.8,193.1,242.5,219.0,95.0,43.2,228,4.0,3.8,16,0.75,1
B202602404,2026-07-21,早班,D,T3,3,161.8,193.6,244.5,217.8,87.3,35.2,129,11.0,10.7,11,4.45,0
B202602405,2026-07-21,夜班,C,T5,1,163.1,193.2,248.1,212.7,97.3,46.9,145,10.0,8.0,47,1.02,0
B202602406,2026-07-21,夜班,A,T4,3,149.6,190.7,239.5,,90.2,52.8,213,6.0,2.8,5,1.81,0
B202602407,2026-07-21,夜班,B,T4,2,150.3,188.0,247.2,219.9,94.5,47.2,102,11.0,4.2,5,1.23,1
B202602408,2026-07-21,夜班,B,T3,3,149.5,175.4,239.7,223.5,92.2,55.0,168,5.0,5.3,48,1.78,0
B202602409,2026-07-21,夜班,C,T4,1,150.9,179.7,248.6,216.1,89.0,40.0,99,8.0,6.9,41,4.42,0
B202602410,2026-07-21,中班,B,T4,3,160.4,185.0,247.7,224.2,102.3,49.5,246,4.0,5.5,11,1.06,1
B202602411,2026-07-21,早班,A,T4,1,159.9,177.9,245.8,217.3,99.7,37.4,167,9.0,2.3,10,1.25,1
B202602412,2026-07-21,夜班,A,T4,2,163.8,179.0,246.3,220.7,89.8,52.3,220,4.0,2.3,13,2.26,0
B202602413,2026-07-22,中班,A,T3,2,156.7,180.5,245.7,213.6,96.2,28.5,207,14.0,0.8,4,1.36,1
B202602414,2026-07-22,早班,C,T4,3,159.6,180.6,249.8,219.6,95.2,49.6,125,10.0,6.9,14,1.13,1
B202602415,2026-07-22,中班,B,T4,5,155.5,186.1,246.8,215.6,92.4,54.9,219,4.0,5.5,9,3.17,0
B202602416,2026-07-22,早班,A,T4,5,148.3,180.3,242.8,221.3,94.4,55.7,140,9.0,1.9,12,3.36,0
B202602417,2026-07-22,夜班,B,T4,1,156.6,188.5,247.8,220.3,96.1,48.3,160,14.0,4.1,13,0.99,1
B202602418,2026-07-22,中班,B,T3,3,156.0,194.7,248.5,219.0,93.7,36.2,135,11.0,4.7,10,0.92,1
B202602419,2026-07-22,夜班,A,T4,2,153.1,184.8,238.0,220.6,89.4,40.4,126,2.0,1.7,5,1.46,0
B202602420,2026-07-22,夜班,C,T4,2,152.5,181.1,248.8,220.8,92.8,45.0,174,4.0,6.0,19,0.01,1
B202602421,2026-07-22,早班,A,T5,1,155.8,186.2,247.3,223.4,95.0,42.9,166,6.0,1.3,2,0.75,1
B202602422,2026-07-22,中班,D,T5,2,159.3,182.4,249.4,223.6,98.6,51.6,110,13.0,11.1,13,0.9,1
B202602423,2026-07-22,早班,A,T4,3,147.4,181.6,251.4,219.0,96.6,47.4,165,10.0,1.4,1,1.08,1
B202602424,2026-07-22,夜班,D,T4,5,152.6,179.2,243.8,219.2,101.6,42.6,120,2.0,9.4,24,2.32,0
B202602425,2026-07-23,早班,C,T4,1,151.1,187.4,244.6,219.9,97.7,,81,5.0,7.6,16,1.05,1
B202602426,2026-07-23,早班,C,T3,1,154.0,183.5,238.7,219.2,87.6,47.9,150,9.0,6.5,5,2.98,0
B202602427,2026-07-23,中班,C,T5,2,152.8,175.8,247.1,217.1,95.1,42.7,172,4.0,7.3,47,2.43,0
B202602428,2026-07-23,早班,B,T3,1,144.1,185.9,241.8,213.7,89.3,42.5,217,5.0,5.5,29,3.32,0
B202602429,2026-07-23,早班,A,T4,4,156.1,187.3,249.4,222.5,93.3,44.5,221,9.0,0.9,9,1.56,1
B202602430,2026-07-23,中班,D,T3,2,158.9,187.8,237.2,218.2,90.2,38.0,138,11.0,10.6,10,3.22,0
B202602431,2026-07-23,早班,D,T3,1,150.5,174.9,249.9,220.0,97.3,33.6,227,3.0,11.3,11,1.42,1
B202602432,2026-07-23,早班,D,T5,2,154.7,189.6,247.9,224.3,89.0,49.4,171,9.0,11.4,16,1.09,1
B202602433,2026-07-23,中班,B,T3,1,156.9,182.3,253.2,218.0,96.3,43.3,225,15.0,3.2,8,0.98,1
B202602434,2026-07-23,中班,A,T4,4,152.7,186.6,253.0,216.7,89.6,38.6,209,8.0,1.3,4,2.19,1
B202602435,2026-07-23,夜班,A,T4,3,150.7,173.6,246.3,212.7,105.0,49.7,225,6.0,1.7,33,0.8,0
B202602436,2026-07-23,早班,D,T4,1,152.5,189.0,236.9,214.4,100.1,44.8,167,8.0,11.9,24,4.09,0
B202602437,2026-07-24,夜班,C,T3,3,143.9,173.4,238.9,217.4,92.1,35.0,199,10.0,7.5,19,2.05,0
B202602438,2026-07-24,早班,D,T5,1,151.0,185.5,251.3,214.0,98.9,44.8,98,9.0,11.2,6,0.57,1
B202602439,2026-07-24,早班,D,T3,5,155.9,,252.9,224.0,95.1,48.1,193,13.0,11.2,13,0.32,1
B202602440,2026-07-24,早班,C,T5,2,156.6,186.0,240.6,217.8,96.6,40.0,234,7.0,7.1,11,0.68,1
B202602441,2026-07-24,中班,B,T3,4,157.6,187.0,247.5,221.8,96.4,37.9,118,15.0,4.4,2,1.65,1
B202602442,2026-07-24,夜班,C,T4,3,147.8,187.3,240.9,215.6,87.2,63.6,140,3.0,7.4,17,0.88,0
B202602443,2026-07-24,中班,C,T4,2,145.8,172.9,236.8,216.8,84.4,44.2,238,10.0,6.6,25,0.58,0
B202602444,2026-07-24,早班,A,T5,1,155.1,175.6,247.4,223.2,94.9,43.4,116,11.0,1.0,1,1.04,1
B202602445,2026-07-24,夜班,C,T4,5,156.2,181.5,245.7,,98.7,55.5,220,13.0,8.9,8,1.7,1
B202602446,2026-07-24,中班,C,T5,1,156.5,186.3,248.6,218.4,96.3,46.4,160,10.0,6.4,20,0.93,1
B202602447,2026-07-24,夜班,C,T4,2,148.7,179.8,242.3,208.0,99.2,47.4,134,5.0,6.5,27,2.58,0
B202602448,2026-07-24,中班,A,T4,2,157.1,189.1,248.3,223.4,89.2,41.9,227,11.0,1.8,5,0.65,1
B202602449,2026-07-25,中班,B,T5,2,149.9,184.1,249.1,219.0,97.9,42.9,113,13.0,5.6,0,1.47,1
B202602450,2026-07-25,夜班,B,T4,2,157.2,186.7,253.0,218.3,96.5,53.5,170,3.0,5.0,12,0.7,1
B202602451,2026-07-25,夜班,C,T3,3,155.7,179.4,246.2,215.2,88.0,57.3,164,11.0,8.9,13,2.09,0
B202602452,2026-07-25,中班,B,T4,2,162.9,179.6,248.8,220.0,97.3,40.0,169,3.0,4.3,0,1.33,1
B202602453,2026-07-25,早班,B,T4,3,158.4,181.4,249.5,220.5,91.5,39.5,141,6.0,3.8,15,0.0,1
B202602454,2026-07-25,早班,B,T4,3,160.4,188.3,248.6,215.7,94.6,49.0,129,14.0,5.2,5,0.78,1
B202602455,2026-07-25,早班,B,T5,5,153.6,180.4,251.3,218.3,94.5,50.4,158,13.0,5.1,4,1.21,1
B202602456,2026-07-25,夜班,D,T4,1,154.1,187.1,243.5,216.2,89.1,43.7,248,9.0,11.0,29,4.02,0
B202602457,2026-07-25,中班,B,T4,4,160.8,185.9,249.3,220.8,91.8,36.7,144,8.0,3.7,11,2.14,1
B202602458,2026-07-25,夜班,A,T4,4,151.6,185.8,248.5,,93.0,38.5,91,15.0,1.5,16,0.71,1
B202602459,2026-07-25,早班,B,T3,5,158.2,181.9,246.6,219.1,95.2,53.2,166,7.0,4.7,8,1.32,1
B202602460,2026-07-25,夜班,C,T4,3,150.6,174.3,245.7,223.9,91.2,46.6,189,15.0,7.3,16,1.29,1
B202602461,2026-07-26,夜班,C,T4,4,150.0,176.9,244.6,220.2,92.9,54.8,178,8.0,6.9,42,1.29,0
B202602462,2026-07-26,中班,C,T3,1,154.7,182.3,244.0,218.5,93.5,52.0,83,3.0,9.0,6,0.89,1
B202602463,2026-07-26,夜班,D,T5,2,159.9,189.2,245.3,221.3,92.4,39.1,143,7.0,9.0,14,1.05,1
B202602464,2026-07-26,中班,C,T4,1,153.8,180.1,246.5,225.3,84.5,64.1,132,4.0,6.6,48,1.54,0
B202602465,2026-07-26,夜班,B,T4,5,150.0,187.5,247.4,222.7,93.7,46.9,199,9.0,3.3,9,0.74,1
B202602466,2026-07-26,早班,B,T4,4,151.6,185.5,246.5,215.1,96.0,43.1,172,10.0,3.4,10,1.06,1
B202602467,2026-07-26,中班,A,T4,1,159.0,186.5,249.2,222.0,91.0,45.6,221,3.0,2.1,19,1.36,1
B202602468,2026-07-26,夜班,B,T4,2,157.7,189.5,251.2,217.5,100.3,42.4,188,13.0,4.4,0,1.37,1
B202602469,2026-07-26,早班,C,T4,1,161.8,183.0,245.6,217.5,92.5,44.1,96,5.0,7.4,24,1.23,1
B202602470,2026-07-26,夜班,B,T5,4,160.5,191.0,244.5,219.2,92.1,48.3,202,9.0,5.1,44,1.13,0
B202602471,2026-07-26,中班,D,T3,4,151.2,183.9,246.8,211.1,99.0,44.5,187,3.0,10.5,10,1.17,1
B202602472,2026-07-26,夜班,B,T4,3,162.4,178.1,237.5,221.5,87.4,52.4,138,8.0,5.7,32,3.74,0
B202602473,2026-07-27,夜班,B,T4,2,151.7,187.7,251.0,221.7,94.8,49.4,110,9.0,3.2,2,0.81,1
B202602474,2026-07-27,夜班,B,T4,2,150.1,176.8,246.2,214.8,92.4,39.8,206,1.0,3.9,28,3.76,0
B202602475,2026-07-27,早班,B,T3,5,147.6,180.9,241.4,214.2,91.4,42.4,93,3.0,5.9,48,3.62,0
B202602476,2026-07-27,夜班,D,T5,2,150.6,179.1,241.6,222.1,80.0,45.2,126,11.0,9.5,21,3.15,0
B202602477,2026-07-27,中班,B,T5,2,157.1,193.2,247.1,219.2,97.0,45.8,139,13.0,3.9,1,1.13,1
B202602478,2026-07-27,夜班,A,T5,4,150.7,196.7,253.6,225.1,98.9,41.1,197,5.0,1.6,16,0.32,1
B202602479,2026-07-27,夜班,A,T4,1,156.3,181.5,247.0,219.9,82.6,55.1,131,5.0,1.1,18,2.78,0
B202602480,2026-07-27,早班,A,T5,2,151.3,179.8,247.3,217.0,98.2,43.6,176,4.0,2.4,21,0.59,1
B202602481,2026-07-27,夜班,A,T4,4,152.1,177.0,247.4,216.9,99.1,48.1,193,12.0,0.5,7,0.83,1
B202602482,2026-07-27,早班,A,T4,2,154.8,186.9,243.9,225.2,92.9,49.3,150,15.0,1.9,20,1.07,1
B202602483,2026-07-27,早班,A,T4,3,156.6,175.8,248.6,215.0,99.3,52.4,160,9.0,2.3,22,0.48,1
B202602484,2026-07-27,中班,B,T4,1,154.6,181.7,249.0,216.9,95.4,48.4,182,11.0,4.3,19,1.94,1
B202602485,2026-07-28,早班,A,T5,1,156.1,186.6,248.4,219.1,95.6,51.9,231,11.0,1.2,10,1.02,1
B202602486,2026-07-28,夜班,A,T5,2,156.5,188.8,249.8,221.7,91.6,41.6,158,14.0,1.5,19,1.59,1
B202602487,2026-07-28,早班,A,T4,5,159.1,182.7,247.6,219.6,98.3,42.2,98,15.0,1.1,11,0.91,1
B202602488,2026-07-28,早班,B,T5,2,,176.7,248.6,223.3,95.7,47.9,155,5.0,3.6,3,0.95,1
B202602489,2026-07-28,夜班,B,T3,1,157.7,183.6,247.6,225.4,94.5,41.9,156,9.0,3.0,1,0.39,1
B202602490,2026-07-28,中班,D,T3,2,153.8,189.1,249.6,216.8,90.9,45.1,115,13.0,9.2,13,2.01,1
B202602491,2026-07-28,早班,D,T3,5,147.6,172.5,241.9,217.4,91.7,49.7,240,5.0,9.3,49,3.71,0
B202602492,2026-07-28,早班,A,T4,2,,185.3,248.3,221.5,96.5,49.0,236,7.0,2.2,9,0.4,1
B202602493,2026-07-28,早班,A,T4,4,147.8,194.1,249.7,222.9,92.7,41.2,246,12.0,1.3,5,0.77,1
B202602494,2026-07-28,中班,B,T3,2,147.1,172.0,249.6,212.2,83.2,45.5,148,3.0,4.5,40,2.06,0
B202602495,2026-07-28,中班,C,T5,2,158.8,187.6,248.3,220.7,97.5,49.1,211,9.0,7.9,19,0.64,1
B202602496,2026-07-28,早班,B,T4,1,,180.4,239.5,210.7,94.1,59.3,105,6.0,4.0,26,5.04,0
B202602497,2026-07-29,早班,D,T3,2,157.2,194.2,250.0,221.9,95.7,55.2,188,10.0,10.3,13,1.66,1
B202602498,2026-07-29,早班,B,T4,3,151.8,183.6,240.3,223.0,94.5,46.0,140,8.0,3.5,27,1.62,0
B202602499,2026-07-29,夜班,A,T4,1,153.7,189.8,248.4,214.7,96.2,49.2,232,11.0,1.8,1,0.48,1
B202602500,2026-07-29,早班,D,T3,1,149.4,179.7,240.8,215.7,84.9,35.3,114,8.0,9.6,14,3.33,0
B202602501,2026-07-29,夜班,A,T4,1,155.0,185.1,246.5,220.9,95.1,45.8,146,11.0,3.0,13,0.82,1
B202602502,2026-07-29,中班,B,T5,3,,178.1,250.1,221.1,100.3,42.3,191,14.0,5.6,2,1.94,1
B202602503,2026-07-29,夜班,A,T4,3,158.9,176.8,245.6,219.9,105.8,40.6,209,5.0,1.4,20,0.66,1
B202602504,2026-07-29,早班,B,T3,3,154.8,,253.5,221.5,94.0,,186,7.0,4.6,23,0.61,1
B202602505,2026-07-29,中班,D,T3,2,158.7,186.5,247.7,219.9,89.4,55.5,97,10.0,12.0,10,2.06,1
B202602506,2026-07-29,早班,C,T5,3,160.2,185.2,248.5,219.2,99.2,40.8,80,7.0,7.5,9,0.48,1
B202602507,2026-07-29,夜班,D,T5,2,149.6,174.7,244.3,217.2,87.9,50.2,240,11.0,9.4,11,2.9,0
B202602508,2026-07-29,早班,B,T4,5,157.1,190.0,,,93.1,48.4,224,11.0,4.5,12,0.24,1
B202602509,2026-07-30,早班,A,T3,2,154.8,186.1,247.5,216.9,94.3,,143,14.0,0.6,0,0.39,1
B202602510,2026-07-30,中班,C,T3,1,157.5,178.2,239.5,220.4,97.2,58.0,132,4.0,7.0,15,3.28,0
B202602511,2026-07-30,早班,B,T4,2,148.6,188.8,247.7,223.6,93.9,39.6,247,5.0,5.0,11,0.33,1
B202602512,2026-07-30,夜班,D,T4,1,158.7,183.1,242.8,220.4,94.4,37.7,244,1.0,11.7,45,1.49,0
B202602513,2026-07-30,中班,D,T4,4,153.5,183.5,245.1,220.3,86.6,49.8,250,3.0,10.9,27,3.16,0
B202602514,2026-07-30,早班,C,T4,5,153.7,183.5,249.3,221.6,91.6,42.4,180,11.0,8.3,11,0.82,1
B202602515,2026-07-30,夜班,A,T4,3,159.7,185.1,244.2,221.0,102.0,40.0,198,3.0,0.6,15,1.3,1
B202602516,2026-07-30,早班,C,T3,1,159.4,184.9,250.7,213.1,93.5,45.5,214,9.0,6.1,3,1.9,1
B202602517,2026-07-30,夜班,A,T4,5,,184.8,248.5,220.2,93.0,46.4,133,3.0,1.2,6,1.05,1
B202602518,2026-07-30,中班,D,T3,1,149.4,177.4,243.3,222.2,87.8,45.5,119,10.0,9.7,11,2.72,0
B202602519,2026-07-30,夜班,A,T3,1,157.1,190.5,246.5,214.1,95.6,44.0,95,9.0,2.8,12,0.02,1
B202602520,2026-07-30,早班,D,T3,4,149.9,176.6,236.1,216.1,88.3,47.7,194,8.0,10.3,12,3.24,0
B202602521,2026-07-31,中班,D,T4,4,151.7,188.0,246.6,223.3,97.4,51.5,92,15.0,10.6,8,0.92,1
B202602522,2026-07-31,中班,A,T4,4,157.1,175.2,250.5,223.2,95.7,48.9,104,,2.5,10,1.56,1
B202602523,2026-07-31,中班,B,T4,3,157.9,180.3,244.1,217.4,92.9,50.2,141,12.0,5.2,5,1.62,1
B202602524,2026-07-31,早班,B,T3,3,158.2,201.0,249.8,223.2,95.9,46.6,143,12.0,4.5,11,1.11,1
B202602525,2026-07-31,中班,D,T5,3,153.1,181.7,240.6,216.1,93.3,58.5,155,2.0,10.4,28,4.52,0
B202602526,2026-07-31,早班,D,T4,1,147.8,180.3,247.1,224.0,101.5,47.3,225,8.0,11.7,0,0.5,1
B202602527,2026-07-31,夜班,C,T4,4,156.1,184.7,246.7,216.5,91.5,54.4,203,11.0,6.7,39,3.78,0
B202602528,2026-07-31,早班,C,T3,2,154.5,184.4,246.3,217.2,88.2,37.1,233,12.0,6.8,1,1.13,1
B202602529,2026-07-31,早班,A,T4,4,148.1,184.1,248.7,227.5,90.9,54.1,136,7.0,2.6,14,0.66,1
B202602530,2026-07-31,中班,A,T4,3,155.7,186.6,245.5,226.0,103.0,51.5,119,8.0,1.0,21,1.45,1
B202602531,2026-07-31,早班,B,T4,2,152.7,184.8,247.7,224.1,94.7,43.3,84,14.0,5.3,18,1.57,1
B202602532,2026-07-31,夜班,C,T4,2,,182.8,248.3,223.5,94.1,37.6,100,15.0,7.4,1,0.86,1
B202602533,2026-08-01,中班,B,T5,4,156.2,174.5,252.0,219.0,95.8,47.2,247,5.0,4.0,35,3.32,0
B202602534,2026-08-01,夜班,C,T3,2,159.1,189.8,248.9,225.5,100.0,51.0,245,10.0,7.6,14,0.3,1
B202602535,2026-08-01,中班,B,T5,2,165.0,182.6,247.3,219.8,99.0,43.1,121,14.0,3.1,6,1.21,1
B202602536,2026-08-01,中班,C,T3,3,154.6,188.2,250.5,220.4,95.7,48.6,109,4.0,8.8,3,1.43,1
B202602537,2026-08-01,夜班,C,T3,2,154.9,184.4,247.5,214.0,99.6,42.5,121,6.0,6.1,2,0.26,1
B202602538,2026-08-01,夜班,C,T3,4,147.7,185.9,246.1,219.0,90.5,48.1,163,9.0,8.6,22,2.85,0
B202602539,2026-08-01,夜班,A,T4,5,149.8,174.7,247.1,217.9,93.5,50.5,124,10.0,1.7,2,0.65,1
B202602540,2026-08-01,夜班,D,T3,4,154.5,180.7,243.4,220.4,93.7,51.3,218,1.0,11.9,7,4.14,0
B202602541,2026-08-01,夜班,B,T5,2,153.6,176.6,243.1,217.4,96.7,39.1,168,11.0,3.6,24,4.66,0
B202602542,2026-08-01,夜班,C,T5,2,148.0,185.3,248.1,213.7,94.1,47.4,185,1.0,7.5,29,2.98,0
B202602543,2026-08-01,夜班,A,T4,4,156.7,186.5,254.1,221.9,95.2,40.0,147,12.0,2.3,7,1.09,1
B202602544,2026-08-01,夜班,C,T4,2,155.6,177.2,244.0,214.9,90.7,49.5,161,1.0,8.4,5,2.1,0
B202602545,2026-08-02,中班,B,T3,1,154.3,190.9,246.5,217.0,94.9,49.8,136,10.0,5.8,46,2.65,0
B202602546,2026-08-02,中班,B,T5,1,148.3,183.8,242.7,217.8,92.3,46.3,231,3.0,5.9,32,1.86,0
B202602547,2026-08-02,早班,D,T3,1,155.8,191.4,248.8,220.5,95.7,45.7,85,7.0,10.6,12,0.5,1
B202602548,2026-08-02,中班,C,T5,5,158.0,183.9,247.6,,99.8,41.6,150,9.0,6.5,21,0.39,1
B202602549,2026-08-02,中班,D,T5,1,155.4,180.1,238.0,213.9,95.1,54.3,97,1.0,9.2,28,2.56,0
B202602550,2026-08-02,中班,A,T4,3,157.4,184.0,250.1,220.1,95.1,48.3,243,4.0,0.7,18,0.92,1
B202602551,2026-08-02,早班,C,T5,1,149.1,185.6,251.5,220.3,102.3,41.1,168,12.0,8.1,18,1.19,1
B202602552,2026-08-02,中班,A,T4,4,158.8,192.7,247.7,220.7,91.5,45.6,181,14.0,1.9,4,0.64,1
B202602553,2026-08-02,早班,A,T3,5,157.3,191.5,249.6,220.8,100.9,42.6,243,13.0,2.2,10,0.13,1
B202602554,2026-08-02,早班,B,T4,3,151.2,187.1,246.9,225.5,98.9,44.5,237,3.0,4.4,20,1.48,1
B202602555,2026-08-02,夜班,C,T4,3,158.8,,235.3,211.5,89.3,52.4,126,6.0,6.5,35,1.94,0
B202602556,2026-08-02,中班,A,T4,2,151.9,195.7,247.9,215.4,95.6,53.5,229,12.0,2.1,8,1.25,1
B202602557,2026-08-03,夜班,D,T4,1,157.9,177.1,250.2,219.3,93.5,44.8,247,6.0,11.2,2,0.08,1
B202602558,2026-08-03,早班,B,T4,1,155.3,179.5,237.8,218.8,96.1,57.8,232,7.0,4.4,15,4.4,0
B202602559,2026-08-03,夜班,D,T5,2,145.0,197.0,236.1,215.0,83.0,,224,6.0,11.6,34,5.94,0
B202602560,2026-08-03,中班,A,T3,5,153.8,181.9,250.9,222.2,94.3,50.2,107,6.0,2.8,14,0.69,1
B202602561,2026-08-03,夜班,D,T3,5,152.5,181.6,241.0,217.2,93.7,51.4,84,6.0,9.9,20,3.8,0
B202602562,2026-08-03,夜班,B,T5,3,152.5,183.9,251.2,213.2,96.9,44.0,140,14.0,3.9,15,1.59,1
B202602563,2026-08-03,夜班,B,T5,3,162.2,181.5,237.9,217.2,93.7,51.9,153,3.0,5.4,38,1.02,0
B202602564,2026-08-03,中班,A,T4,3,153.4,180.0,250.4,224.2,93.7,50.3,214,12.0,2.3,2,1.06,1
B202602565,2026-08-03,中班,A,T4,1,151.7,193.7,249.4,221.0,97.3,43.9,80,15.0,3.0,15,0.69,1
B202602566,2026-08-03,早班,A,T3,3,155.9,189.3,253.7,216.3,94.7,54.0,90,4.0,1.7,17,1.28,1
B202602567,2026-08-03,早班,A,T4,1,153.0,180.6,246.8,222.8,92.1,54.6,242,5.0,0.6,10,1.5,1
B202602568,2026-08-03,早班,D,T5,4,150.3,,245.8,217.2,97.3,42.1,221,14.0,9.6,15,2.15,1
B202602569,2026-08-04,早班,D,T4,5,151.8,175.2,240.0,212.0,94.1,46.2,133,,11.6,37,2.0,0
B202602570,2026-08-04,夜班,D,T5,2,150.0,175.4,241.5,213.2,91.6,43.5,124,4.0,9.7,23,3.69,0
B202602571,2026-08-04,夜班,B,T4,5,153.0,190.5,243.2,218.5,91.8,39.3,202,1.0,5.9,47,5.05,0
B202602572,2026-08-04,早班,A,T3,5,153.8,185.4,250.3,221.3,92.1,42.8,189,7.0,1.0,6,0.15,1
B202602573,2026-08-04,夜班,D,T3,3,,187.8,247.0,223.0,95.4,48.5,86,13.0,10.5,19,0.92,1
B202602574,2026-08-04,早班,A,T5,4,157.4,,249.1,217.7,98.4,29.8,232,9.0,0.9,18,2.16,1
B202602575,2026-08-04,中班,B,T5,5,156.2,185.8,247.4,219.1,95.8,39.6,245,7.0,5.4,2,0.08,1
B202602576,2026-08-04,夜班,A,T3,1,157.2,186.7,245.8,219.7,95.3,36.3,172,13.0,1.9,17,0.8,1
B202602577,2026-08-04,夜班,D,T4,4,156.6,,245.6,223.5,91.8,50.0,167,9.0,9.4,13,0.01,1
B202602578,2026-08-04,中班,A,T3,5,,185.2,242.3,217.0,89.6,56.5,235,6.0,2.0,18,1.59,0
B202602579,2026-08-04,早班,D,T5,4,152.9,178.9,246.9,220.6,97.1,48.1,87,4.0,11.7,21,1.66,1
B202602580,2026-08-04,中班,A,T3,3,162.1,178.4,250.3,216.9,98.0,43.4,196,11.0,2.2,24,1.12,1
B202602581,2026-08-05,夜班,C,T4,4,155.8,178.4,240.6,212.4,94.7,49.7,207,4.0,7.0,40,2.39,0
B202602582,2026-08-05,夜班,D,T4,3,,183.5,250.5,219.7,98.0,47.7,99,15.0,10.2,21,1.29,1
B202602583,2026-08-05,早班,B,T4,1,153.4,185.7,249.3,214.2,95.8,37.5,175,10.0,4.9,21,1.43,1
B202602584,2026-08-05,早班,B,T5,2,157.7,195.1,248.4,218.1,90.2,49.3,162,11.0,3.8,16,4.74,0
B202602585,2026-08-05,早班,A,T3,2,153.8,186.7,246.3,221.3,97.5,45.0,233,3.0,1.2,16,1.69,1
B202602586,2026-08-05,中班,B,T3,1,157.3,180.3,248.6,218.0,96.7,52.9,217,8.0,5.5,4,1.24,1
B202602587,2026-08-05,夜班,A,T4,3,155.5,190.7,252.1,219.8,92.1,51.4,98,15.0,0.6,16,2.22,1
B202602588,2026-08-05,中班,D,T4,3,150.9,180.6,236.4,216.7,88.8,60.7,213,2.0,10.1,37,4.81,0
B202602589,2026-08-05,夜班,A,T4,1,164.2,186.1,250.1,228.0,97.4,45.6,192,3.0,0.7,24,1.76,1
B202602590,2026-08-05,中班,A,T5,1,157.8,182.4,250.6,218.6,94.0,43.1,157,5.0,1.7,10,1.06,1
B202602591,2026-08-05,早班,A,T4,4,156.0,177.8,248.6,218.1,99.4,45.6,207,9.0,2.3,8,0.1,1
B202602592,2026-08-05,夜班,A,T4,1,157.0,196.8,249.5,222.5,95.5,45.8,243,3.0,2.4,1,0.81,1
B202602593,2026-08-06,中班,A,T3,1,153.3,179.1,238.7,221.0,93.7,56.3,243,5.0,0.5,24,1.78,0
B202602594,2026-08-06,早班,C,T3,2,155.3,183.7,247.8,213.6,93.7,43.3,173,14.0,6.7,20,1.69,1
B202602595,2026-08-06,早班,B,T3,5,162.4,192.5,243.9,225.8,84.4,44.3,151,4.0,3.2,45,5.44,0
B202602596,2026-08-06,夜班,B,T3,4,146.6,190.4,240.6,221.2,91.3,42.4,154,9.0,5.3,7,1.59,0
B202602597,2026-08-06,夜班,A,T4,1,159.1,187.8,248.3,221.0,92.6,45.9,204,8.0,2.1,0,1.0,1
B202602598,2026-08-06,夜班,C,T3,1,162.1,193.7,246.2,217.1,90.9,47.0,195,12.0,6.9,20,0.04,1
B202602599,2026-08-06,中班,A,T5,3,153.2,180.8,,220.2,92.6,42.1,176,11.0,1.2,13,1.87,1
B202602600,2026-08-06,中班,A,T5,2,,172.4,246.4,221.1,90.8,45.1,178,5.0,1.6,3,0.67,1
B202602601,2026-08-06,早班,B,,2,154.4,187.5,253.3,224.1,91.2,41.9,150,4.0,3.0,11,0.68,1
B202602602,2026-08-06,中班,B,T4,4,146.5,184.7,243.7,219.4,98.7,44.0,239,6.0,4.8,7,2.56,0
B202602603,2026-08-06,早班,D,T3,2,159.4,186.9,246.6,221.4,97.3,43.4,97,15.0,9.7,19,1.34,1
B202602604,2026-08-06,早班,D,T5,1,159.2,188.1,237.1,211.2,94.9,63.3,153,3.0,10.4,17,3.2,0
B202602605,2026-08-07,早班,D,T4,2,150.9,180.6,248.6,213.9,85.1,59.1,164,,11.7,39,2.93,0
B202602606,2026-08-07,早班,A,T4,1,156.0,177.8,248.3,223.0,94.5,43.4,107,3.0,1.7,18,0.83,1
B202602607,2026-08-07,中班,D,T4,2,156.6,183.4,250.1,213.3,94.4,,130,10.0,9.5,17,0.1,1
B202602608,2026-08-07,早班,D,T4,2,151.5,185.1,251.7,220.4,93.5,48.9,160,3.0,9.6,10,1.06,1
B202602609,2026-08-07,中班,B,T3,1,152.8,187.8,245.8,214.4,94.8,41.6,126,13.0,3.9,0,0.72,1
B202602610,2026-08-07,中班,B,T4,1,154.9,192.3,246.6,218.6,90.1,43.6,103,12.0,4.3,13,0.63,1
B202602611,2026-08-07,夜班,A,T5,4,155.9,186.2,247.0,218.2,94.8,42.7,82,3.0,0.5,2,0.91,1
B202602612,2026-08-07,中班,A,T5,1,156.9,186.0,246.5,218.1,94.8,44.7,194,14.0,2.0,15,1.05,1
B202602613,2026-08-07,夜班,D,T4,4,154.9,186.4,239.7,222.2,89.1,45.4,234,1.0,10.0,35,2.58,0
B202602614,2026-08-07,中班,A,T5,4,161.2,194.2,247.6,223.7,92.4,38.8,196,11.0,1.5,11,0.46,1
B202602615,2026-08-07,夜班,A,T5,5,161.1,190.7,251.9,219.0,95.5,35.9,181,7.0,0.6,18,0.62,1
B202602616,2026-08-07,早班,B,T3,3,158.4,183.5,243.9,224.4,95.3,47.1,185,9.0,4.0,10,1.11,1
B202602617,2026-08-08,中班,D,T5,1,148.2,182.2,250.2,220.0,93.5,55.6,121,12.0,11.1,0,0.73,1
B202602618,2026-08-08,早班,A,T4,1,155.9,186.3,247.9,219.9,98.5,38.4,163,7.0,1.7,9,0.59,1
B202602619,2026-08-08,早班,C,T5,2,156.6,188.1,248.4,218.4,94.6,49.4,199,14.0,6.6,0,1.28,1
B202602620,2026-08-08,早班,C,T4,3,147.9,186.7,237.1,227.1,88.8,49.9,138,9.0,7.5,30,4.91,0
B202602621,2026-08-08,夜班,A,T5,4,,184.8,248.4,220.7,92.7,,99,13.0,2.1,8,0.25,1
B202602622,2026-08-08,早班,B,T3,1,161.0,178.3,245.1,218.4,93.4,42.1,211,15.0,6.0,21,0.94,1
B202602623,2026-08-08,中班,C,T5,2,154.4,177.7,248.8,219.0,96.2,47.5,92,4.0,7.6,6,1.48,1
B202602624,2026-08-08,早班,C,T3,3,,188.8,249.6,219.7,95.7,44.8,102,3.0,7.6,8,1.27,1
B202602625,2026-08-08,早班,B,T3,2,158.9,183.9,245.7,222.0,92.4,47.7,229,4.0,3.6,18,0.63,1
B202602626,2026-08-08,夜班,C,T4,3,154.8,183.5,243.9,221.8,98.1,43.9,204,5.0,8.3,20,0.38,1
B202602627,2026-08-08,夜班,A,T3,5,157.1,195.9,253.1,220.5,94.1,51.0,222,12.0,1.8,2,0.21,1
B202602628,2026-08-08,中班,C,T3,1,156.1,189.6,244.7,217.8,99.4,41.9,148,9.0,7.2,2,1.37,1
B202602629,2026-08-09,早班,B,T4,3,155.3,183.8,246.6,222.2,100.8,36.1,93,8.0,4.5,0,1.54,1
B202602630,2026-08-09,夜班,B,T3,1,154.9,185.3,252.4,217.0,94.2,44.6,230,3.0,5.3,10,2.32,1
B202602631,2026-08-09,中班,D,T5,1,157.5,184.3,245.9,220.1,93.0,56.7,235,3.0,11.2,9,2.18,0
B202602632,2026-08-09,早班,C,T4,4,148.8,171.8,244.0,213.0,90.2,38.5,149,10.0,8.4,43,2.23,0
B202602633,2026-08-09,夜班,B,T4,2,151.3,183.1,250.8,216.4,94.7,43.7,152,6.0,4.5,21,1.31,1
B202602634,2026-08-09,早班,D,T4,1,157.9,186.9,247.1,223.2,99.9,47.3,186,13.0,9.3,10,1.02,1
B202602635,2026-08-09,中班,B,T5,3,151.1,190.8,250.9,213.6,87.6,47.3,184,,4.3,11,1.01,1
B202602636,2026-08-09,中班,B,T4,1,155.1,181.1,247.9,223.3,94.2,44.9,175,12.0,3.5,4,1.01,1
B202602637,2026-08-09,早班,C,T3,2,155.8,180.3,236.9,223.3,85.3,49.2,174,7.0,8.2,29,3.65,0
B202602638,2026-08-09,早班,B,T4,1,150.7,188.9,244.7,217.4,98.8,48.2,245,9.0,5.4,14,0.04,1
B202602639,2026-08-09,早班,A,T4,3,149.4,177.9,247.4,219.3,97.7,41.6,227,,0.7,21,0.58,1
B202602640,2026-08-09,夜班,D,T5,5,152.4,191.7,237.1,218.5,92.2,65.9,124,1.0,10.2,30,1.68,0
B202602641,2026-08-10,夜班,B,T4,1,153.8,192.8,240.3,217.5,94.5,49.7,110,11.0,4.2,8,3.33,0
B202602642,2026-08-10,中班,A,T4,3,154.9,184.0,247.2,222.4,93.2,34.3,212,7.0,0.9,3,0.93,1
B202602643,2026-08-10,中班,A,T3,4,152.8,188.5,246.4,221.3,97.4,49.1,143,15.0,2.9,8,1.27,1
B202602644,2026-08-10,夜班,C,T4,2,148.8,185.8,249.9,216.1,96.1,47.9,224,5.0,6.2,23,0.26,1
B202602645,2026-08-10,中班,A,T5,4,157.2,192.3,249.7,222.4,97.6,45.4,143,3.0,1.8,21,0.38,1
B202602646,2026-08-10,早班,B,T5,1,155.9,186.0,245.3,221.3,100.7,42.9,119,5.0,5.8,12,0.73,1
B202602647,2026-08-10,夜班,D,T4,1,152.8,187.4,252.2,220.7,93.0,45.1,141,12.0,9.9,16,0.44,1
B202602648,2026-08-10,中班,B,T4,2,152.1,187.1,249.6,221.9,88.6,48.1,212,5.0,3.5,17,1.43,1
B202602649,2026-08-10,中班,C,T4,4,165.3,180.4,250.8,222.9,95.6,37.0,177,8.0,7.9,5,0.93,1
B202602650,2026-08-10,夜班,D,T4,2,156.5,179.1,236.8,218.8,91.7,59.3,135,,9.9,18,5.55,0
B202602651,2026-08-10,早班,B,T4,4,155.5,180.2,244.0,224.2,89.6,43.0,225,15.0,3.4,0,1.21,1
B202602652,2026-08-10,夜班,B,T4,3,152.8,180.5,248.1,222.4,98.4,47.8,250,11.0,3.2,0,0.79,1
B202602653,2026-08-11,夜班,A,T4,2,165.4,176.8,249.2,220.5,91.7,54.9,187,10.0,1.9,5,0.65,1
B202602654,2026-08-11,中班,D,T4,2,156.3,194.5,,222.0,94.1,42.7,175,8.0,11.1,12,0.67,1
B202602655,2026-08-11,中班,B,T4,2,150.7,193.8,247.7,217.8,100.7,50.2,95,9.0,3.1,4,1.09,1
B202602656,2026-08-11,中班,C,T4,3,158.1,185.8,245.4,,94.0,51.7,201,15.0,8.6,19,1.28,1
B202602657,2026-08-11,夜班,A,T5,3,151.2,180.5,245.8,219.6,92.8,47.2,192,7.0,2.3,12,1.72,1
B202602658,2026-08-11,夜班,C,T3,2,160.9,190.7,242.8,,90.6,61.8,207,2.0,8.1,48,1.96,0
B202602659,2026-08-11,夜班,A,T4,5,158.4,184.9,241.5,225.0,89.2,53.8,196,3.0,1.4,30,2.6,0
B202602660,2026-08-11,中班,A,T5,4,157.7,181.7,249.5,220.1,95.0,46.9,163,15.0,0.6,15,0.53,1
B202602661,2026-08-11,早班,A,T4,1,157.0,181.5,246.5,220.6,92.9,49.6,186,3.0,2.1,14,4.14,0
B202602662,2026-08-11,夜班,D,T4,5,160.6,184.4,250.8,221.8,93.1,41.0,197,7.0,9.1,15,1.94,1
B202602663,2026-08-11,中班,D,T4,3,157.6,184.0,248.7,220.9,90.9,38.9,189,,9.4,10,0.79,1
B202602664,2026-08-11,中班,B,T4,3,151.5,178.4,249.1,220.1,95.1,42.1,247,14.0,4.4,21,0.82,1
B202602665,2026-08-12,中班,D,T5,1,149.9,188.6,247.5,223.3,98.1,45.9,184,3.0,9.5,4,1.27,1
B202602666,2026-08-12,中班,B,T5,2,158.3,187.1,244.9,217.5,98.8,42.6,153,10.0,4.9,6,1.67,1
B202602667,2026-08-12,中班,D,T3,1,160.0,189.8,252.8,219.6,93.8,36.9,169,6.0,10.1,20,0.05,1
B202602668,2026-08-12,中班,A,T5,1,145.1,181.8,,222.8,93.5,57.2,230,11.0,3.0,5,4.05,0
B202602669,2026-08-12,中班,D,T3,5,152.9,182.2,251.1,220.8,99.3,37.1,133,7.0,11.7,4,1.15,1
B202602670,2026-08-12,中班,D,T5,4,151.2,175.2,248.4,218.7,92.9,44.2,182,,11.4,4,0.54,1
B202602671,2026-08-12,中班,B,T5,2,149.5,185.3,,214.2,96.3,45.4,125,13.0,4.0,12,0.67,1
B202602672,2026-08-12,夜班,B,T5,3,146.2,183.5,238.2,217.2,89.8,38.7,244,10.0,4.4,44,4.39,0
B202602673,2026-08-12,早班,D,T4,2,155.3,184.0,248.9,223.8,102.5,53.2,184,5.0,11.6,19,1.13,1
B202602674,2026-08-12,夜班,B,T5,2,151.9,176.9,246.8,220.8,97.2,48.5,103,10.0,4.5,4,1.29,1
B202602675,2026-08-12,早班,D,T3,4,154.2,185.1,246.4,220.8,94.9,50.1,189,6.0,10.8,20,1.83,1
B202602676,2026-08-12,中班,C,T5,2,153.6,186.4,239.5,218.6,92.4,57.4,148,8.0,8.8,42,5.51,0
B202602677,2026-08-13,夜班,B,T5,3,154.4,188.1,244.6,214.7,94.5,46.1,123,13.0,3.1,9,1.17,1
B202602678,2026-08-13,夜班,D,T4,2,153.9,191.5,247.4,217.2,93.2,44.3,201,14.0,9.8,5,0.27,1
B202602679,2026-08-13,中班,C,T4,3,156.8,191.2,246.8,223.1,92.9,47.4,218,4.0,7.8,14,0.93,1
B202602680,2026-08-13,夜班,B,T3,3,153.9,182.1,241.6,213.5,101.6,50.9,147,6.0,4.7,20,4.03,0
B202602681,2026-08-13,中班,A,T5,3,155.9,185.4,246.4,222.8,98.7,44.4,83,6.0,1.8,18,0.3,1
B202602682,2026-08-13,夜班,C,T3,3,154.6,194.3,244.0,220.3,97.0,43.7,232,11.0,6.2,21,0.24,1
B202602683,2026-08-13,中班,B,T5,3,158.2,193.1,247.5,221.4,90.8,47.4,82,14.0,4.8,14,1.98,1
B202602684,2026-08-13,夜班,B,T4,4,154.8,174.7,239.0,216.5,87.9,52.5,201,10.0,4.7,20,1.89,0
B202602685,2026-08-13,中班,A,T4,2,152.6,192.8,249.9,223.9,93.7,47.2,155,7.0,2.1,15,1.44,1
B202602686,2026-08-13,中班,B,T4,1,148.2,188.3,241.7,219.1,92.0,56.3,145,2.0,3.7,42,4.16,0
B202602687,2026-08-13,中班,D,T4,1,159.0,179.0,240.3,,89.1,47.4,123,9.0,10.0,21,5.35,0
B202602688,2026-08-13,夜班,C,T4,2,148.7,191.6,244.3,213.6,99.6,46.3,210,2.0,8.5,18,4.8,0
B202602689,2026-08-14,中班,B,T4,4,157.4,189.6,242.7,213.6,90.1,38.6,100,7.0,4.6,28,1.94,0
B202602690,2026-08-14,早班,D,T5,4,164.8,184.9,248.8,221.2,93.6,44.7,244,5.0,11.9,11,1.72,1
B202602691,2026-08-14,中班,D,T3,1,157.5,183.7,247.3,218.0,89.0,,150,11.0,11.1,10,0.5,1
B202602692,2026-08-14,早班,A,T3,1,153.0,189.5,252.1,217.4,97.1,45.1,117,7.0,1.9,21,1.17,1
B202602693,2026-08-14,夜班,A,T4,3,152.3,179.6,249.6,,94.6,45.1,206,,2.2,4,0.79,1
B202602694,2026-08-14,早班,C,T4,4,149.8,195.0,242.9,220.0,89.8,40.8,154,5.0,7.8,24,3.75,0
B202602695,2026-08-14,中班,C,T4,4,155.3,187.9,244.6,219.0,87.3,47.4,109,11.0,6.7,36,5.65,0
B202602696,2026-08-14,夜班,D,T3,4,149.0,171.9,242.5,222.6,91.2,63.1,92,5.0,11.4,29,3.08,0
B202602697,2026-08-14,中班,A,T4,3,148.4,182.7,246.7,219.8,92.6,43.9,170,11.0,1.0,23,0.91,1
B202602698,2026-08-14,夜班,D,T5,5,159.1,187.3,245.2,218.5,93.1,45.9,88,1.0,10.0,37,4.6,0
B202602699,2026-08-14,中班,C,T3,3,151.1,193.3,249.0,214.9,98.2,55.7,108,8.0,8.0,17,1.45,1
B202602700,2026-08-14,早班,B,T4,2,151.9,193.0,243.9,218.6,96.6,37.8,231,14.0,4.1,8,1.3,1
B202602701,2026-08-15,夜班,D,T4,2,151.7,191.2,240.9,215.2,94.4,52.4,92,7.0,9.3,27,2.2,0
B202602702,2026-08-15,夜班,B,T4,2,160.7,190.5,250.7,214.4,94.7,40.4,243,7.0,3.8,24,1.67,1
B202602703,2026-08-15,夜班,A,T4,3,158.1,182.0,248.9,225.2,96.1,45.3,243,13.0,0.7,7,0.98,1
B202602704,2026-08-15,中班,A,T5,3,158.1,185.0,248.8,219.4,91.3,47.3,185,5.0,2.9,5,1.39,1
B202602705,2026-08-15,夜班,D,T4,2,152.6,178.4,250.6,223.7,95.6,47.5,229,11.0,9.1,1,1.2,1
B202602706,2026-08-15,中班,B,T5,1,159.1,184.3,246.6,222.0,93.9,42.1,136,7.0,5.7,17,1.02,1
B202602707,2026-08-15,早班,C,T5,3,151.7,184.9,236.6,,93.7,,228,9.0,8.4,46,1.21,0
B202602708,2026-08-15,早班,C,T4,1,155.3,179.0,247.7,217.0,99.8,47.7,196,7.0,6.3,16,1.41,1
B202602709,2026-08-15,夜班,C,T5,1,150.4,179.9,244.9,219.5,89.8,39.1,220,6.0,8.9,3,0.01,1
B202602710,2026-08-15,早班,D,T3,1,152.8,182.3,248.1,220.8,94.6,47.9,90,8.0,11.7,8,0.9,1
B202602711,2026-08-15,中班,A,T3,3,154.2,184.8,249.5,221.5,91.6,44.6,162,5.0,2.4,24,1.56,1
B202602712,2026-08-15,夜班,A,T4,1,151.4,182.3,251.6,218.3,94.6,47.2,232,7.0,2.5,12,0.98,1
B202602713,2026-08-16,夜班,D,T3,1,142.7,190.4,244.9,222.5,95.9,57.1,139,7.0,9.2,24,3.93,0
B202602714,2026-08-16,早班,C,T5,1,150.3,182.6,248.5,219.8,96.3,48.2,222,8.0,7.0,20,1.03,1
B202602715,2026-08-16,早班,C,T5,2,158.7,179.7,239.6,221.6,90.9,48.7,192,4.0,6.8,10,1.44,0
B202602716,2026-08-16,早班,D,T3,2,156.5,175.8,251.2,218.3,88.7,44.6,120,4.0,9.1,49,1.59,0
B202602717,2026-08-16,夜班,D,T4,1,152.1,181.4,239.0,221.1,91.8,49.1,113,2.0,9.3,38,2.78,0
B202602718,2026-08-16,中班,A,T4,2,150.8,183.1,244.0,217.3,97.3,45.9,249,11.0,2.5,9,1.22,1
B202602719,2026-08-16,中班,A,T4,3,146.7,196.1,250.8,221.7,99.4,46.5,195,4.0,2.5,11,1.37,1
B202602720,2026-08-16,中班,B,T4,3,156.4,183.0,256.9,214.5,92.4,50.8,222,14.0,3.3,7,0.11,1
B202602721,2026-08-16,中班,B,T3,2,145.7,179.6,246.5,218.7,96.6,43.1,152,11.0,5.1,20,0.86,1
B202602722,2026-08-16,中班,A,T3,3,155.5,183.1,244.7,223.5,97.4,42.4,114,,0.7,8,0.99,1
B202602723,2026-08-16,夜班,D,T4,1,156.4,187.0,243.2,220.1,96.0,64.8,243,6.0,11.6,24,3.79,0
B202602724,2026-08-16,中班,C,T4,3,153.7,174.5,247.8,217.0,91.5,50.8,98,8.0,8.0,5,1.22,1
B202602725,2026-08-17,中班,C,T4,3,160.4,185.8,246.0,216.2,97.0,49.5,206,8.0,6.9,17,1.46,1
B202602726,2026-08-17,早班,C,T3,2,151.8,176.7,241.9,221.6,91.0,50.1,233,4.0,6.8,16,3.31,0
B202602727,2026-08-17,夜班,A,T3,2,152.7,181.6,239.0,214.7,93.4,,89,2.0,2.9,23,2.22,0
B202602728,2026-08-17,夜班,A,T4,3,153.5,178.5,246.0,215.1,96.5,,168,13.0,2.1,17,1.58,1
B202602729,2026-08-17,夜班,C,T5,4,154.2,190.8,249.2,218.8,89.6,46.1,249,14.0,7.9,19,1.25,1
B202602730,2026-08-17,中班,D,T5,1,161.2,180.3,247.6,219.4,94.4,46.8,112,11.0,9.5,16,0.93,1
B202602731,2026-08-17,早班,C,T5,2,152.3,185.6,252.1,216.1,95.2,39.6,211,13.0,8.2,8,2.32,1
B202602732,2026-08-17,中班,C,T4,2,155.2,190.3,249.9,211.4,90.3,37.5,124,5.0,7.8,5,0.63,1
B202602733,2026-08-17,夜班,A,T3,1,154.5,175.8,235.7,218.6,85.2,63.0,119,2.0,1.1,12,1.92,0
B202602734,2026-08-17,夜班,A,T5,1,159.5,183.9,249.9,221.9,94.3,46.6,220,12.0,3.0,0,1.35,1
B202602735,2026-08-17,中班,D,T5,3,157.3,172.3,240.8,221.1,98.5,46.2,183,,9.4,13,2.08,0
B202602736,2026-08-17,中班,D,T4,1,153.0,176.1,245.9,222.3,95.3,49.9,240,11.0,11.8,14,0.88,1
B202602737,2026-08-18,早班,D,T3,2,153.7,182.6,250.5,221.2,91.5,40.2,246,6.0,10.6,18,0.13,1
B202602738,2026-08-18,夜班,B,T4,4,154.4,187.7,246.4,222.9,92.5,40.9,250,6.0,4.1,2,0.11,1
B202602739,2026-08-18,中班,B,T5,3,157.0,190.2,245.5,223.4,94.9,51.1,246,8.0,4.3,18,1.38,1
B202602740,2026-08-18,早班,C,T3,1,152.1,179.6,248.1,220.1,95.4,49.5,140,6.0,6.4,0,0.5,1
B202602741,2026-08-18,中班,C,T4,3,146.7,184.4,244.5,221.3,90.7,41.2,151,6.0,7.7,22,2.02,1
B202602742,2026-08-18,早班,D,T5,1,150.2,190.0,244.1,225.7,100.0,55.2,239,6.0,10.7,32,2.91,0
B202602743,2026-08-18,早班,A,T4,1,152.3,167.6,243.4,218.1,96.1,46.0,101,4.0,1.1,20,1.96,0
B202602744,2026-08-18,中班,C,T5,2,155.1,189.5,248.5,227.9,96.0,47.7,244,3.0,7.9,13,1.75,1
B202602745,2026-08-18,中班,A,T4,2,153.9,183.3,250.8,221.0,94.3,46.8,92,4.0,1.1,23,0.43,1
B202602746,2026-08-18,夜班,A,T4,5,157.2,186.0,247.6,220.5,96.9,51.8,187,7.0,0.6,2,1.29,1
B202602747,2026-08-18,中班,D,T3,1,150.3,181.1,239.8,218.5,85.1,55.9,118,2.0,10.7,9,2.63,0
B202602748,2026-08-18,夜班,D,T4,3,149.7,185.0,253.4,223.7,95.5,46.7,129,7.0,9.7,18,1.65,1
B202602749,2026-08-19,中班,C,T5,4,146.3,177.9,246.7,221.5,88.7,48.5,174,7.0,6.6,30,5.05,0
B202602750,2026-08-19,夜班,A,T3,1,155.5,186.9,249.0,221.2,97.7,45.5,91,5.0,2.3,13,0.67,1
B202602751,2026-08-19,早班,C,T4,2,150.6,179.4,248.4,216.3,91.9,44.3,126,8.0,6.6,8,3.86,0
B202602752,2026-08-19,中班,A,T3,2,161.6,182.8,240.3,222.5,89.2,53.0,131,6.0,1.2,8,2.83,0
B202602753,2026-08-19,中班,B,T4,2,155.9,175.4,244.9,215.2,84.5,35.0,115,7.0,4.4,14,2.03,0
B202602754,2026-08-19,夜班,A,T4,1,153.0,180.6,244.2,218.8,91.7,44.2,111,,1.9,24,0.82,1
B202602755,2026-08-19,早班,B,T4,2,162.4,185.6,247.2,222.3,94.2,41.4,100,7.0,5.4,6,1.34,1
B202602756,2026-08-19,中班,B,T4,5,150.7,188.3,251.9,216.7,96.9,48.3,99,4.0,4.4,0,0.81,1
B202602757,2026-08-19,中班,C,T4,3,154.9,189.2,250.4,221.7,95.9,35.9,193,14.0,7.4,11,1.05,1
B202602758,2026-08-19,夜班,A,T3,1,150.9,188.4,246.4,218.8,94.8,42.1,178,4.0,1.0,6,0.92,1
B202602759,2026-08-19,中班,C,T3,1,151.7,185.9,251.0,224.7,96.2,40.5,194,10.0,6.5,7,0.37,1
B202602760,2026-08-19,中班,C,T5,3,,182.5,251.2,215.5,94.9,43.7,176,7.0,6.7,12,0.04,1
B202602761,2026-08-20,夜班,D,T4,1,,183.0,242.1,225.4,87.5,45.6,91,8.0,10.0,23,4.35,0
B202602762,2026-08-20,夜班,D,T5,2,163.9,182.9,240.7,211.9,97.5,44.0,216,5.0,9.7,41,3.19,0
B202602763,2026-08-20,夜班,A,T4,2,154.3,187.5,240.6,221.2,90.5,48.0,107,1.0,2.0,14,2.57,0
B202602764,2026-08-20,中班,A,T5,4,158.3,188.7,245.2,221.8,85.8,37.1,99,10.0,1.0,4,0.33,1
B202602765,2026-08-20,中班,B,T4,3,153.7,186.0,249.8,223.2,94.4,37.9,152,10.0,4.2,5,2.13,1
B202602766,2026-08-20,早班,B,T4,2,156.2,186.2,237.6,210.0,93.6,64.8,131,1.0,4.4,38,2.92,0
B202602767,2026-08-20,夜班,D,T4,1,,180.0,247.9,219.7,96.6,45.6,147,10.0,9.9,21,0.98,1
B202602768,2026-08-20,中班,B,T5,5,155.5,184.1,245.5,221.4,92.3,55.6,221,12.0,3.0,10,0.24,1
B202602769,2026-08-20,早班,A,T4,3,152.5,190.9,244.7,217.2,93.4,47.5,213,6.0,2.8,7,1.42,1
B202602770,2026-08-20,中班,B,T4,4,158.3,190.5,245.3,217.9,94.8,41.0,202,10.0,4.0,19,1.34,1
B202602771,2026-08-20,早班,B,T4,2,150.3,191.3,236.4,217.6,105.3,57.3,175,2.0,5.1,30,3.69,0
B202602772,2026-08-20,中班,D,T3,1,152.8,188.1,241.8,215.3,83.3,44.7,135,1.0,10.0,22,2.5,0
B202602773,2026-08-21,中班,D,T3,2,159.6,189.0,246.9,224.7,93.7,50.2,169,7.0,11.5,15,0.76,1
B202602774,2026-08-21,中班,C,T4,1,157.3,181.5,243.1,220.3,91.2,49.1,243,10.0,6.9,29,1.96,0
B202602775,2026-08-21,中班,A,T4,1,155.8,182.5,251.2,221.3,92.8,52.1,236,15.0,2.6,7,1.42,1
B202602776,2026-08-21,夜班,D,T5,4,152.0,188.6,243.1,218.9,82.1,37.6,106,8.0,9.7,6,1.69,0
B202602777,2026-08-21,中班,D,T4,2,142.6,193.2,245.0,213.2,90.6,54.4,226,1.0,9.9,47,4.22,0
B202602778,2026-08-21,中班,D,T3,2,153.4,187.6,238.1,216.4,97.6,38.3,119,11.0,10.8,20,3.27,0
B202602779,2026-08-21,中班,B,T4,3,153.7,196.2,248.5,220.5,98.0,48.2,229,10.0,3.6,6,0.53,1
B202602780,2026-08-21,中班,C,T5,5,152.9,179.2,248.7,219.8,93.9,44.4,81,9.0,6.9,3,1.07,1
B202602781,2026-08-21,中班,A,T4,1,155.9,181.7,241.2,214.0,94.8,59.6,80,11.0,1.2,7,2.7,0
B202602782,2026-08-21,早班,D,T4,5,152.4,184.9,243.2,216.2,96.8,57.3,124,1.0,9.9,28,1.67,0
B202602783,2026-08-21,中班,D,T4,3,159.0,188.6,239.0,218.5,96.3,52.1,212,11.0,9.4,49,1.45,0
B202602784,2026-08-21,早班,B,T5,2,156.9,189.3,246.9,218.8,90.5,41.8,221,4.0,3.9,24,3.33,0
B202602785,2026-08-22,中班,C,T4,2,156.2,191.8,246.2,222.6,96.8,40.6,184,9.0,8.6,17,1.35,1
B202602786,2026-08-22,早班,A,T4,1,152.9,194.8,247.6,221.9,95.4,,249,7.0,1.2,19,0.48,1
B202602787,2026-08-22,夜班,C,T3,4,160.2,190.5,241.7,217.0,90.0,52.3,202,6.0,6.0,29,4.57,0
B202602788,2026-08-22,夜班,A,T5,4,150.4,175.4,250.4,221.0,95.2,46.0,172,5.0,2.3,1,2.08,1
B202602789,2026-08-22,夜班,B,T4,1,158.7,191.5,245.8,223.0,93.9,34.2,242,14.0,4.8,21,0.1,1
B202602790,2026-08-22,中班,B,T3,1,158.7,190.9,251.7,221.2,88.3,41.0,88,6.0,3.0,23,1.39,1
B202602791,2026-08-22,夜班,A,T3,2,165.7,184.9,245.2,217.5,93.9,37.9,249,8.0,2.9,3,0.05,1
B202602792,2026-08-22,早班,B,T5,2,151.6,186.0,,224.0,93.5,40.9,151,7.0,4.4,21,0.86,1
B202602793,2026-08-22,早班,B,T5,1,150.8,192.2,242.2,226.4,86.5,52.1,143,4.0,3.2,39,2.01,0
B202602794,2026-08-22,中班,C,T4,5,154.4,190.7,242.0,218.5,97.1,47.0,185,10.0,7.9,9,2.16,0
B202602795,2026-08-22,夜班,B,T4,3,151.9,182.4,248.4,224.3,90.9,43.9,141,15.0,3.6,10,1.0,1
B202602796,2026-08-22,早班,A,T3,2,157.8,190.4,249.2,219.1,92.2,47.2,203,4.0,1.2,5,0.87,1
B202602797,2026-08-23,中班,B,T4,2,155.3,176.5,240.9,213.8,86.2,47.4,125,1.0,4.9,36,0.04,0
B202602798,2026-08-23,早班,C,T3,4,156.9,180.6,244.6,217.6,84.5,53.2,105,,6.1,39,4.0,0
B202602799,2026-08-23,夜班,A,T3,5,162.0,183.9,247.1,215.7,91.3,41.9,201,6.0,2.0,8,0.6,1
B202602800,2026-08-23,中班,A,T4,4,154.0,184.1,242.8,217.7,91.9,50.1,243,2.0,1.8,38,0.14,0
B202602801,2026-08-23,夜班,C,T4,1,149.6,172.8,233.0,212.9,87.8,41.2,123,9.0,6.5,44,1.01,0
B202602802,2026-08-23,夜班,C,T3,3,,191.8,247.9,221.0,97.0,47.4,105,12.0,8.2,14,1.73,1
B202602803,2026-08-23,夜班,A,T3,2,164.1,181.4,247.9,224.7,93.7,46.3,205,14.0,0.9,18,0.94,1
B202602804,2026-08-23,中班,C,T4,2,151.7,186.1,250.9,216.8,91.4,50.4,235,,6.2,4,1.07,1
B202602805,2026-08-23,早班,A,T5,3,158.1,197.1,246.0,220.9,99.9,42.7,183,7.0,1.3,0,0.57,1
B202602806,2026-08-23,夜班,A,T4,2,153.8,191.5,244.1,220.6,94.5,42.3,142,9.0,1.7,22,1.26,1
B202602807,2026-08-23,早班,D,T4,1,151.9,189.5,249.4,219.3,94.4,45.7,114,,10.7,23,0.52,1
B202602808,2026-08-23,中班,C,T4,1,153.8,188.0,242.6,216.6,80.2,48.9,120,10.0,7.6,23,4.01,0
B202602809,2026-08-24,中班,C,T4,1,157.4,180.2,235.3,211.4,98.9,50.9,205,3.0,7.7,19,3.06,0
B202602810,2026-08-24,夜班,B,T4,2,159.2,181.1,237.5,222.6,88.8,41.4,175,5.0,4.6,8,0.79,0
B202602811,2026-08-24,中班,C,T4,2,164.5,188.4,250.1,212.9,93.0,42.2,178,9.0,8.7,8,0.28,1
B202602812,2026-08-24,中班,D,T3,4,149.9,181.3,242.2,213.0,89.6,57.7,213,1.0,10.0,11,3.86,0
B202602813,2026-08-24,中班,B,T3,5,157.0,188.9,244.4,220.1,97.3,40.8,119,14.0,4.7,19,0.44,1
B202602814,2026-08-24,早班,B,T3,2,152.6,179.3,245.4,215.1,97.7,40.3,169,14.0,4.1,5,1.36,1
B202602815,2026-08-24,早班,A,T4,1,151.3,188.6,249.9,217.1,90.1,48.2,195,8.0,2.6,21,0.7,1
B202602816,2026-08-24,早班,B,T4,4,160.6,186.1,250.7,217.4,93.3,39.8,135,5.0,4.0,20,1.44,1
B202602817,2026-08-24,早班,A,T4,4,153.8,179.4,236.2,213.0,92.0,60.4,157,3.0,2.8,23,0.72,0
B202602818,2026-08-24,中班,C,T4,3,158.1,185.8,240.9,216.6,95.3,49.3,114,7.0,6.3,0,0.98,1
B202602819,2026-08-24,早班,B,T4,5,158.8,176.4,250.3,220.9,96.5,,240,5.0,5.2,21,0.46,1
B202602820,2026-08-24,早班,B,T4,2,159.0,184.8,247.0,219.6,87.0,38.7,139,3.0,4.6,0,1.41,1
B202602821,2026-08-25,中班,D,T5,5,164.9,180.2,241.2,220.2,95.2,45.1,210,2.0,10.8,10,2.84,0
B202602822,2026-08-25,早班,C,T4,1,153.4,177.6,247.3,223.1,91.1,40.3,236,15.0,8.9,23,2.08,1
B202602823,2026-08-25,夜班,A,T3,2,147.1,177.3,248.1,215.2,85.9,69.8,235,11.0,1.1,34,4.52,0
B202602824,2026-08-25,中班,D,T3,2,145.5,175.9,247.5,209.8,93.4,31.2,188,4.0,9.5,45,2.82,0
B202602825,2026-08-25,夜班,B,T3,1,158.0,187.1,248.9,221.1,99.8,47.1,160,7.0,5.5,18,1.13,1
B202602826,2026-08-25,早班,D,T3,4,143.8,176.7,246.9,218.5,84.7,58.9,141,9.0,11.2,38,4.62,0
B202602827,2026-08-25,夜班,C,T4,3,151.1,190.5,247.8,221.7,100.0,47.8,203,8.0,6.8,0,0.04,1
B202602828,2026-08-25,夜班,C,T3,3,151.1,187.9,240.4,215.4,87.9,47.4,178,,8.1,27,1.92,0
B202602829,2026-08-25,中班,B,T4,3,150.5,184.2,245.1,221.5,95.6,53.3,195,,3.1,13,0.46,1
B202602830,2026-08-25,中班,A,T4,4,159.6,183.6,249.4,227.7,94.5,56.5,148,12.0,1.6,11,1.23,1
B202602831,2026-08-25,中班,A,T4,1,160.0,185.4,250.0,223.5,99.1,45.0,232,13.0,2.9,20,1.29,1
B202602832,2026-08-25,夜班,D,T4,1,152.4,179.9,248.8,219.3,95.2,52.0,197,,9.8,6,1.51,1
B202602833,2026-08-26,夜班,D,T4,1,150.9,192.4,248.6,215.6,85.5,52.4,145,11.0,9.4,38,2.35,0
B202602834,2026-08-26,夜班,B,T3,4,153.0,185.9,250.7,219.4,97.2,44.0,247,7.0,5.7,23,0.94,1
B202602835,2026-08-26,早班,A,T5,4,159.2,180.8,243.4,221.7,95.8,53.1,84,7.0,1.6,45,1.47,0
B202602836,2026-08-26,中班,B,T4,4,153.4,188.6,247.6,218.4,93.8,41.8,172,15.0,3.7,18,0.15,1
B202602837,2026-08-26,夜班,C,T4,2,153.0,181.2,247.4,224.5,91.0,41.8,243,6.0,8.6,7,0.7,1
B202602838,2026-08-26,中班,C,T4,2,155.9,179.8,249.4,220.1,89.6,34.5,165,4.0,6.1,15,0.55,1
B202602839,2026-08-26,中班,C,T5,2,158.8,179.2,246.3,220.4,95.5,45.9,196,12.0,7.5,24,0.15,1
B202602840,2026-08-26,夜班,D,T5,4,147.5,190.6,246.6,222.2,88.9,59.8,130,7.0,9.9,33,1.53,0
B202602841,2026-08-26,夜班,C,T4,1,146.7,180.4,242.3,209.9,88.7,69.2,175,7.0,8.8,10,2.69,0
B202602842,2026-08-26,中班,A,T5,1,156.7,186.4,250.0,214.8,94.7,51.8,164,8.0,1.7,23,0.82,1
B202602843,2026-08-26,中班,C,T4,1,156.3,180.4,247.4,226.3,92.4,40.3,213,10.0,7.4,24,1.28,1
B202602844,2026-08-26,夜班,C,T4,3,157.0,173.7,247.2,215.7,93.2,43.3,190,6.0,7.0,0,0.8,1
B202602845,2026-08-27,夜班,B,T4,1,154.5,174.6,240.6,214.7,94.1,45.0,214,5.0,4.0,32,1.48,0
B202602846,2026-08-27,中班,C,T4,1,156.1,182.6,248.2,225.6,102.6,52.3,129,6.0,8.9,0,1.38,1
B202602847,2026-08-27,中班,C,T4,1,155.0,180.9,239.1,217.0,88.6,58.2,170,8.0,8.8,33,5.15,0
B202602848,2026-08-27,夜班,B,T4,1,160.7,192.4,238.7,220.4,87.0,57.9,216,3.0,3.4,27,2.79,0
B202602849,2026-08-27,中班,C,T5,4,155.7,179.5,235.8,217.4,94.7,51.5,159,10.0,6.1,45,3.77,0
B202602850,2026-08-27,中班,B,T5,4,152.5,188.0,250.3,220.7,94.7,51.7,218,3.0,3.7,16,1.88,1
B202602851,2026-08-27,早班,C,T3,3,155.9,184.1,250.7,217.9,91.8,35.3,229,13.0,8.0,10,1.08,1
B202602852,2026-08-27,中班,A,T3,5,161.6,190.4,248.4,217.5,92.7,48.4,241,10.0,2.1,22,1.2,1
B202602853,2026-08-27,早班,B,T4,2,161.9,185.9,245.3,220.9,88.1,48.0,246,13.0,5.3,2,1.04,1
B202602854,2026-08-27,夜班,C,T4,2,151.1,190.3,249.1,217.2,90.8,43.7,179,7.0,8.4,12,1.29,1
B202602855,2026-08-27,夜班,B,T3,4,152.7,183.6,248.5,222.7,86.7,45.9,101,4.0,3.3,0,0.62,1
B202602856,2026-08-27,夜班,C,T3,3,156.9,189.4,250.2,218.0,97.8,38.0,131,7.0,6.6,4,1.65,1
B202602857,2026-08-28,早班,B,T5,3,158.5,192.2,245.2,217.3,96.7,44.0,147,7.0,5.3,13,0.13,1
B202602858,2026-08-28,夜班,C,T4,4,151.2,182.3,239.2,214.9,95.3,56.3,117,8.0,6.0,43,3.04,0
B202602859,2026-08-28,中班,B,T5,1,156.9,187.8,251.3,225.5,90.9,45.1,235,5.0,4.1,18,0.16,1
B202602860,2026-08-28,夜班,A,T4,4,153.0,191.3,244.0,213.6,93.1,48.8,218,4.0,1.3,36,1.62,0
B202602861,2026-08-28,中班,B,T3,2,158.2,185.9,248.4,219.1,93.5,52.3,234,11.0,5.5,2,0.64,1
B202602862,2026-08-28,早班,D,T4,3,158.6,186.7,246.7,214.5,99.9,37.3,229,6.0,11.4,12,0.98,1
B202602863,2026-08-28,中班,A,T4,2,152.0,184.9,249.7,215.0,98.9,50.7,219,8.0,0.6,0,2.21,1
B202602864,2026-08-28,夜班,C,T3,1,150.2,172.2,238.0,220.4,82.5,66.1,87,11.0,6.8,5,3.49,0
B202602865,2026-08-28,夜班,D,T3,4,150.6,,236.6,217.4,90.1,49.3,140,10.0,10.5,19,5.1,0
B202602866,2026-08-28,中班,B,T4,1,155.6,185.9,248.2,214.6,91.5,41.5,170,14.0,5.3,3,1.61,1
B202602867,2026-08-28,夜班,C,T4,3,160.0,180.1,243.8,219.5,88.4,49.9,249,6.0,8.5,10,3.03,0
B202602868,2026-08-28,早班,C,T3,5,153.0,194.2,248.7,218.2,96.1,42.3,127,10.0,6.1,14,0.53,1
B202602869,2026-08-29,中班,D,T4,3,158.8,181.4,245.1,222.1,89.4,38.6,187,13.0,11.3,7,1.09,1
B202602870,2026-08-29,夜班,D,T3,1,159.4,178.2,250.0,220.3,94.0,43.2,143,9.0,10.8,20,0.9,1
B202602871,2026-08-29,早班,A,T4,1,156.2,188.3,249.5,226.4,92.8,52.5,129,6.0,0.9,12,1.33,1
B202602872,2026-08-29,夜班,C,T4,3,152.0,180.6,249.3,218.8,90.4,41.4,220,,6.0,8,1.18,1
B202602873,2026-08-29,中班,A,T3,2,151.5,180.5,249.3,217.8,95.3,48.2,131,12.0,1.3,17,1.85,1
B202602874,2026-08-29,早班,A,T4,4,149.7,170.2,234.6,219.3,98.6,46.1,129,6.0,0.8,43,2.21,0
B202602875,2026-08-29,夜班,C,T3,1,155.7,187.4,246.8,215.4,94.8,47.5,187,12.0,8.8,6,1.45,1
B202602876,2026-08-29,中班,B,T5,2,157.1,183.5,245.5,215.6,96.8,40.8,151,12.0,4.9,0,0.77,1
B202602877,2026-08-29,夜班,C,T4,3,158.4,176.2,247.9,214.7,98.8,43.2,177,12.0,8.2,7,1.94,1
B202602878,2026-08-29,中班,C,T3,1,166.0,187.1,237.5,221.4,88.5,48.6,153,6.0,8.1,29,5.94,0
B202602879,2026-08-29,夜班,A,T3,1,157.6,179.9,247.5,225.5,99.8,46.8,124,12.0,1.0,4,1.0,1
B202602880,2026-08-29,早班,B,T3,3,151.2,176.3,246.0,219.6,99.7,45.0,220,6.0,3.7,1,1.1,1
B202602881,2026-08-30,夜班,C,T3,1,157.5,192.3,247.6,218.7,96.3,50.4,160,10.0,7.4,10,1.6,1
B202602882,2026-08-30,中班,D,T4,2,154.2,180.8,242.7,219.7,89.3,50.7,247,1.0,9.3,48,1.27,0
B202602883,2026-08-30,早班,A,T4,2,152.4,182.5,251.9,221.7,95.3,36.9,153,7.0,2.4,20,2.17,1
B202602884,2026-08-30,夜班,C,T4,4,156.4,186.4,248.2,217.4,98.2,44.4,159,7.0,9.0,7,1.62,1
B202602885,2026-08-30,夜班,A,T4,2,155.2,187.4,241.7,218.0,100.0,53.5,190,9.0,0.8,16,3.02,0
B202602886,2026-08-30,中班,A,T3,1,163.1,185.1,243.0,217.4,94.7,42.6,96,9.0,0.9,19,0.95,1
B202602887,2026-08-30,中班,C,T4,5,,190.7,239.5,219.6,92.1,34.2,210,6.0,7.8,14,4.87,0
B202602888,2026-08-30,夜班,D,T4,1,154.6,175.7,241.3,226.5,92.9,50.9,170,5.0,11.2,21,0.48,0
B202602889,2026-08-30,夜班,D,T4,2,153.1,186.0,244.8,219.1,91.2,54.1,210,7.0,9.5,16,0.91,1
B202602890,2026-08-30,中班,C,T5,1,161.8,188.0,251.6,214.7,97.0,43.8,113,15.0,6.9,5,1.94,1
B202602891,2026-08-30,中班,C,T4,4,156.2,189.6,247.1,215.1,93.9,47.8,99,12.0,7.5,19,1.08,1
B202602892,2026-08-30,中班,A,T4,2,159.3,183.9,249.6,218.3,94.5,48.7,142,15.0,2.4,12,0.8,1
B202602893,2026-08-31,早班,C,T4,2,158.0,174.9,237.6,224.5,95.3,52.4,83,8.0,6.3,16,2.12,0
B202602894,2026-08-31,夜班,D,T3,2,145.1,188.7,240.8,216.9,83.8,56.7,112,3.0,11.4,5,3.08,0
B202602895,2026-08-31,早班,B,T3,5,152.1,187.1,253.3,216.2,94.0,48.9,156,7.0,4.6,18,0.69,1
B202602896,2026-08-31,早班,D,T4,3,152.6,181.4,243.6,208.1,95.5,55.5,186,5.0,10.4,22,3.44,0
B202602897,2026-08-31,中班,C,T5,5,157.3,,247.0,217.3,90.4,43.5,196,13.0,7.9,1,0.09,1
B202602898,2026-08-31,中班,B,T4,3,155.9,191.0,241.5,223.3,90.7,48.5,144,4.0,3.7,11,3.09,0
B202602899,2026-08-31,早班,A,T3,3,156.6,189.6,249.5,219.2,94.8,38.6,158,6.0,1.1,6,1.19,1
B202602900,2026-08-31,早班,D,T5,2,157.8,186.1,243.6,216.4,93.1,47.2,86,15.0,11.2,0,0.41,1
B202602901,2026-08-31,夜班,D,T4,1,161.2,192.8,239.3,225.8,91.9,55.4,80,6.0,9.2,39,4.08,0
B202602902,2026-08-31,中班,D,T5,1,153.8,188.4,246.9,,98.0,45.7,133,11.0,10.8,7,1.68,1
B202602903,2026-08-31,早班,A,T4,3,151.5,178.2,238.2,221.0,89.9,48.5,144,7.0,2.0,24,1.53,0
B202602904,2026-08-31,夜班,A,T4,1,155.0,180.5,246.5,216.3,92.5,54.4,194,3.0,1.2,10,0.59,1
B202602905,2026-09-01,中班,B,T3,3,149.2,186.9,240.9,222.7,99.3,49.5,241,5.0,5.6,37,3.08,0
B202602906,2026-09-01,中班,C,T4,2,152.3,174.9,246.7,219.0,98.6,38.1,244,13.0,8.3,18,1.64,1
B202602907,2026-09-01,早班,D,T4,3,149.9,189.2,246.1,225.1,94.5,43.1,240,3.0,11.2,13,1.13,1
B202602908,2026-09-01,夜班,A,T4,4,155.1,190.3,249.0,217.4,93.4,52.1,217,12.0,0.9,14,1.52,1
B202602909,2026-09-01,夜班,C,T5,3,150.4,187.2,241.9,219.2,91.0,46.7,236,,8.0,23,1.51,0
B202602910,2026-09-01,中班,B,T5,1,155.2,187.3,246.7,226.9,94.7,43.4,155,4.0,4.7,23,0.84,1
B202602911,2026-09-01,早班,C,T3,1,153.6,174.8,249.6,218.4,93.3,41.7,195,6.0,7.4,23,0.95,1
B202602912,2026-09-01,夜班,A,T5,2,145.9,185.2,235.9,216.4,87.9,46.6,84,4.0,2.1,37,3.1,0
B202602913,2026-09-01,早班,D,T4,4,158.0,194.6,235.6,215.0,83.4,65.1,202,5.0,10.0,22,2.78,0
B202602914,2026-09-01,中班,C,T4,2,161.2,189.0,245.5,217.3,93.7,43.3,250,10.0,8.5,13,1.25,1
B202602915,2026-09-01,夜班,C,T4,4,151.3,180.6,248.7,223.4,96.2,38.1,115,4.0,6.1,24,0.43,1
B202602916,2026-09-01,早班,B,T5,1,151.3,180.1,245.3,220.3,98.5,49.8,135,7.0,4.9,4,1.74,1
B202602917,2026-09-02,中班,D,T4,2,150.0,179.0,238.7,217.9,83.7,46.2,226,8.0,11.8,27,3.43,0
B202602918,2026-09-02,夜班,B,T3,2,147.9,186.3,241.9,209.7,94.5,37.7,81,6.0,4.2,27,2.82,0
B202602919,2026-09-02,夜班,A,T4,5,152.4,182.7,252.5,221.3,93.8,41.4,130,8.0,2.8,14,1.34,1
B202602920,2026-09-02,中班,D,T3,2,157.0,191.2,244.3,222.5,95.2,43.3,142,5.0,11.4,13,0.55,1
B202602921,2026-09-02,早班,A,T3,2,158.6,184.3,250.6,222.3,94.4,45.9,108,11.0,2.7,0,0.91,1
B202602922,2026-09-02,中班,B,T4,5,154.3,186.4,248.1,221.7,93.4,48.8,198,4.0,4.9,0,1.45,1
B202602923,2026-09-02,早班,C,T4,1,156.3,179.4,243.3,218.7,87.3,55.0,250,11.0,6.1,11,4.33,0
B202602924,2026-09-02,早班,C,T3,1,152.1,188.9,238.1,216.2,94.9,57.6,83,7.0,7.2,12,1.44,0
B202602925,2026-09-02,中班,B,T4,3,155.3,171.8,248.8,212.3,94.4,47.1,185,14.0,3.6,1,0.74,1
B202602926,2026-09-02,夜班,D,T4,1,157.2,196.8,246.0,220.4,89.1,57.3,162,7.0,10.3,14,4.93,0
B202602927,2026-09-02,夜班,B,T4,3,153.0,185.8,242.0,222.6,93.5,49.2,173,3.0,3.0,32,2.28,0
B202602928,2026-09-02,中班,C,T5,1,155.2,186.9,246.9,216.3,91.6,39.9,96,9.0,6.9,3,0.87,1
B202602929,2026-09-03,夜班,D,T3,5,155.5,184.3,249.1,219.0,96.6,47.1,202,3.0,11.9,16,1.5,1
B202602930,2026-09-03,早班,C,T4,1,158.3,181.4,246.9,222.1,92.3,45.9,212,11.0,7.7,0,0.86,1
B202602931,2026-09-03,中班,D,T4,1,152.8,173.3,240.9,211.5,83.7,61.0,142,2.0,9.2,46,4.58,0
B202602932,2026-09-03,早班,D,T4,1,161.9,184.7,247.2,218.6,95.7,40.9,211,5.0,11.0,19,0.74,1
B202602933,2026-09-03,早班,A,T4,3,152.3,183.8,244.5,220.8,90.4,34.8,242,6.0,2.9,15,2.44,0
B202602934,2026-09-03,中班,C,T5,5,151.9,178.6,248.5,222.9,95.8,43.8,160,11.0,6.1,12,1.34,1
B202602935,2026-09-03,中班,A,T5,1,159.1,182.8,248.2,222.5,98.9,40.8,160,12.0,2.7,24,1.14,1
B202602936,2026-09-03,早班,D,T3,1,151.8,188.3,245.6,217.9,81.9,57.1,222,10.0,11.5,15,2.37,0
B202602937,2026-09-03,夜班,B,T4,3,155.6,188.6,244.2,215.5,97.7,42.0,157,9.0,4.9,34,1.61,0
B202602938,2026-09-03,早班,A,T4,2,154.5,189.9,251.6,220.3,94.2,54.1,93,10.0,1.2,9,0.49,1
B202602939,2026-09-03,早班,D,T4,4,156.4,187.6,250.6,217.8,96.1,,202,7.0,9.8,12,0.07,1
B202602940,2026-09-03,中班,D,T4,2,156.5,183.6,243.6,222.6,92.4,57.9,233,6.0,11.7,12,2.64,0
B202602941,2026-09-04,中班,C,T5,1,155.1,193.7,248.6,223.4,95.1,40.2,218,5.0,6.6,15,1.65,1
B202602942,2026-09-04,早班,A,T5,1,156.6,184.0,241.2,208.4,85.1,55.3,234,11.0,1.5,33,2.02,0
B202602943,2026-09-04,夜班,A,T4,2,152.9,172.5,245.4,218.8,96.0,50.1,241,12.0,0.5,4,1.1,1
B202602944,2026-09-04,夜班,B,T3,3,158.0,184.5,249.0,218.9,99.8,41.6,80,8.0,3.5,24,0.2,1
B202602945,2026-09-04,夜班,C,T5,2,155.0,183.8,244.0,219.3,97.7,43.7,114,9.0,8.2,22,1.24,1
B202602946,2026-09-04,中班,B,T4,1,154.2,177.8,247.7,219.5,93.9,43.6,159,14.0,5.9,12,0.08,1
B202602947,2026-09-04,夜班,A,T4,2,154.5,185.4,253.1,216.6,92.6,41.8,197,7.0,0.6,22,0.71,1
B202602948,2026-09-04,夜班,C,T5,1,152.2,184.7,249.2,219.0,94.4,30.8,119,6.0,8.5,20,0.78,1
B202602949,2026-09-04,早班,C,T4,5,155.0,185.4,244.9,213.2,90.5,39.2,239,4.0,6.9,35,4.15,0
B202602950,2026-09-04,中班,A,T4,1,163.9,187.0,238.9,215.2,98.4,51.9,175,8.0,0.8,49,3.67,0
B202602951,2026-09-04,夜班,D,T4,3,141.7,183.2,240.9,216.7,95.1,53.7,214,4.0,9.8,14,1.86,0
B202602952,2026-09-04,中班,A,T3,3,156.1,175.2,246.5,220.7,99.5,45.6,98,10.0,1.2,14,1.89,1
B202602953,2026-09-05,夜班,C,T4,5,145.5,179.4,236.2,224.4,93.4,40.0,200,3.0,8.0,40,0.4,0
B202602954,2026-09-05,夜班,B,T3,1,,175.3,245.2,216.0,94.7,47.0,182,7.0,4.2,2,1.22,1
B202602955,2026-09-05,中班,D,T4,2,152.5,187.0,242.6,221.0,82.7,49.3,91,2.0,9.6,44,3.98,0
B202602956,2026-09-05,中班,A,T5,1,149.5,191.2,246.7,222.8,91.7,,215,5.0,1.9,13,0.65,1
B202602957,2026-09-05,中班,B,T3,3,160.0,189.7,249.0,222.6,95.3,47.0,143,10.0,4.5,19,1.41,1
B202602958,2026-09-05,早班,C,T5,1,158.7,183.7,248.6,221.2,95.2,31.6,100,14.0,8.1,2,1.08,1
B202602959,2026-09-05,早班,C,T4,3,156.5,184.4,250.0,214.9,96.4,45.8,194,6.0,7.1,12,1.51,1
B202602960,2026-09-05,夜班,D,T4,2,157.5,185.7,240.2,219.5,92.6,45.2,119,8.0,9.1,31,3.1,0
B202602961,2026-09-05,夜班,D,T3,4,160.6,188.3,244.6,215.8,94.5,47.6,90,10.0,10.6,6,2.75,0
B202602962,2026-09-05,中班,D,T4,2,159.8,186.5,249.3,215.0,100.5,45.5,192,15.0,10.8,14,0.04,1
B202602963,2026-09-05,夜班,A,T4,1,156.6,185.4,246.7,221.3,94.8,38.6,208,13.0,1.1,3,0.01,1
B202602964,2026-09-05,夜班,B,T4,1,156.1,177.4,249.2,219.0,94.9,46.2,125,11.0,5.9,8,1.06,1
B202602965,2026-09-06,中班,B,T4,3,155.7,173.6,237.4,220.9,101.1,61.3,113,4.0,4.3,43,4.76,0
B202602966,2026-09-06,中班,D,T4,3,153.4,169.8,242.0,219.1,96.2,55.7,86,11.0,10.1,28,3.23,0
B202602967,2026-09-06,早班,C,T5,3,154.4,182.6,238.7,216.2,92.7,55.7,168,6.0,7.4,25,5.71,0
B202602968,2026-09-06,早班,B,T3,3,157.5,190.2,243.8,219.7,96.0,52.4,158,1.0,5.7,22,2.1,0
B202602969,2026-09-06,早班,B,T5,2,159.0,183.6,237.3,218.8,96.7,44.3,207,1.0,4.1,41,0.15,0
B202602970,2026-09-06,夜班,A,T5,1,152.3,185.9,245.8,222.6,93.4,37.0,142,12.0,1.5,10,0.66,1
B202602971,2026-09-06,中班,B,T5,1,147.4,189.5,242.0,209.7,92.2,59.4,221,,5.5,41,3.6,0
B202602972,2026-09-06,早班,A,T3,3,150.3,182.9,247.5,217.5,93.2,41.2,247,9.0,2.1,12,0.69,1
B202602973,2026-09-06,夜班,B,T3,1,156.5,,252.7,221.8,100.0,45.2,116,4.0,3.4,3,1.48,1
B202602974,2026-09-06,夜班,B,T3,1,153.1,192.0,234.5,217.1,87.8,53.8,147,10.0,4.3,48,1.57,0
B202602975,2026-09-06,中班,A,T3,1,,183.9,249.5,220.5,96.8,50.0,142,7.0,2.7,1,1.01,1
B202602976,2026-09-06,中班,B,T4,2,151.0,177.9,240.2,214.4,92.7,51.1,87,4.0,4.3,39,3.03,0
B202602977,2026-09-07,夜班,A,T4,5,161.3,175.7,248.4,215.8,93.5,45.1,240,11.0,0.9,15,0.85,1
B202602978,2026-09-07,早班,B,T3,2,155.1,179.2,251.2,218.8,96.8,46.3,224,12.0,5.1,17,1.12,1
B202602979,2026-09-07,夜班,D,T5,2,151.6,174.0,245.2,217.8,95.1,39.3,250,3.0,11.8,16,3.66,0
B202602980,2026-09-07,夜班,A,T3,3,162.3,189.1,240.0,216.7,90.9,32.1,118,2.0,1.1,15,3.83,0
B202602981,2026-09-07,中班,B,T4,2,154.1,185.9,246.3,217.5,92.3,41.9,230,,3.4,5,0.62,1
B202602982,2026-09-07,夜班,D,T3,1,156.3,188.6,238.8,218.2,91.6,46.9,138,2.0,9.6,7,3.13,0
B202602983,2026-09-07,早班,C,T4,1,146.3,194.6,248.0,219.3,91.4,51.3,198,5.0,7.0,12,1.07,1
B202602984,2026-09-07,早班,B,T5,3,154.1,185.5,246.3,223.1,95.4,52.0,181,15.0,4.2,4,0.62,1
B202602985,2026-09-07,中班,B,T4,1,156.1,183.4,248.1,223.3,93.1,53.5,149,12.0,3.1,14,0.16,1
B202602986,2026-09-07,中班,C,T4,5,156.0,186.7,252.0,224.1,89.9,43.4,88,8.0,7.5,10,0.36,1
B202602987,2026-09-07,夜班,D,T4,1,149.8,183.6,248.1,223.1,102.1,53.5,242,13.0,10.9,11,2.19,1
B202602988,2026-09-07,夜班,C,T4,5,153.1,185.0,245.2,213.7,98.8,44.3,123,14.0,8.9,1,0.99,1
B202602989,2026-09-08,夜班,D,T4,1,155.3,181.0,236.4,219.3,94.9,54.0,210,10.0,11.6,8,2.22,0
B202602990,2026-09-08,早班,D,T4,2,151.3,183.1,246.3,220.7,97.7,46.5,189,14.0,11.4,20,0.96,1
B202602991,2026-09-08,早班,C,T4,1,154.3,191.9,248.2,221.6,90.0,46.5,101,3.0,8.2,19,1.16,1
B202602992,2026-09-08,中班,B,T4,1,155.4,195.4,248.3,218.7,99.4,,243,4.0,5.7,2,1.33,1
B202602993,2026-09-08,中班,D,T4,1,154.5,189.2,244.1,224.7,90.3,46.3,174,11.0,9.8,40,2.25,0
B202602994,2026-09-08,中班,A,T4,2,150.8,182.1,239.8,223.6,91.2,44.4,150,9.0,0.6,24,4.22,0
B202602995,2026-09-08,夜班,B,T4,5,146.9,191.5,244.5,221.1,89.6,51.1,211,,5.8,17,0.61,1
B202602996,2026-09-08,早班,D,T3,4,152.3,190.1,240.0,220.8,88.5,48.5,160,9.0,12.0,9,3.25,0
B202602997,2026-09-08,夜班,A,T4,3,147.2,186.5,248.8,227.2,96.4,46.4,118,14.0,2.0,19,0.6,1
B202602998,2026-09-08,夜班,C,T4,2,154.3,176.2,243.6,216.5,90.8,43.5,159,2.0,8.6,24,0.77,0
B202602999,2026-09-08,早班,A,T3,2,157.0,180.9,249.9,221.3,99.5,50.8,193,,2.3,24,0.65,1
B202603000,2026-09-08,夜班,D,T4,3,153.6,190.8,239.2,219.5,90.2,48.5,118,1.0,9.4,32,2.23,0
B202603001,2026-09-09,早班,A,T3,4,154.2,187.5,246.4,224.3,97.0,46.6,165,15.0,1.9,21,0.69,1
B202603002,2026-09-09,中班,B,T3,4,152.9,190.9,249.1,221.1,92.2,39.5,108,4.0,3.7,22,0.52,1
B202603003,2026-09-09,夜班,A,T4,1,149.1,191.3,252.7,221.4,93.8,,85,12.0,2.7,20,0.62,1
B202603004,2026-09-09,夜班,B,T5,4,152.0,186.5,247.5,223.7,89.8,,102,7.0,4.4,20,1.18,1
B202603005,2026-09-09,早班,A,T3,4,153.6,180.7,249.8,220.2,94.2,46.3,239,5.0,2.9,22,0.96,1
B202603006,2026-09-09,中班,A,T4,3,160.2,184.8,247.9,224.1,95.5,44.7,117,12.0,0.5,5,1.34,1
B202603007,2026-09-09,早班,C,T4,2,,180.9,242.9,221.3,97.2,55.1,130,6.0,6.8,39,0.2,0
B202603008,2026-09-09,早班,A,T4,2,155.0,195.2,251.5,218.3,98.6,43.8,232,12.0,1.0,15,0.37,1
B202603009,2026-09-09,夜班,D,T4,5,155.5,190.9,244.8,222.7,99.1,49.1,110,3.0,9.8,12,0.54,1
B202603010,2026-09-09,早班,A,T5,4,155.9,179.5,247.0,216.8,97.8,45.2,177,3.0,2.4,20,2.06,1
B202603011,2026-09-09,中班,D,T4,3,160.1,190.6,246.7,222.9,85.5,,111,15.0,10.6,4,1.58,1
B202603012,2026-09-09,夜班,D,T4,3,154.2,179.7,248.5,,93.5,39.4,119,4.0,11.8,1,0.1,1
B202603013,2026-09-10,中班,A,T3,1,158.6,185.3,249.3,219.1,95.0,,160,3.0,1.2,0,0.8,1
B202603014,2026-09-10,早班,B,T4,1,155.6,176.5,249.7,216.9,91.3,41.9,93,14.0,4.0,2,1.42,1
B202603015,2026-09-10,早班,B,T5,3,148.6,180.9,245.7,222.1,95.3,56.9,118,15.0,4.9,14,2.16,1
B202603016,2026-09-10,夜班,A,T3,3,150.1,183.5,249.6,217.6,99.9,50.8,198,10.0,2.4,2,0.57,1
B202603017,2026-09-10,中班,B,T4,2,152.5,192.8,247.0,217.9,95.1,46.9,231,14.0,4.8,6,2.08,1
B202603018,2026-09-10,早班,B,T4,1,157.6,183.3,244.1,207.9,82.7,46.5,92,2.0,4.9,45,2.27,0
B202603019,2026-09-10,中班,A,T5,3,158.8,177.7,237.2,222.9,94.8,46.1,165,2.0,1.0,38,3.21,0
B202603020,2026-09-10,夜班,D,T4,1,149.3,182.9,246.5,226.2,95.0,39.8,160,9.0,9.1,11,2.26,1
B202603021,2026-09-10,夜班,B,T3,5,156.5,177.2,247.8,220.0,89.1,52.5,110,8.0,3.9,17,0.6,1
B202603022,2026-09-10,早班,D,T4,5,160.1,181.2,247.3,218.1,94.5,42.3,141,6.0,11.7,4,2.15,1
B202603023,2026-09-10,中班,A,T4,2,151.5,186.6,243.2,218.2,97.1,48.3,139,14.0,2.9,0,0.05,1
B202603024,2026-09-10,夜班,C,T4,2,146.4,180.8,240.5,215.0,86.1,42.7,172,1.0,7.1,8,1.02,0
B202603025,2026-09-11,中班,D,T5,5,147.5,179.5,250.6,222.4,92.7,40.9,223,9.0,10.1,0,0.52,1
B202603026,2026-09-11,夜班,A,T4,1,156.1,180.6,242.4,213.8,87.9,56.0,89,,1.6,39,2.41,0
B202603027,2026-09-11,早班,C,T5,1,155.8,173.9,248.9,218.6,94.1,43.8,109,12.0,6.0,18,1.15,1
B202603028,2026-09-11,夜班,D,T4,4,153.1,180.1,240.4,217.7,89.9,39.6,230,4.0,10.4,8,2.81,0
B202603029,2026-09-11,早班,C,T3,1,161.1,182.3,242.0,221.7,96.1,51.5,112,6.0,6.5,6,2.56,0
B202603030,2026-09-11,中班,D,T5,4,145.3,186.8,239.2,215.4,91.6,50.5,204,9.0,9.8,16,0.87,0
B202603031,2026-09-11,早班,D,T4,1,,186.7,243.3,212.8,96.5,53.1,201,11.0,9.6,7,1.99,0
B202603032,2026-09-11,夜班,D,T3,2,155.3,182.2,238.7,221.6,100.0,50.0,242,10.0,11.7,16,4.5,0
B202603033,2026-09-11,中班,D,T4,1,155.4,189.7,243.7,219.4,96.4,49.3,222,5.0,10.7,13,1.77,1
B202603034,2026-09-11,夜班,A,T4,2,155.5,178.6,247.9,225.2,90.4,56.4,194,9.0,1.3,0,0.93,1
B202603035,2026-09-11,中班,C,T5,2,146.5,180.9,240.2,215.0,97.0,64.7,83,4.0,7.3,39,3.29,0
B202603036,2026-09-11,早班,D,T4,4,161.6,176.4,242.6,210.9,94.0,42.2,198,1.0,10.1,36,0.42,0
B202603037,2026-09-12,夜班,A,T5,5,140.9,180.6,247.4,224.1,86.3,58.3,160,8.0,1.1,17,1.86,0
B202603038,2026-09-12,中班,B,T4,3,160.3,184.7,250.1,218.8,94.1,52.7,238,9.0,3.5,4,1.91,1
B202603039,2026-09-12,中班,C,T3,4,154.3,181.1,244.1,218.0,101.7,49.5,127,,7.9,37,1.5,0
B202603040,2026-09-12,夜班,A,T5,2,166.5,179.5,237.2,217.9,100.7,45.5,166,4.0,1.7,24,3.21,0
B202603041,2026-09-12,夜班,A,T4,2,151.8,176.9,235.7,221.6,95.5,39.1,239,11.0,2.1,21,4.99,0
B202603042,2026-09-12,早班,A,T5,1,157.8,174.1,241.5,222.6,85.4,51.1,227,5.0,1.9,47,2.2,0
B202603043,2026-09-12,中班,B,T4,5,157.5,189.0,240.1,219.0,96.0,47.6,215,11.0,3.5,30,4.66,0
B202603044,2026-09-12,中班,D,T4,2,152.6,187.3,236.3,218.5,92.1,39.1,93,9.0,10.2,11,4.05,0
B202603045,2026-09-12,夜班,B,T4,5,152.7,191.6,250.2,222.8,94.2,47.6,104,6.0,3.5,15,0.22,1
B202603046,2026-09-12,早班,D,T5,1,160.6,173.1,247.3,225.1,94.6,52.1,220,,11.4,13,0.64,1
B202603047,2026-09-12,夜班,C,T4,4,159.6,195.9,248.7,224.4,93.5,51.1,119,3.0,8.0,14,1.17,1
B202603048,2026-09-12,早班,C,T4,4,159.3,181.3,248.3,212.6,90.6,44.2,112,12.0,7.3,6,1.42,1
B202603049,2026-09-13,中班,D,T3,1,161.2,189.3,245.9,219.1,96.2,45.7,212,4.0,11.5,5,0.98,1
B202603050,2026-09-13,中班,C,T4,4,152.0,187.9,242.7,217.7,95.5,54.5,223,3.0,6.7,7,1.01,1
B202603051,2026-09-13,早班,A,T5,2,150.6,189.9,247.4,223.9,93.7,50.4,124,8.0,2.8,22,1.31,1
B202603052,2026-09-13,早班,C,T4,2,143.2,191.3,237.4,220.2,91.2,44.9,146,,8.6,10,2.4,0
B202603053,2026-09-13,中班,C,T4,1,159.4,185.5,250.1,216.9,91.8,44.2,115,6.0,6.4,14,0.73,1
B202603054,2026-09-13,早班,B,T5,2,149.2,177.5,237.3,220.1,84.3,51.5,213,6.0,4.1,36,0.01,0
B202603055,2026-09-13,夜班,A,T4,5,153.2,174.4,247.5,223.7,98.8,53.4,154,5.0,2.9,15,1.59,1
B202603056,2026-09-13,夜班,B,T4,4,154.4,183.6,251.6,219.5,97.3,44.4,198,3.0,4.9,9,0.83,1
B202603057,2026-09-13,早班,C,T4,4,155.3,186.8,247.5,223.3,95.2,46.6,149,11.0,7.7,1,1.6,1
B202603058,2026-09-13,夜班,D,T5,3,150.8,178.7,238.1,223.6,83.4,49.7,127,10.0,10.2,26,2.87,0
B202603059,2026-09-13,早班,C,T4,1,146.4,184.1,250.0,219.9,93.9,56.9,214,12.0,6.4,9,1.65,1
B202603060,2026-09-13,夜班,D,T5,5,150.8,177.4,241.5,215.6,94.6,53.0,145,4.0,11.3,11,3.35,0
B202603061,2026-09-14,夜班,A,T5,1,160.2,174.6,245.1,222.8,95.0,65.4,149,7.0,0.9,22,1.88,0
B202603062,2026-09-14,早班,C,T5,5,155.2,180.7,246.1,223.0,95.9,45.2,228,13.0,6.8,14,0.26,1
B202603063,2026-09-14,夜班,C,T5,2,142.4,181.6,,219.9,83.8,39.5,200,4.0,7.5,34,3.79,0
B202603064,2026-09-14,夜班,C,T4,1,153.3,186.8,247.4,217.7,99.2,42.7,228,10.0,8.5,8,1.29,1
B202603065,2026-09-14,早班,D,T4,2,154.6,191.6,253.2,221.7,95.0,43.0,187,10.0,11.6,19,0.56,1
B202603066,2026-09-14,夜班,C,T3,4,154.3,183.2,242.7,218.1,92.8,42.4,198,5.0,8.0,26,3.37,0
B202603067,2026-09-14,早班,B,T4,4,155.3,182.4,247.9,218.4,92.0,45.7,95,15.0,3.3,13,0.79,1
B202603068,2026-09-14,早班,C,T5,1,150.2,183.8,245.2,217.8,95.4,40.8,110,12.0,8.6,6,0.94,1
B202603069,2026-09-14,早班,D,T4,2,149.0,180.2,243.5,220.3,92.3,34.8,203,,10.4,29,1.2,0
B202603070,2026-09-14,早班,D,T3,2,153.1,189.6,244.5,223.1,92.7,44.3,120,12.0,11.7,10,0.48,1
B202603071,2026-09-14,早班,B,T5,2,157.3,181.9,248.3,,101.0,48.9,115,5.0,5.0,10,0.43,1
B202603072,2026-09-14,早班,A,T5,1,158.1,185.1,249.0,220.8,90.6,41.6,90,14.0,1.7,1,1.78,1
B202603073,2026-09-15,中班,A,T4,1,152.9,183.8,248.2,220.3,91.0,48.9,182,3.0,2.5,18,0.11,1
B202603074,2026-09-15,夜班,C,T4,3,153.5,180.4,248.1,218.4,95.0,39.8,112,3.0,8.7,11,0.97,1
B202603075,2026-09-15,中班,B,T5,1,161.4,183.3,237.0,217.6,89.6,68.5,158,9.0,4.1,30,1.66,0
B202603076,2026-09-15,夜班,A,T4,2,,183.7,250.2,219.6,100.1,43.9,134,13.0,2.6,16,0.55,1
B202603077,2026-09-15,中班,C,T4,3,157.6,184.9,252.5,218.5,92.0,43.8,125,11.0,6.3,21,1.24,1
B202603078,2026-09-15,早班,B,T4,4,153.6,186.6,249.6,222.5,91.9,45.8,233,6.0,5.5,19,1.12,1
B202603079,2026-09-15,夜班,D,T4,2,153.9,195.4,243.6,224.0,92.1,39.2,134,11.0,11.0,10,0.69,1
B202603080,2026-09-15,中班,B,T4,3,165.0,179.2,249.9,218.8,95.7,49.6,226,8.0,4.2,10,1.66,1
B202603081,2026-09-15,早班,A,T4,2,156.1,177.8,248.5,217.2,96.6,46.2,87,14.0,0.9,19,1.5,1
B202603082,2026-09-15,中班,A,T5,4,158.3,182.3,247.5,224.5,91.7,43.2,187,7.0,2.5,5,0.72,1
B202603083,2026-09-15,中班,C,T5,1,155.5,183.3,247.8,223.7,97.4,40.9,210,11.0,7.4,23,1.27,0
B202603084,2026-09-15,夜班,C,T4,2,154.5,190.2,245.6,219.6,92.8,39.1,106,7.0,7.9,23,0.82,1
B202603085,2026-09-16,夜班,A,T4,2,158.2,184.6,241.9,218.6,96.5,38.6,147,9.0,2.6,18,1.87,1
B202603086,2026-09-16,早班,B,T4,5,155.6,180.9,247.9,222.1,91.4,42.1,94,5.0,3.4,6,1.46,1
B202603087,2026-09-16,夜班,C,T4,2,155.1,168.4,241.0,219.7,87.1,,248,10.0,8.8,49,3.64,0
B202603088,2026-09-16,中班,D,T5,2,152.0,176.6,239.3,220.7,96.6,58.8,229,7.0,11.3,36,2.86,0
B202603089,2026-09-16,早班,A,T3,1,160.9,178.2,250.4,218.8,94.4,50.6,123,8.0,1.8,22,1.23,1
B202603090,2026-09-16,夜班,D,T4,2,151.1,184.3,247.6,219.5,92.4,49.2,248,12.0,9.1,12,1.24,1
B202603091,2026-09-16,早班,A,T4,2,155.3,183.9,,215.9,91.4,42.4,148,4.0,1.0,9,1.35,0
B202603092,2026-09-16,中班,B,T4,2,156.8,184.0,249.4,222.5,92.8,,211,7.0,5.7,18,1.34,1
B202603093,2026-09-16,夜班,C,T4,1,157.1,182.6,249.7,218.7,95.9,36.7,146,15.0,6.5,9,1.83,1
B202603094,2026-09-16,夜班,D,T4,1,158.1,175.1,251.3,218.5,92.2,30.6,112,5.0,11.0,10,1.62,1
B202603095,2026-09-16,中班,C,T4,1,157.2,187.9,246.4,217.3,94.1,45.7,134,8.0,7.5,17,1.59,1
B202603096,2026-09-16,夜班,D,T5,4,156.2,182.0,250.0,219.3,90.3,52.7,200,7.0,11.0,23,0.84,1
B202603097,2026-09-17,夜班,A,T5,2,151.1,,250.5,219.5,90.2,43.5,101,12.0,2.4,23,1.36,1
B202603098,2026-09-17,夜班,B,T4,2,156.3,185.2,248.9,220.0,97.0,43.1,89,12.0,5.8,21,1.89,1
B202603099,2026-09-17,早班,D,T3,1,149.2,186.0,244.5,220.8,91.6,48.7,183,6.0,9.5,18,0.93,1
B202603100,2026-09-17,夜班,B,,1,153.9,188.1,245.9,223.4,88.5,51.1,189,3.0,3.5,13,1.5,1
B202603101,2026-09-17,早班,A,T4,1,155.7,182.7,244.8,225.4,97.2,53.9,95,6.0,1.3,2,1.16,1
B202603102,2026-09-17,夜班,B,T5,1,156.3,185.0,244.0,221.9,94.4,68.8,173,11.0,3.8,31,2.71,0
B202603103,2026-09-17,早班,A,T4,1,156.5,194.1,247.3,219.8,106.8,46.9,247,4.0,0.8,11,1.08,0
B202603104,2026-09-17,夜班,B,T4,4,149.9,184.8,247.7,219.3,95.9,46.1,99,15.0,5.4,9,0.79,1
B202603105,2026-09-17,早班,C,T4,3,148.7,183.3,236.6,219.9,97.9,59.3,179,1.0,8.5,32,2.35,0
B202603106,2026-09-17,中班,D,T5,2,156.6,179.7,246.5,217.8,99.5,48.9,169,4.0,10.9,12,2.01,1
B202603107,2026-09-17,中班,A,T3,3,156.9,194.0,252.9,,93.4,47.4,204,7.0,0.6,14,1.84,1
B202603108,2026-09-17,早班,C,T4,4,157.3,184.9,243.7,221.6,98.2,54.1,234,10.0,8.9,5,0.61,1
B202603109,2026-09-18,中班,D,T4,3,154.1,179.7,251.6,220.7,94.4,44.9,215,6.0,9.8,2,0.09,1
B202603110,2026-09-18,早班,D,T5,2,150.3,181.2,250.2,216.4,99.2,51.8,140,4.0,10.8,9,0.88,1
B202603111,2026-09-18,中班,B,T3,2,151.9,184.2,240.1,218.3,84.9,37.2,226,1.0,5.3,6,3.76,0
B202603112,2026-09-18,夜班,B,T5,5,153.3,180.7,248.3,220.1,97.4,36.8,176,10.0,3.8,2,1.14,1
B202603113,2026-09-18,夜班,C,T4,1,149.1,185.4,237.9,223.2,93.0,37.2,148,2.0,8.3,38,2.79,0
B202603114,2026-09-18,早班,D,T4,1,150.8,179.9,244.1,214.5,85.0,47.5,233,11.0,11.8,39,3.84,0
B202603115,2026-09-18,夜班,B,T4,2,149.3,186.7,243.1,223.4,92.2,40.6,249,5.0,5.9,46,3.18,0
B202603116,2026-09-18,中班,D,T3,5,158.7,185.9,245.3,222.1,92.5,40.4,242,8.0,10.3,5,1.61,1
B202603117,2026-09-18,早班,D,T4,4,149.7,,244.9,219.5,95.7,46.4,187,12.0,11.2,2,1.25,1
B202603118,2026-09-18,夜班,D,T4,3,158.5,181.8,250.5,211.2,101.9,45.0,134,1.0,9.9,25,1.44,0
B202603119,2026-09-18,夜班,C,T3,2,163.2,182.9,246.6,221.4,84.1,53.3,224,10.0,7.4,20,1.34,0
B202603120,2026-09-18,中班,A,T4,5,157.2,191.9,247.2,219.1,97.2,39.5,128,6.0,2.9,8,1.13,1
B202603121,2026-09-19,早班,C,T5,4,154.0,186.3,251.4,213.4,96.6,50.2,248,6.0,8.9,8,1.38,1
B202603122,2026-09-19,夜班,D,T3,4,156.5,178.9,242.9,223.8,89.2,49.4,178,5.0,10.2,48,2.57,0
B202603123,2026-09-19,中班,B,T4,4,150.6,188.6,,219.9,90.3,45.0,131,4.0,5.7,16,1.62,1
B202603124,2026-09-19,中班,A,T4,2,153.0,172.2,251.0,220.3,97.6,53.3,96,10.0,1.5,3,2.23,1
B202603125,2026-09-19,中班,B,T3,4,154.7,183.9,244.7,215.1,87.3,55.0,201,7.0,3.7,15,1.59,0
B202603126,2026-09-19,早班,A,T5,1,152.5,184.7,247.6,216.2,95.3,51.7,200,11.0,1.8,12,1.44,1
B202603127,2026-09-19,中班,A,T4,4,155.2,192.2,250.9,219.0,93.6,39.7,130,7.0,2.2,9,0.57,1
B202603128,2026-09-19,夜班,D,T3,1,151.2,181.3,238.2,218.9,87.5,49.5,212,10.0,10.2,17,2.87,0
B202603129,2026-09-19,夜班,A,T3,3,154.9,181.4,241.2,211.7,89.4,46.4,126,9.0,1.7,10,2.63,0
B202603130,2026-09-19,早班,C,T4,2,155.6,184.7,247.5,225.3,89.3,44.0,227,7.0,8.6,24,0.88,1
B202603131,2026-09-19,夜班,D,T3,4,155.8,190.4,240.4,207.9,85.7,,191,3.0,10.0,39,2.16,0
B202603132,2026-09-19,中班,B,T3,2,154.4,178.5,248.5,218.2,95.8,44.0,223,4.0,4.5,6,0.1,1
B202603133,2026-09-20,早班,D,T4,3,151.9,175.8,246.5,217.7,90.1,38.5,246,10.0,11.7,30,2.19,0
B202603134,2026-09-20,中班,B,T3,2,157.2,181.8,251.3,226.8,96.0,38.6,131,8.0,3.1,7,1.16,1
B202603135,2026-09-20,早班,C,T5,3,155.7,184.8,252.0,217.3,93.8,42.3,232,10.0,8.4,3,0.55,1
B202603136,2026-09-20,早班,A,T5,1,151.7,176.0,251.5,221.4,99.2,43.4,204,6.0,1.2,14,1.22,1
B202603137,2026-09-20,夜班,A,T5,2,153.7,186.5,250.5,216.4,92.0,41.7,105,10.0,1.2,23,2.09,1
B202603138,2026-09-20,夜班,C,T5,1,153.5,185.5,251.4,214.8,90.0,40.4,187,6.0,7.1,23,0.91,1
B202603139,2026-09-20,早班,B,T5,4,153.0,183.4,253.5,222.9,97.8,51.3,194,15.0,5.8,16,1.73,1
B202603140,2026-09-20,夜班,A,T4,3,155.3,182.2,248.0,222.5,91.6,46.6,169,7.0,2.7,6,1.02,1
B202603141,2026-09-20,中班,B,T4,2,,175.5,246.1,217.8,94.0,53.1,231,10.0,5.9,9,2.31,0
B202603142,2026-09-20,中班,A,T3,1,155.6,186.2,247.6,215.1,95.1,50.2,204,5.0,2.7,3,1.85,1
B202603143,2026-09-20,中班,A,T4,2,147.2,180.7,249.5,221.6,96.6,55.9,100,6.0,0.8,3,0.79,1
B202603144,2026-09-20,夜班,C,T4,1,152.5,178.8,249.5,222.6,94.4,48.8,227,14.0,8.5,10,0.47,1
B202603145,2026-09-21,夜班,D,T4,3,156.9,179.7,247.1,217.3,100.9,29.9,226,10.0,9.5,35,2.69,0
B202603146,2026-09-21,早班,A,T5,1,155.3,186.2,246.2,220.6,96.9,48.6,93,,1.0,5,0.08,1
B202603147,2026-09-21,早班,B,T5,4,152.7,185.3,245.7,219.7,97.6,49.7,170,13.0,5.6,13,1.33,1
B202603148,2026-09-21,中班,D,T4,1,158.5,181.6,239.8,219.7,89.6,43.3,188,7.0,10.7,35,5.71,0
B202603149,2026-09-21,早班,D,T3,5,153.7,181.3,247.0,219.2,96.0,43.2,112,14.0,11.1,19,1.11,1
B202603150,2026-09-21,早班,D,T3,1,159.2,186.8,241.9,217.1,90.0,40.9,149,11.0,11.5,37,3.97,0
B202603151,2026-09-21,中班,A,T3,4,156.0,185.2,238.8,217.3,85.4,51.8,209,10.0,2.4,45,2.11,0
B202603152,2026-09-21,夜班,C,T4,2,150.9,179.6,,220.4,97.0,48.2,80,11.0,8.1,9,0.83,1
B202603153,2026-09-21,早班,C,T3,3,148.6,190.9,238.6,216.9,100.8,49.1,150,10.0,7.5,47,1.25,0
B202603154,2026-09-21,早班,B,T4,1,157.8,184.2,249.4,221.7,97.8,38.3,142,14.0,4.5,16,0.82,1
B202603155,2026-09-21,中班,D,T3,2,165.4,179.5,245.7,213.8,89.9,56.8,221,,11.3,14,4.79,0
B202603156,2026-09-21,早班,D,T5,1,147.6,187.4,243.6,222.9,99.1,46.3,143,10.0,11.9,22,5.33,0
B202603157,2026-09-22,夜班,D,T5,1,140.6,177.1,246.7,216.3,87.0,47.9,116,5.0,9.9,17,2.62,0
B202603158,2026-09-22,夜班,D,T3,3,154.1,190.1,245.0,223.7,91.7,38.0,186,10.0,11.5,0,1.24,1
B202603159,2026-09-22,中班,C,T4,5,150.0,187.1,250.8,223.2,94.7,43.6,159,10.0,8.3,24,0.85,1
B202603160,2026-09-22,中班,A,T5,1,148.7,190.2,244.6,213.5,91.9,63.8,159,4.0,2.0,37,3.36,0
B202603161,2026-09-22,中班,A,T4,1,161.3,189.7,243.1,218.8,92.4,40.6,227,5.0,2.9,10,0.53,1
B202603162,2026-09-22,早班,D,T5,3,154.7,183.9,247.5,219.6,97.2,48.3,116,3.0,10.4,18,1.01,1
B202603163,2026-09-22,中班,D,T4,1,154.3,177.5,247.6,216.0,93.4,46.8,192,5.0,10.0,17,1.67,1
B202603164,2026-09-22,中班,C,T4,1,155.4,169.7,244.4,215.3,96.4,49.0,99,7.0,8.4,38,1.71,0
B202603165,2026-09-22,中班,C,T4,2,158.1,178.7,248.5,222.8,95.1,44.5,198,,7.5,5,1.43,1
B202603166,2026-09-22,中班,C,T4,1,157.2,184.0,251.6,218.4,91.0,47.8,159,,7.0,20,0.04,1
B202603167,2026-09-22,早班,A,T4,2,155.1,186.3,248.7,219.1,93.7,43.2,144,8.0,1.3,24,0.76,1
B202603168,2026-09-22,中班,B,T4,5,151.4,184.5,247.7,217.9,99.1,43.6,184,10.0,5.3,9,1.62,1
B202603169,2026-09-23,早班,A,T4,3,157.9,186.8,248.4,217.7,95.5,42.7,91,10.0,0.5,0,1.27,1
B202603170,2026-09-23,夜班,A,T3,5,155.4,183.5,243.4,217.9,84.1,70.5,163,5.0,1.4,6,2.5,0
B202603171,2026-09-23,中班,A,T4,4,153.0,180.4,,224.2,97.0,47.2,89,6.0,1.7,16,1.06,1
B202603172,2026-09-23,早班,C,T4,1,158.4,187.9,250.6,219.6,95.5,43.8,130,6.0,8.9,21,1.55,1
B202603173,2026-09-23,早班,D,T4,1,146.2,182.8,242.6,220.9,85.4,61.0,202,,11.8,38,3.32,0
B202603174,2026-09-23,夜班,C,T5,2,160.3,183.3,243.9,222.1,95.3,,124,8.0,7.7,4,0.24,1
B202603175,2026-09-23,夜班,B,T5,3,158.8,192.1,250.2,,93.1,,98,11.0,5.8,9,1.66,1
B202603176,2026-09-23,早班,C,T3,4,148.0,191.3,241.9,215.0,92.0,32.4,239,,7.7,44,3.97,0
B202603177,2026-09-23,早班,D,T4,5,154.2,177.6,235.1,215.9,89.1,61.2,141,5.0,9.1,9,1.15,0
B202603178,2026-09-23,夜班,A,T5,1,148.3,187.0,244.9,220.1,95.5,45.3,124,13.0,1.6,17,0.93,1
B202603179,2026-09-23,中班,D,T5,1,148.9,186.5,248.0,224.3,98.0,34.2,95,10.0,11.2,17,1.48,1
B202603180,2026-09-23,早班,A,T3,1,152.3,188.6,249.6,219.6,99.4,47.3,200,3.0,2.1,0,0.78,1
B202603181,2026-09-24,中班,A,T3,3,150.5,,248.9,227.2,95.3,50.5,230,11.0,2.7,8,0.07,1
B202603182,2026-09-24,中班,A,T3,2,154.7,181.3,248.1,222.2,95.1,47.3,218,14.0,1.1,23,1.54,1
B202603183,2026-09-24,早班,A,T4,3,162.9,187.7,249.7,223.7,90.3,48.1,123,15.0,1.4,13,1.87,1
B202603184,2026-09-24,中班,C,T4,3,154.2,182.8,246.6,218.5,94.0,47.4,122,13.0,7.7,13,1.22,1
B202603185,2026-09-24,夜班,B,T5,1,157.2,181.9,242.7,215.7,96.1,48.3,249,6.0,3.7,20,3.3,0
B202603186,2026-09-24,早班,B,T4,3,152.0,182.9,243.3,215.4,91.0,65.8,95,3.0,5.0,46,2.87,0
B202603187,2026-09-24,夜班,D,T4,2,153.7,182.2,245.5,219.4,86.5,49.8,237,3.0,9.3,40,3.41,0
B202603188,2026-09-24,早班,A,T4,1,152.8,182.7,247.0,219.9,92.1,48.0,232,9.0,2.3,39,5.37,0
B202603189,2026-09-24,中班,B,T4,2,147.8,179.9,241.9,213.5,95.6,53.2,182,7.0,5.5,32,5.09,0
B202603190,2026-09-24,夜班,C,T5,2,151.5,177.7,241.0,224.7,89.9,52.2,148,1.0,7.1,12,2.1,0
B202603191,2026-09-24,早班,A,T5,4,149.7,187.3,242.7,217.2,87.7,34.4,209,4.0,1.2,44,3.32,0
B202603192,2026-09-24,早班,D,T4,3,153.5,188.0,249.9,221.3,95.0,33.4,248,9.0,11.2,16,1.91,1
B202603193,2026-09-25,夜班,B,T5,4,154.9,193.7,250.0,217.1,95.4,42.3,236,5.0,5.3,21,1.95,1
B202603194,2026-09-25,早班,D,T4,2,155.3,179.3,237.8,218.5,85.5,60.9,134,,10.4,44,3.93,0
B202603195,2026-09-25,夜班,C,T4,2,156.4,181.4,245.2,224.1,84.1,48.0,206,1.0,7.1,43,3.83,0
B202603196,2026-09-25,早班,D,T5,4,153.8,181.5,246.9,221.1,96.9,45.2,165,8.0,9.4,10,1.2,1
B202603197,2026-09-25,早班,D,T4,1,155.8,172.9,246.4,210.9,86.7,42.9,138,10.0,10.2,31,3.05,0
B202603198,2026-09-25,夜班,C,T3,1,154.1,181.7,249.3,222.9,91.0,48.7,148,4.0,7.0,14,0.72,1
B202603199,2026-09-25,早班,A,T4,2,151.9,173.6,239.6,213.2,89.5,52.1,107,4.0,1.6,10,2.6,0
B202603200,2026-09-25,中班,A,T4,4,154.6,190.9,242.5,222.6,91.1,44.7,205,8.0,2.5,21,2.01,1
B202603201,2026-09-25,中班,B,T4,2,160.0,194.8,248.2,214.5,98.2,50.2,194,14.0,3.4,9,1.64,1
B202603202,2026-09-25,夜班,C,T4,5,148.6,182.1,238.5,214.6,89.4,37.1,196,8.0,8.7,7,3.38,0
B202603203,2026-09-25,中班,D,T4,2,158.0,179.4,249.0,218.5,95.9,45.3,206,5.0,11.2,8,0.77,1
B202603204,2026-09-25,早班,D,T4,3,147.8,184.7,241.7,214.8,99.5,57.3,203,7.0,12.0,39,1.3,0
B202603205,2026-09-26,早班,B,T4,1,154.7,186.8,246.6,217.7,97.4,45.1,240,9.0,3.3,21,0.23,1
B202603206,2026-09-26,中班,C,T4,2,148.1,194.9,241.3,209.1,87.0,53.0,203,1.0,6.8,22,0.88,0
B202603207,2026-09-26,中班,A,T4,1,148.1,187.6,249.1,,90.7,42.6,172,3.0,0.6,10,1.24,1
B202603208,2026-09-26,中班,A,T3,2,150.8,184.4,253.8,216.4,97.5,54.7,209,3.0,3.0,20,1.28,1
B202603209,2026-09-26,早班,C,T4,3,152.7,183.3,248.0,220.8,93.9,37.4,212,6.0,7.2,4,0.59,1
B202603210,2026-09-26,夜班,D,T4,2,155.2,183.4,247.4,216.4,96.7,52.0,134,11.0,9.7,6,0.4,1
B202603211,2026-09-26,早班,C,T5,1,150.5,192.5,239.8,,88.7,46.1,123,4.0,6.6,9,1.69,0
B202603212,2026-09-26,中班,C,T3,1,156.7,182.9,238.6,218.5,86.4,53.0,82,1.0,6.9,38,2.05,0
B202603213,2026-09-26,夜班,C,T5,2,156.0,194.7,250.2,221.6,97.4,44.1,133,5.0,8.7,23,0.88,1
B202603214,2026-09-26,中班,D,T5,1,155.5,181.2,246.6,219.3,95.6,45.6,166,9.0,10.1,18,1.54,1
B202603215,2026-09-26,夜班,B,T4,3,148.8,190.6,240.6,217.5,96.9,44.6,235,10.0,5.9,3,0.65,1
B202603216,2026-09-26,夜班,C,T4,1,145.1,184.8,238.2,213.1,86.6,50.7,230,8.0,6.2,8,2.59,0
B202603217,2026-09-27,早班,A,T4,1,162.3,193.9,255.6,221.0,97.4,46.7,101,12.0,2.0,10,0.02,1
B202603218,2026-09-27,中班,B,T4,3,150.3,183.5,239.1,216.8,92.2,41.1,212,10.0,5.6,43,2.37,0
B202603219,2026-09-27,中班,B,T4,5,158.8,183.4,249.3,213.5,102.5,42.1,146,11.0,3.4,19,2.02,1
B202603220,2026-09-27,中班,D,T4,5,155.5,182.8,242.2,223.1,86.8,38.0,118,2.0,11.2,49,2.98,0
B202603221,2026-09-27,中班,D,T3,2,159.1,,245.1,218.9,97.4,60.1,82,5.0,9.8,38,3.96,0
B202603222,2026-09-27,夜班,B,T5,1,149.8,185.5,254.5,213.6,98.1,50.2,227,7.0,3.7,6,0.34,1
B202603223,2026-09-27,早班,B,T4,2,158.3,184.9,248.3,219.6,96.0,41.4,135,14.0,5.1,21,0.73,1
B202603224,2026-09-27,中班,D,T4,1,161.2,184.3,247.9,226.7,95.0,42.4,96,15.0,10.1,19,1.31,1
B202603225,2026-09-27,中班,D,T4,1,161.5,184.3,240.5,219.7,93.7,53.7,97,8.0,9.9,6,2.2,0
B202603226,2026-09-27,早班,B,T3,4,150.2,189.8,246.2,221.2,95.2,57.8,171,10.0,5.4,3,0.37,1
B202603227,2026-09-27,夜班,A,T4,5,161.8,181.4,246.4,217.0,97.0,46.8,110,11.0,0.5,0,0.91,1
B202603228,2026-09-27,中班,D,T5,1,152.9,182.1,241.9,217.3,85.3,51.9,131,2.0,10.0,21,2.91,0
B202603229,2026-09-28,中班,A,T5,3,163.3,183.8,245.8,215.2,98.0,49.7,190,12.0,1.8,24,0.01,1
B202603230,2026-09-28,夜班,B,T4,4,151.7,191.5,236.1,223.7,93.4,67.7,115,9.0,3.2,17,2.97,0
B202603231,2026-09-28,早班,D,T4,2,160.3,181.3,247.2,217.6,95.6,53.4,107,8.0,10.7,1,0.57,1
B202603232,2026-09-28,夜班,D,T3,2,154.7,182.9,242.2,217.7,95.1,41.7,200,10.0,10.7,22,1.85,0
B202603233,2026-09-28,夜班,B,T5,1,152.7,178.3,239.3,213.4,93.9,54.7,124,11.0,3.6,19,3.57,0
B202603234,2026-09-28,中班,B,T4,2,159.6,181.5,249.1,222.8,93.1,41.0,188,11.0,5.7,8,0.95,1
B202603235,2026-09-28,夜班,B,T5,2,147.3,177.3,240.2,214.4,97.1,41.5,200,10.0,3.6,31,2.65,0
B202603236,2026-09-28,早班,D,T4,3,,175.2,245.9,215.7,92.2,48.5,154,1.0,11.7,15,3.75,0
B202603237,2026-09-28,夜班,B,T5,3,156.3,179.5,248.9,220.1,97.0,47.6,124,13.0,4.6,21,2.01,1
B202603238,2026-09-28,早班,B,T5,5,159.7,183.2,246.0,223.5,92.1,42.6,96,15.0,3.7,14,0.89,1
B202603239,2026-09-28,夜班,B,T5,1,149.1,175.8,239.8,218.6,93.8,53.3,198,3.0,3.8,22,2.2,0
B202603240,2026-09-28,早班,B,T5,3,152.1,190.5,242.0,221.4,94.5,44.5,237,6.0,6.0,15,1.21,1
B202603241,2026-09-29,早班,A,T4,3,153.8,193.3,252.5,220.3,91.6,49.8,185,14.0,1.8,10,1.37,1
B202603242,2026-09-29,早班,A,T3,4,158.0,183.6,246.2,214.1,93.7,47.4,209,14.0,1.9,12,0.63,1
B202603243,2026-09-29,中班,C,T4,1,154.0,180.0,248.3,225.8,91.0,,117,,6.4,7,1.01,1
B202603244,2026-09-29,夜班,C,T3,2,155.3,182.8,247.3,219.6,102.1,38.2,131,3.0,6.5,3,2.57,1
B202603245,2026-09-29,早班,B,T5,1,150.5,186.7,246.7,221.5,93.6,45.0,184,6.0,3.4,14,0.86,1
B202603246,2026-09-29,夜班,B,T4,3,155.4,189.2,,217.7,100.3,52.4,116,15.0,5.4,1,1.31,1
B202603247,2026-09-29,中班,C,T5,2,151.5,175.0,241.4,216.3,81.9,50.4,164,,6.1,35,2.08,0
B202603248,2026-09-29,夜班,C,T3,2,151.6,190.1,239.6,218.2,91.4,65.9,222,2.0,8.1,20,3.39,0
B202603249,2026-09-29,中班,B,T4,3,154.9,190.9,250.5,217.9,92.5,36.2,153,4.0,4.2,13,1.45,1
B202603250,2026-09-29,早班,B,T4,2,157.7,182.8,243.8,215.6,92.2,42.5,105,6.0,3.7,6,2.92,0
B202603251,2026-09-29,夜班,D,T3,2,155.0,174.1,247.5,224.4,94.1,46.3,191,8.0,10.0,24,0.16,1
B202603252,2026-09-29,夜班,A,T4,1,160.1,183.0,244.3,223.9,94.9,43.3,91,6.0,1.3,1,2.28,1
B202603253,2026-09-30,中班,C,T3,2,150.9,184.6,249.6,221.3,94.8,58.9,169,10.0,6.5,1,1.65,1
B202603254,2026-09-30,中班,C,T5,5,150.5,178.4,249.1,220.4,93.2,46.8,138,13.0,7.5,18,1.15,1
B202603255,2026-09-30,早班,C,T4,1,152.8,184.8,249.2,221.0,100.6,52.7,81,9.0,6.2,2,0.18,1
B202603256,2026-09-30,夜班,B,T4,4,156.6,197.2,249.1,216.4,96.6,44.2,169,13.0,5.4,19,0.43,1
B202603257,2026-09-30,夜班,A,T3,2,150.2,187.6,249.4,223.0,90.7,47.6,181,9.0,0.8,24,0.93,1
B202603258,2026-09-30,早班,C,T4,4,157.6,173.5,245.8,,93.0,43.9,153,9.0,8.9,24,1.18,1
B202603259,2026-09-30,夜班,B,T5,2,161.0,177.9,242.2,219.0,84.0,51.8,199,5.0,5.1,6,3.88,0
B202603260,2026-09-30,早班,B,T4,5,157.7,181.9,240.4,218.2,93.5,49.4,143,,3.8,49,2.01,0
B202603261,2026-09-30,夜班,C,T5,2,152.9,190.2,244.7,212.7,92.5,37.6,245,5.0,6.8,10,0.91,1
B202603262,2026-09-30,早班,D,T5,1,157.0,184.8,246.1,222.9,93.8,46.0,205,11.0,11.2,10,1.88,1
B202603263,2026-09-30,中班,D,T5,1,157.2,183.7,246.1,220.8,94.0,,84,7.0,9.8,17,0.77,1
B202603264,2026-09-30,中班,C,T4,4,152.3,187.6,247.7,223.6,94.1,46.5,138,11.0,7.0,15,1.38,1
B202603265,2026-10-01,早班,B,T3,1,166.9,184.4,249.2,214.8,98.0,46.1,116,5.0,5.8,16,1.06,1
B202603266,2026-10-01,中班,C,T4,1,158.0,188.5,248.2,215.1,96.0,38.6,189,9.0,8.3,5,0.88,1
B202603267,2026-10-01,夜班,B,T5,2,154.7,179.7,241.8,224.1,90.8,58.0,238,9.0,4.5,24,1.88,0
B202603268,2026-10-01,夜班,B,T4,2,158.8,190.6,247.4,219.4,97.2,43.5,192,4.0,3.8,4,1.23,1
B202603269,2026-10-01,夜班,B,T5,3,151.6,186.5,251.4,221.7,97.2,48.6,204,,3.4,2,0.81,1
B202603270,2026-10-01,夜班,C,T5,1,158.0,190.4,237.8,220.9,93.3,43.4,196,3.0,7.3,10,3.33,0
B202603271,2026-10-01,夜班,B,T4,2,157.1,190.0,247.3,219.2,94.3,45.6,195,7.0,4.6,1,0.98,1
B202603272,2026-10-01,中班,B,T5,1,156.5,182.6,237.3,215.3,87.4,64.0,140,3.0,3.8,38,3.07,0
B202603273,2026-10-01,夜班,C,T4,4,155.8,186.6,246.6,220.9,92.0,47.4,250,10.0,6.4,7,0.15,1
B202603274,2026-10-01,早班,B,T5,2,157.0,197.1,245.5,222.5,93.0,39.6,101,12.0,5.5,0,0.43,1
B202603275,2026-10-01,中班,A,T3,3,156.4,192.1,247.8,220.8,98.0,53.3,83,8.0,0.5,5,1.41,1
B202603276,2026-10-01,夜班,D,T5,3,149.6,189.2,241.9,218.6,88.8,48.4,84,9.0,9.9,35,1.66,0
B202603277,2026-10-02,夜班,B,T4,2,151.1,184.9,245.5,,94.4,45.6,237,6.0,4.3,21,0.99,1
B202603278,2026-10-02,夜班,A,T4,4,149.3,190.2,249.0,222.3,95.7,44.2,249,13.0,1.9,24,1.58,1
B202603279,2026-10-02,中班,B,T5,4,161.2,183.7,255.7,220.0,98.3,53.2,240,11.0,3.8,3,1.15,1
B202603280,2026-10-02,中班,B,T5,2,155.7,,246.2,223.5,98.9,51.0,208,12.0,3.6,4,0.12,1
B202603281,2026-10-02,早班,C,T5,5,150.6,179.2,246.0,216.6,98.6,42.0,147,9.0,8.6,6,2.74,0
B202603282,2026-10-02,早班,C,T3,1,153.8,187.1,247.1,219.8,95.5,44.3,171,3.0,8.1,6,2.36,1
B202603283,2026-10-02,中班,D,T5,2,155.8,179.1,249.1,219.2,95.5,39.8,165,14.0,9.4,2,1.37,1
B202603284,2026-10-02,中班,C,T4,2,143.9,173.7,238.8,218.7,93.5,,179,9.0,6.2,21,0.5,0
B202603285,2026-10-02,中班,D,T4,1,156.5,189.0,240.1,219.9,88.0,58.8,103,9.0,10.9,5,2.06,0
B202603286,2026-10-02,早班,A,T3,5,156.9,185.0,248.3,223.2,95.8,51.9,182,10.0,2.6,15,1.55,1
B202603287,2026-10-02,夜班,C,T4,1,157.4,181.4,244.2,222.7,101.5,,165,10.0,6.2,11,3.65,0
B202603288,2026-10-02,中班,A,T4,3,152.7,183.9,248.7,221.2,97.5,51.8,202,15.0,1.6,6,1.02,1
B202603289,2026-10-03,夜班,B,T5,3,167.3,186.9,245.0,218.2,84.3,33.0,217,10.0,5.5,8,2.79,0
B202603290,2026-10-03,中班,A,T4,5,156.6,192.0,,218.3,94.1,49.3,239,15.0,1.2,16,2.28,1
B202603291,2026-10-03,中班,C,T4,2,158.0,191.4,249.7,225.2,91.8,40.1,229,12.0,7.5,18,0.59,1
B202603292,2026-10-03,中班,B,T5,1,153.9,190.1,248.0,217.7,95.7,42.7,144,4.0,5.3,17,0.73,1
B202603293,2026-10-03,早班,A,T4,2,136.7,,242.8,220.2,97.0,56.2,108,9.0,1.6,49,2.82,0
B202603294,2026-10-03,中班,C,T3,1,148.1,182.7,241.7,225.7,93.5,48.6,81,6.0,6.8,8,3.92,0
B202603295,2026-10-03,早班,A,T4,3,158.5,180.4,248.6,220.4,92.4,46.8,136,5.0,2.3,1,1.57,1
B202603296,2026-10-03,夜班,D,T4,1,158.9,182.1,250.8,221.2,93.6,50.2,248,7.0,9.2,13,0.51,1
B202603297,2026-10-03,早班,C,T3,3,155.3,187.8,242.9,222.7,86.9,46.1,140,4.0,7.3,45,3.79,0
B202603298,2026-10-03,夜班,D,T5,1,153.1,190.4,246.9,210.9,89.0,51.8,160,7.0,10.5,14,2.58,0
B202603299,2026-10-03,中班,B,T4,1,159.6,191.3,248.3,218.8,100.0,44.7,170,7.0,4.4,1,1.25,1
B202603300,2026-10-03,中班,D,T5,2,154.5,190.1,249.6,220.9,96.0,45.2,146,9.0,9.4,13,0.75,1
B202603301,2026-10-04,中班,A,T3,3,157.0,176.9,247.7,219.1,89.5,42.5,212,11.0,1.2,7,0.04,1
B202603302,2026-10-04,中班,B,T5,2,157.3,186.3,245.5,219.5,97.6,40.8,175,7.0,4.7,22,1.46,1
B202603303,2026-10-04,早班,A,T4,5,155.0,182.8,246.9,218.5,93.4,44.5,183,4.0,0.5,11,0.86,1
B202603304,2026-10-04,早班,B,T5,2,156.7,184.1,252.6,220.1,92.0,48.2,113,12.0,5.2,0,0.69,1
B202603305,2026-10-04,早班,D,T4,1,154.5,185.2,248.6,,94.1,48.9,239,12.0,9.1,8,1.13,1
B202603306,2026-10-04,夜班,C,T5,2,151.3,175.8,247.0,214.8,97.2,37.1,107,,7.3,6,1.52,1
B202603307,2026-10-04,夜班,B,T4,3,156.6,184.4,249.6,220.6,96.8,43.2,166,14.0,4.2,0,1.07,1
B202603308,2026-10-04,中班,B,T4,1,158.5,192.8,250.0,220.1,96.6,37.7,132,10.0,3.2,11,0.99,1
B202603309,2026-10-04,早班,A,T3,1,156.4,182.9,250.7,223.4,93.8,43.2,139,6.0,2.5,16,1.15,1
B202603310,2026-10-04,中班,A,T4,4,152.8,180.5,244.2,218.7,75.0,55.1,211,8.0,1.8,43,3.0,0
B202603311,2026-10-04,夜班,B,T4,4,161.0,185.7,246.1,219.9,96.0,45.9,227,,4.0,2,0.2,1
B202603312,2026-10-04,中班,B,T4,1,152.2,181.0,251.0,228.2,93.1,36.4,208,5.0,5.2,7,0.41,1
B202603313,2026-10-05,夜班,B,T4,5,157.0,186.5,244.1,216.9,93.9,45.7,186,4.0,4.1,14,4.82,0
B202603314,2026-10-05,中班,D,T3,3,145.3,187.5,247.3,221.3,99.0,50.1,114,8.0,9.4,4,1.06,1
B202603315,2026-10-05,中班,C,T4,1,156.0,185.5,247.1,221.5,98.5,39.1,213,7.0,8.4,9,0.82,1
B202603316,2026-10-05,中班,D,T4,1,155.8,186.1,243.2,220.2,92.9,56.4,244,3.0,11.7,25,2.71,0
B202603317,2026-10-05,夜班,C,T4,5,158.8,178.5,239.2,214.8,90.9,45.4,207,4.0,7.8,29,1.06,0
B202603318,2026-10-05,中班,C,T4,3,150.2,184.3,249.9,217.7,93.0,46.9,138,12.0,8.7,21,1.93,1
B202603319,2026-10-05,夜班,D,T3,5,160.7,178.0,239.0,214.0,90.6,61.0,239,4.0,9.3,9,2.72,0
B202603320,2026-10-05,早班,B,T4,1,158.2,186.8,246.5,223.1,94.9,39.2,141,12.0,3.2,24,0.02,1
B202603321,2026-10-05,中班,B,T5,1,147.0,181.1,238.3,208.8,89.3,47.4,134,11.0,4.3,40,1.51,0
B202603322,2026-10-05,早班,B,T3,1,160.8,188.1,240.9,220.0,97.5,54.6,116,5.0,5.0,17,3.92,0
B202603323,2026-10-05,早班,B,T3,2,150.2,184.6,248.6,217.8,94.2,53.8,246,11.0,4.7,5,1.63,1
B202603324,2026-10-05,中班,B,T5,3,157.0,188.8,252.5,217.1,90.8,45.0,230,14.0,3.8,2,1.05,1
B202603325,2026-10-06,夜班,A,T4,5,154.4,183.6,247.6,219.6,97.4,38.4,155,,2.7,19,1.31,1
B202603326,2026-10-06,早班,A,T3,1,160.5,178.5,244.6,219.4,92.8,43.3,138,3.0,0.7,0,1.58,1
B202603327,2026-10-06,中班,A,T4,3,156.2,183.1,247.7,217.8,92.8,39.2,114,3.0,1.8,11,1.12,1
B202603328,2026-10-06,早班,B,T3,1,154.0,191.2,247.5,219.8,96.2,45.3,133,13.0,4.3,14,0.7,1
B202603329,2026-10-06,早班,C,T4,1,160.2,186.1,241.7,222.2,93.8,46.2,188,5.0,6.4,18,0.94,1
B202603330,2026-10-06,中班,C,T5,3,158.6,181.9,245.6,222.1,94.1,51.9,148,5.0,7.2,23,1.3,1
B202603331,2026-10-06,早班,C,T4,1,152.9,182.2,239.5,230.8,88.3,50.4,233,10.0,8.4,48,5.5,0
B202603332,2026-10-06,中班,B,T5,1,163.5,183.5,249.7,217.8,99.0,40.1,207,15.0,5.3,6,1.03,1
B202603333,2026-10-06,夜班,D,T5,1,157.2,182.3,247.6,219.3,96.9,40.8,181,3.0,10.5,14,1.85,1
B202603334,2026-10-06,早班,B,T4,2,164.3,176.7,246.8,219.6,95.2,35.1,103,4.0,6.0,3,0.77,1
B202603335,2026-10-06,中班,C,T5,1,155.1,173.6,244.5,215.7,95.4,45.0,245,7.0,6.9,19,1.03,1
B202603336,2026-10-06,夜班,A,T3,3,149.6,186.9,237.2,221.9,90.6,48.2,142,1.0,1.9,34,1.46,0
B202603337,2026-10-07,夜班,A,T4,2,149.9,183.3,246.6,219.7,96.0,51.3,105,3.0,2.2,9,1.08,1
B202603338,2026-10-07,中班,A,T4,4,152.5,176.2,245.5,222.4,95.9,44.3,164,,1.4,22,1.68,1
B202603339,2026-10-07,中班,B,T5,3,152.8,188.8,246.1,218.1,98.1,47.1,210,8.0,5.8,17,1.41,1
B202603340,2026-10-07,早班,D,T3,5,159.2,186.5,242.1,216.4,104.0,51.6,219,4.0,11.3,28,3.04,0
B202603341,2026-10-07,中班,A,T5,4,155.3,190.4,248.3,224.3,96.1,39.4,159,13.0,0.8,20,1.35,1
B202603342,2026-10-07,中班,C,T3,4,156.3,179.0,251.9,221.6,88.9,52.8,207,4.0,6.7,21,1.08,1
B202603343,2026-10-07,早班,B,T4,3,156.3,185.4,251.4,219.9,97.6,47.1,88,6.0,4.6,7,0.46,1
B202603344,2026-10-07,早班,A,T5,5,153.5,190.3,241.7,216.6,96.0,40.4,197,13.0,2.0,8,1.64,1
B202603345,2026-10-07,早班,A,T4,1,154.4,179.6,249.7,214.2,90.5,50.8,83,3.0,0.6,37,2.14,0
B202603346,2026-10-07,中班,C,T4,2,149.1,184.8,247.5,226.6,91.7,41.0,176,4.0,7.0,21,1.05,1
B202603347,2026-10-07,中班,C,T4,2,149.1,188.7,248.0,219.5,95.3,40.8,90,11.0,8.0,9,2.33,1
B202603348,2026-10-07,中班,A,T4,1,157.9,184.1,250.4,220.6,90.4,42.0,189,7.0,2.1,15,0.55,1
B202603349,2026-10-08,早班,D,T4,3,149.2,183.0,240.6,214.4,94.2,49.3,124,6.0,11.1,5,2.33,0
B202603350,2026-10-08,夜班,A,T4,5,153.5,187.7,250.6,220.8,94.6,54.1,94,12.0,0.7,4,2.17,1
B202603351,2026-10-08,夜班,A,T5,3,149.2,183.1,242.4,213.0,88.5,42.6,93,3.0,2.3,28,0.91,0
B202603352,2026-10-08,中班,C,T4,2,151.0,180.9,248.3,217.9,96.4,46.5,110,6.0,8.8,0,1.4,1
B202603353,2026-10-08,中班,C,T3,3,154.6,186.0,248.9,223.3,98.7,47.0,163,13.0,8.6,17,0.53,1
B202603354,2026-10-08,中班,B,T4,1,147.7,185.7,238.9,214.8,93.2,44.4,170,3.0,4.5,13,2.7,0
B202603355,2026-10-08,早班,C,T4,5,157.3,176.0,243.9,215.9,82.2,52.8,231,6.0,7.4,5,3.88,0
B202603356,2026-10-08,中班,A,T3,4,148.1,183.8,250.2,214.3,97.4,,174,3.0,1.9,5,0.9,1
B202603357,2026-10-08,早班,B,T3,4,158.9,,241.8,219.0,92.7,43.7,233,5.0,4.6,14,3.15,0
B202603358,2026-10-08,中班,D,T4,1,152.4,192.1,249.6,222.1,96.5,41.2,213,12.0,9.1,12,0.69,1
B202603359,2026-10-08,早班,D,T5,4,160.1,190.3,243.2,220.3,97.0,43.7,244,15.0,10.7,2,0.49,1
B202603360,2026-10-08,夜班,A,T3,3,155.7,187.0,246.1,220.8,98.7,48.7,151,4.0,1.8,12,1.91,1
B202603361,2026-10-09,早班,C,T5,5,153.2,175.1,249.1,221.6,92.6,43.7,156,6.0,6.7,10,0.59,1
B202603362,2026-10-09,中班,C,T4,1,152.7,180.1,251.8,220.4,93.7,37.2,136,8.0,8.3,23,0.93,1
B202603363,2026-10-09,夜班,D,T4,1,150.1,182.5,235.7,219.6,89.9,55.8,141,5.0,10.2,23,2.54,0
B202603364,2026-10-09,夜班,C,T4,1,144.7,194.1,249.4,218.1,85.7,51.3,118,9.0,6.6,29,1.13,0
B202603365,2026-10-09,夜班,A,T4,4,152.5,187.7,246.9,219.0,93.4,46.2,209,8.0,1.4,0,0.93,1
B202603366,2026-10-09,早班,C,T4,4,151.8,174.5,250.8,224.9,92.5,53.3,86,15.0,6.4,8,0.74,1
B202603367,2026-10-09,早班,D,T4,2,156.5,188.0,244.3,222.0,95.4,47.4,214,10.0,11.1,22,0.26,1
B202603368,2026-10-09,中班,B,T4,1,146.1,178.8,239.4,217.5,92.2,55.2,179,8.0,5.9,12,2.8,0
B202603369,2026-10-09,早班,D,T5,4,155.8,183.9,237.0,211.7,89.2,57.3,188,,11.8,23,3.66,0
B202603370,2026-10-09,早班,D,T5,4,153.2,184.7,240.4,,89.0,42.0,198,1.0,9.4,48,2.1,0
B202603371,2026-10-09,夜班,B,T4,1,149.7,181.0,,220.7,91.6,47.4,116,8.0,5.7,4,1.73,1
B202603372,2026-10-09,早班,C,T5,2,158.3,186.8,252.8,220.1,93.5,47.1,131,15.0,8.6,4,1.2,1
B202603373,2026-10-10,中班,A,T4,3,159.4,177.6,245.1,222.1,92.1,33.6,207,15.0,1.5,6,1.75,1
B202603374,2026-10-10,夜班,C,T5,1,162.5,185.1,253.0,220.1,98.8,47.9,95,6.0,8.3,19,0.09,1
B202603375,2026-10-10,中班,C,T4,1,149.6,190.0,240.6,219.1,93.5,63.2,241,3.0,8.5,10,3.27,0
B202603376,2026-10-10,早班,A,T4,3,147.6,175.5,244.6,219.2,96.0,45.9,81,3.0,1.8,7,1.21,1
B202603377,2026-10-10,早班,A,T4,2,149.2,187.2,247.1,216.9,91.4,42.5,179,15.0,2.4,6,1.19,1
B202603378,2026-10-10,早班,A,T4,4,149.6,182.3,248.9,221.3,96.8,47.2,208,4.0,2.6,11,0.2,1
B202603379,2026-10-10,早班,B,T4,4,162.9,183.9,244.9,223.2,85.8,37.9,112,14.0,4.4,1,0.13,1
B202603380,2026-10-10,早班,C,T4,1,159.3,182.1,248.9,223.8,92.7,38.8,92,12.0,8.9,4,0.57,1
B202603381,2026-10-10,中班,A,T3,2,159.0,186.3,255.1,220.3,91.6,45.4,160,13.0,1.9,15,0.86,1
B202603382,2026-10-10,中班,B,T4,2,153.0,187.0,247.3,221.3,95.8,43.6,175,12.0,4.5,6,1.17,1
B202603383,2026-10-10,夜班,C,T4,1,154.4,,247.3,222.5,95.9,41.3,116,6.0,7.6,17,0.88,1
B202603384,2026-10-10,夜班,B,T5,4,153.6,175.1,245.6,222.0,94.7,37.0,159,,4.5,3,0.2,1
B202603385,2026-10-11,早班,C,T3,1,147.9,182.8,247.9,216.1,100.4,46.3,103,,8.0,24,1.9,1
B202603386,2026-10-11,夜班,A,T5,2,150.5,184.3,240.6,214.4,93.3,56.9,197,,1.5,28,4.86,0
B202603387,2026-10-11,早班,A,T3,5,151.4,183.2,239.7,223.8,89.6,60.5,236,7.0,1.0,19,2.49,0
B202603388,2026-10-11,中班,C,T4,1,151.9,196.2,245.7,219.7,94.0,40.3,106,8.0,8.6,5,1.57,1
B202603389,2026-10-11,中班,D,T4,3,151.8,185.9,244.4,218.2,90.0,38.6,89,4.0,9.2,32,2.13,0
B202603390,2026-10-11,早班,A,T4,2,158.2,185.5,247.7,218.5,92.4,42.5,153,12.0,0.7,18,1.67,1
B202603391,2026-10-11,中班,D,T4,1,159.1,185.2,245.0,217.1,95.8,48.7,118,14.0,10.4,12,1.57,1
B202603392,2026-10-11,早班,D,T3,4,153.0,190.0,249.1,218.2,97.5,49.2,126,9.0,10.9,12,1.3,1
B202603393,2026-10-11,中班,A,T3,4,150.6,188.9,247.7,219.6,94.3,47.0,159,7.0,1.5,10,1.5,1
B202603394,2026-10-11,早班,B,T5,2,158.0,176.5,250.8,220.3,96.4,47.3,160,15.0,3.1,17,0.14,1
B202603395,2026-10-11,中班,A,T3,5,155.8,189.9,242.8,217.6,96.1,56.6,164,2.0,0.6,7,3.31,0
B202603396,2026-10-11,中班,B,T3,1,151.7,184.8,238.0,213.9,89.0,58.2,133,6.0,5.2,34,1.66,0
B202603397,2026-10-12,中班,B,T4,1,150.2,181.4,243.1,212.5,96.1,51.6,191,9.0,5.7,19,0.22,0
B202603398,2026-10-12,中班,D,T3,3,155.9,190.7,242.7,,85.7,47.9,174,4.0,11.2,36,1.38,0
B202603399,2026-10-12,夜班,B,T4,3,151.1,187.9,245.4,219.7,102.0,51.7,206,12.0,3.3,1,0.27,1
B202603400,2026-10-12,夜班,B,T5,1,159.3,174.6,242.7,216.2,91.7,51.5,197,8.0,4.1,19,3.31,0
B202603401,2026-10-12,夜班,B,T4,4,150.0,188.0,239.0,213.5,93.6,55.2,99,10.0,4.2,26,2.58,0
B202603402,2026-10-12,中班,C,T3,3,155.2,186.1,247.9,218.3,97.9,35.3,189,13.0,6.9,22,0.52,1
B202603403,2026-10-12,早班,B,T4,3,146.4,179.4,245.4,222.9,92.8,39.5,168,8.0,3.4,15,1.38,1
B202603404,2026-10-12,中班,A,T5,4,158.0,194.7,245.1,217.2,94.3,52.9,125,4.0,2.2,0,1.3,1
B202603405,2026-10-12,夜班,D,T4,1,163.0,188.6,245.6,219.7,87.9,48.7,100,15.0,9.2,19,1.21,1
B202603406,2026-10-12,夜班,D,T3,2,151.6,187.2,241.0,219.0,84.5,57.0,92,7.0,11.4,7,1.84,0
B202603407,2026-10-12,夜班,B,T4,3,156.8,177.5,239.4,217.0,97.5,46.0,196,3.0,5.4,46,3.09,0
B202603408,2026-10-12,中班,A,T4,5,161.5,173.7,243.7,215.7,102.6,40.2,123,14.0,2.5,23,0.2,1
B202603409,2026-10-13,中班,A,T3,2,150.0,183.0,243.3,217.6,98.8,45.4,125,3.0,2.1,17,1.38,1
B202603410,2026-10-13,夜班,B,T4,1,154.6,190.0,251.6,223.2,92.0,41.4,219,14.0,3.3,3,1.63,1
B202603411,2026-10-13,早班,C,T4,2,159.8,181.3,246.1,218.3,95.9,51.6,182,4.0,6.0,20,1.66,1
B202603412,2026-10-13,夜班,C,T4,1,159.6,173.8,247.1,222.2,98.5,40.3,180,,8.8,4,1.34,1
B202603413,2026-10-13,夜班,C,T3,1,159.2,184.2,249.7,221.6,101.7,47.3,168,5.0,7.3,10,1.78,1
B202603414,2026-10-13,早班,B,T4,3,155.4,174.2,242.0,213.7,91.3,68.3,208,4.0,3.1,48,2.76,0
B202603415,2026-10-13,早班,D,T5,1,149.6,181.5,233.4,220.7,87.6,51.0,222,5.0,11.7,43,1.42,0
B202603416,2026-10-13,早班,B,T5,4,154.4,186.5,246.9,218.8,92.7,,91,11.0,5.0,19,0.89,1
B202603417,2026-10-13,早班,A,T4,2,151.0,182.8,250.4,221.1,96.9,45.2,168,11.0,1.2,5,0.1,1
B202603418,2026-10-13,中班,A,T5,3,153.1,179.5,250.8,219.5,94.1,47.0,218,12.0,2.2,4,1.97,1
B202603419,2026-10-13,夜班,B,T4,4,145.5,185.1,,221.2,96.1,43.6,112,3.0,3.0,21,0.27,1
B202603420,2026-10-13,早班,D,T4,4,158.0,182.0,240.5,222.7,88.8,39.2,121,5.0,10.4,40,1.03,0
B202603421,2026-10-14,早班,A,T4,2,154.3,181.2,247.0,214.0,99.0,45.7,232,3.0,1.6,20,1.54,1
B202603422,2026-10-14,早班,A,T4,3,141.0,190.4,239.7,214.9,102.9,44.7,245,10.0,2.6,20,2.9,0
B202603423,2026-10-14,夜班,D,T5,2,155.3,173.6,244.6,221.4,88.4,64.1,168,11.0,9.8,36,4.3,0
B202603424,2026-10-14,夜班,A,T3,2,155.5,174.7,240.8,217.4,89.0,50.3,164,4.0,1.2,33,4.12,0
B202603425,2026-10-14,中班,A,T4,1,153.6,176.0,243.4,226.2,94.3,58.2,141,10.0,1.8,20,4.06,0
B202603426,2026-10-14,夜班,C,T3,4,156.2,190.2,242.6,221.8,102.9,61.4,108,10.0,6.8,43,3.03,0
B202603427,2026-10-14,中班,D,T5,1,146.2,180.1,250.1,224.9,92.3,50.0,184,6.0,11.1,16,0.53,1
B202603428,2026-10-14,夜班,C,T4,1,158.9,178.4,242.0,216.4,94.1,60.3,162,4.0,7.2,45,2.86,0
B202603429,2026-10-14,夜班,D,T5,3,149.7,189.3,244.0,220.1,90.0,48.2,84,12.0,10.1,4,0.19,1
B202603430,2026-10-14,夜班,D,T5,1,158.2,183.7,250.0,222.3,98.5,49.5,153,9.0,10.1,12,1.75,1
B202603431,2026-10-14,中班,C,T3,2,155.7,188.0,249.8,217.2,94.0,40.4,164,12.0,7.7,1,0.75,1
B202603432,2026-10-14,中班,B,T3,3,160.3,184.8,247.1,219.6,93.2,58.2,191,6.0,5.8,4,1.33,1
B202603433,2026-10-15,早班,B,T5,3,153.8,178.5,249.5,220.6,88.9,46.4,104,7.0,5.5,7,0.17,1
B202603434,2026-10-15,夜班,A,T3,3,158.4,181.3,248.1,222.3,99.1,48.5,149,5.0,1.1,15,1.19,1
B202603435,2026-10-15,早班,D,T4,2,154.4,181.0,244.6,219.9,88.5,44.6,184,9.0,9.0,45,2.78,0
B202603436,2026-10-15,中班,A,T4,4,158.3,181.5,244.2,222.8,89.2,48.0,84,12.0,2.0,24,1.15,1
B202603437,2026-10-15,夜班,B,T5,2,160.1,182.0,249.9,218.2,95.8,53.9,142,6.0,3.4,22,1.41,1
B202603438,2026-10-15,夜班,B,T3,5,159.9,188.6,251.4,222.1,94.8,37.2,94,4.0,5.3,2,0.13,1
B202603439,2026-10-15,早班,C,T5,4,154.0,174.0,242.5,213.9,86.6,59.6,149,2.0,6.6,12,0.58,0
B202603440,2026-10-15,早班,A,T5,3,154.4,189.4,244.8,215.0,94.3,56.9,233,10.0,2.8,28,1.09,0
B202603441,2026-10-15,中班,C,T4,1,148.3,177.0,248.1,221.5,94.1,52.2,214,3.0,6.7,0,1.3,1
B202603442,2026-10-15,早班,D,T4,5,159.8,192.9,248.5,223.0,96.1,42.1,247,8.0,11.1,18,0.95,1
B202603443,2026-10-15,中班,C,T4,2,158.4,190.8,247.6,218.3,100.6,37.2,172,13.0,8.2,2,0.59,1
B202603444,2026-10-15,夜班,C,T4,3,157.7,179.8,239.9,223.6,85.9,40.4,151,7.0,6.6,37,3.48,0
B202603445,2026-10-16,夜班,C,T4,3,157.2,193.8,246.2,221.7,96.8,52.2,232,8.0,8.0,17,1.27,1
B202603446,2026-10-16,夜班,D,T3,2,152.8,185.4,249.2,219.4,94.8,35.0,106,5.0,10.2,18,0.88,1
B202603447,2026-10-16,中班,B,T3,5,153.4,188.6,249.1,219.7,96.1,43.9,182,3.0,3.4,6,1.04,1
B202603448,2026-10-16,早班,C,T4,1,156.6,186.7,239.8,213.0,100.4,41.5,158,8.0,6.3,48,2.33,0
B202603449,2026-10-16,夜班,B,T5,5,155.9,178.0,248.4,226.3,97.6,49.7,172,6.0,5.3,8,0.99,1
B202603450,2026-10-16,中班,C,T5,5,158.3,193.8,243.2,219.4,84.0,52.8,136,5.0,7.4,38,1.44,0
B202603451,2026-10-16,早班,D,T4,3,154.5,182.9,233.3,218.6,96.2,48.9,163,1.0,10.8,39,3.81,0
B202603452,2026-10-16,中班,D,T3,3,149.6,183.2,243.9,214.7,94.4,43.6,175,5.0,11.7,29,4.19,0
B202603453,2026-10-16,早班,D,T4,1,160.3,186.5,,219.1,88.4,42.0,107,9.0,11.8,9,0.7,1
B202603454,2026-10-16,中班,C,T4,1,156.7,179.8,244.2,218.6,88.5,48.0,168,9.0,7.6,15,0.3,0
B202603455,2026-10-16,早班,C,T4,2,152.9,182.2,243.7,214.3,100.2,49.4,152,7.0,8.8,18,3.19,0
B202603456,2026-10-16,中班,B,T5,3,150.7,186.7,240.3,214.7,100.9,62.7,208,3.0,4.8,38,2.09,0
B202603457,2026-10-17,夜班,D,T5,3,156.0,176.9,246.4,221.6,97.5,42.7,90,10.0,11.5,6,0.24,1
B202603458,2026-10-17,早班,B,T4,4,157.2,185.8,246.4,218.2,89.7,48.8,161,,3.9,23,0.56,1
B202603459,2026-10-17,中班,C,T5,4,159.3,193.8,247.4,219.3,100.9,46.8,236,3.0,8.2,20,1.05,1
B202603460,2026-10-17,中班,B,T3,3,160.9,178.3,244.9,219.4,96.2,53.1,122,,4.3,9,1.73,1
B202603461,2026-10-17,夜班,B,T3,1,158.7,192.5,248.7,217.5,94.7,46.6,87,12.0,3.1,5,1.64,1
B202603462,2026-10-17,早班,D,T5,1,151.1,193.6,246.4,222.3,86.7,50.5,112,,10.3,9,0.54,1
B202603463,2026-10-17,中班,D,T5,1,155.2,193.9,249.2,225.6,94.1,51.0,200,6.0,10.2,16,0.73,1
B202603464,2026-10-17,夜班,B,T5,5,147.3,180.3,245.0,225.8,87.4,42.1,190,2.0,4.9,40,3.42,0
B202603465,2026-10-17,中班,D,T4,2,155.5,198.2,249.6,223.3,97.0,45.8,179,4.0,10.9,24,0.28,1
B202603466,2026-10-17,夜班,C,T3,1,156.8,,249.6,220.1,94.0,46.7,137,5.0,7.4,23,1.68,1
B202603467,2026-10-17,中班,A,,2,152.3,180.3,249.7,217.2,96.1,43.4,207,9.0,1.6,14,0.08,1
B202603468,2026-10-17,夜班,D,T4,2,155.7,180.3,240.6,216.6,94.1,45.1,198,9.0,10.8,11,2.95,0
B202603469,2026-10-18,早班,B,T3,1,155.5,188.6,249.0,218.7,93.5,43.4,93,14.0,4.3,20,0.51,1
B202603470,2026-10-18,早班,D,T4,2,157.9,185.8,243.4,215.9,98.5,52.8,224,14.0,9.1,22,1.21,1
B202603471,2026-10-18,早班,A,T4,2,151.5,188.8,243.9,216.5,85.5,54.6,130,7.0,1.0,15,3.52,0
B202603472,2026-10-18,中班,C,T3,1,145.5,181.4,239.8,212.6,88.5,46.3,187,5.0,6.1,16,2.88,0
B202603473,2026-10-18,中班,A,T4,3,152.5,181.7,244.8,223.6,98.6,45.5,101,8.0,2.1,13,1.84,1
B202603474,2026-10-18,早班,A,T4,1,147.5,186.6,,222.9,89.0,41.5,244,4.0,0.8,8,0.86,1
B202603475,2026-10-18,早班,B,T5,5,154.1,188.6,246.4,217.7,93.9,67.6,208,8.0,3.5,6,3.08,0
B202603476,2026-10-18,夜班,C,T5,3,156.4,181.5,247.2,219.9,89.2,47.3,143,6.0,7.2,17,0.91,1
B202603477,2026-10-18,夜班,D,T5,1,154.5,184.2,242.4,215.6,95.3,33.7,196,10.0,10.5,38,1.21,0
B202603478,2026-10-18,中班,A,T5,1,150.9,179.8,245.6,214.7,96.2,53.6,129,4.0,2.1,3,0.79,1
B202603479,2026-10-18,早班,A,T5,1,146.2,181.3,252.5,218.9,82.5,43.1,227,4.0,1.2,28,2.98,0
B202603480,2026-10-18,中班,A,T3,1,158.8,183.3,245.5,218.9,97.6,50.0,133,14.0,3.0,16,1.75,1
B202603481,2026-10-19,早班,A,T5,3,152.7,184.1,251.1,225.8,97.7,45.0,217,8.0,0.8,23,0.33,1
B202603482,2026-10-19,夜班,D,T5,2,153.3,178.0,249.4,222.9,97.1,41.4,198,12.0,11.7,7,0.43,1
B202603483,2026-10-19,中班,D,T5,5,153.0,185.5,241.6,216.9,89.6,49.1,219,4.0,10.1,16,2.28,0
B202603484,2026-10-19,中班,D,T3,2,156.6,186.0,241.7,218.2,98.7,60.0,109,10.0,10.5,15,2.95,0
B202603485,2026-10-19,夜班,B,T4,1,149.5,183.5,248.7,219.3,95.4,44.5,147,,4.4,18,0.34,1
B202603486,2026-10-19,早班,B,T3,1,154.6,175.4,250.6,219.7,91.1,43.9,233,12.0,5.3,20,0.48,1
B202603487,2026-10-19,早班,B,T4,3,158.3,190.8,242.4,219.1,95.5,59.9,116,9.0,3.0,21,1.94,0
B202603488,2026-10-19,夜班,B,T4,3,152.2,176.4,243.7,216.5,89.1,49.3,102,1.0,4.2,13,1.01,0
B202603489,2026-10-19,中班,B,T4,1,153.9,182.7,241.2,222.6,92.6,52.6,88,11.0,5.4,30,1.8,0
B202603490,2026-10-19,夜班,B,T3,1,156.9,181.6,243.8,216.8,90.0,47.7,127,4.0,6.0,22,2.35,1
B202603491,2026-10-19,夜班,D,T4,1,156.3,181.4,239.0,219.4,94.9,43.7,96,7.0,9.4,17,1.89,0
B202603492,2026-10-19,中班,A,T4,1,148.6,182.4,236.0,218.8,99.1,51.1,218,4.0,2.0,48,3.12,0
B202603493,2026-10-20,早班,B,T5,1,157.2,184.2,243.3,221.0,95.1,55.8,193,1.0,4.3,26,1.97,0
B202603494,2026-10-20,中班,C,T4,2,161.1,179.7,247.3,218.4,95.5,46.1,157,5.0,8.0,21,1.35,1
B202603495,2026-10-20,早班,D,T5,1,156.3,176.1,249.5,219.8,96.8,55.2,109,5.0,9.3,10,1.59,1
B202603496,2026-10-20,早班,A,T4,2,149.8,189.5,243.2,,91.9,39.4,219,14.0,2.2,0,0.86,1
B202603497,2026-10-20,夜班,C,T4,5,142.3,177.9,240.4,222.0,88.8,46.9,234,3.0,7.2,6,1.24,0
B202603498,2026-10-20,中班,C,T4,1,153.7,186.3,250.3,215.7,89.3,43.2,249,7.0,6.8,8,0.68,1
B202603499,2026-10-20,早班,A,T4,3,157.4,187.9,250.8,222.3,91.8,47.3,146,11.0,0.9,16,0.18,1
B202603500,2026-10-20,中班,D,T4,2,155.6,183.1,247.5,220.6,93.4,50.2,175,11.0,9.4,24,1.28,1
B202603501,2026-10-20,中班,B,T3,1,158.8,182.9,246.8,218.0,98.7,49.4,114,10.0,5.5,15,1.69,1
B202603502,2026-10-20,夜班,D,T5,1,151.8,185.0,238.3,218.2,100.5,34.8,187,4.0,9.6,24,0.57,0
B202603503,2026-10-20,夜班,D,T4,2,151.3,182.4,241.8,215.1,99.5,47.4,172,11.0,9.9,27,3.01,0
B202603504,2026-10-20,中班,D,T4,5,157.6,184.0,243.5,218.0,87.1,57.2,217,5.0,11.0,11,2.12,0
B202603505,2026-10-21,夜班,C,T4,3,157.0,180.7,242.7,218.9,89.6,32.4,154,7.0,7.7,24,4.37,0
B202603506,2026-10-21,早班,A,T4,3,158.8,184.9,247.8,220.9,96.5,43.1,139,4.0,1.1,0,0.15,1
B202603507,2026-10-21,夜班,B,T4,1,153.5,190.2,243.8,218.0,89.0,51.0,175,,5.2,15,2.67,0
B202603508,2026-10-21,夜班,D,T5,3,156.5,188.2,247.0,221.9,97.0,48.4,107,4.0,10.9,14,0.0,1
B202603509,2026-10-21,夜班,C,T4,1,150.4,192.1,244.7,218.6,95.7,38.7,128,15.0,8.6,8,1.48,1
B202603510,2026-10-21,中班,C,T5,3,155.5,181.4,251.4,220.6,93.8,53.2,140,7.0,7.5,5,0.2,1
B202603511,2026-10-21,中班,B,T4,3,150.0,185.9,250.2,219.1,94.0,40.9,246,7.0,5.9,8,1.58,1
B202603512,2026-10-21,中班,D,T4,3,153.2,183.6,246.8,216.6,96.7,47.9,200,8.0,9.9,10,0.66,1
B202603513,2026-10-21,夜班,C,T3,3,156.8,183.4,240.8,214.5,99.9,50.3,128,3.0,7.5,29,3.32,0
B202603514,2026-10-21,中班,D,T3,2,153.0,193.8,245.2,220.6,94.6,44.5,119,6.0,10.4,23,0.95,1
B202603515,2026-10-21,夜班,C,T4,2,146.4,185.1,238.3,221.7,90.1,50.4,132,4.0,6.4,15,3.17,0
B202603516,2026-10-21,早班,C,T5,1,159.1,183.0,,218.5,93.7,41.4,229,13.0,8.8,13,0.48,1
B202603517,2026-10-22,早班,A,T5,2,154.8,177.1,240.5,217.7,93.5,29.4,201,6.0,0.7,32,2.52,0
B202603518,2026-10-22,夜班,D,T4,2,155.3,184.9,244.4,226.0,94.9,54.6,111,7.0,9.3,23,4.44,0
B202603519,2026-10-22,中班,D,T4,4,156.7,188.3,246.7,217.4,96.5,31.9,224,10.0,10.6,15,1.24,1
B202603520,2026-10-22,早班,D,T4,2,154.6,180.5,243.6,225.0,91.2,48.5,89,4.0,10.5,17,0.68,1
B202603521,2026-10-22,夜班,A,T3,3,153.2,177.9,246.5,220.9,95.3,42.4,189,12.0,2.9,10,1.62,1
B202603522,2026-10-22,早班,C,T4,2,152.9,186.7,249.2,216.9,92.5,43.2,215,15.0,8.0,2,1.17,1
B202603523,2026-10-22,早班,C,T4,3,148.1,181.4,241.7,221.4,87.4,57.3,92,7.0,8.7,41,3.99,0
B202603524,2026-10-22,中班,D,T4,2,153.9,178.7,246.9,222.9,93.2,57.5,191,12.0,11.7,21,1.98,1
B202603525,2026-10-22,夜班,A,T3,5,158.6,184.3,250.2,218.8,93.7,47.5,123,7.0,0.8,3,0.68,1
B202603526,2026-10-22,中班,A,T5,3,156.9,181.5,240.3,216.4,89.6,50.8,120,10.0,2.9,23,2.27,0
B202603527,2026-10-22,夜班,A,T3,1,155.5,185.0,251.7,218.8,94.2,38.1,87,10.0,0.5,21,0.08,1
B202603528,2026-10-22,早班,D,T4,1,153.7,182.7,246.0,,81.1,43.5,86,11.0,11.6,31,2.55,0
B202603529,2026-10-23,中班,C,T5,1,167.1,192.0,244.6,217.6,96.8,59.4,146,5.0,6.9,41,2.27,0
B202603530,2026-10-23,中班,A,T4,4,150.4,193.6,245.4,219.0,91.8,43.2,115,13.0,1.5,24,1.16,1
B202603531,2026-10-23,夜班,C,T3,4,149.2,184.4,238.3,222.1,93.0,58.2,213,1.0,6.8,17,3.94,0
B202603532,2026-10-23,中班,B,T3,1,144.3,179.5,246.6,219.8,98.2,45.8,163,,4.5,7,0.74,1
B202603533,2026-10-23,中班,A,T4,3,153.1,183.9,239.9,212.2,96.8,42.4,126,3.0,0.9,30,1.69,0
B202603534,2026-10-23,早班,C,T4,1,148.4,175.4,236.5,215.5,90.1,42.9,140,10.0,6.5,20,2.61,0
B202603535,2026-10-23,中班,A,T3,3,163.1,,244.9,216.9,98.8,34.0,175,11.0,0.7,4,0.35,1
B202603536,2026-10-23,夜班,A,T4,1,149.3,179.4,247.6,224.2,91.9,49.9,167,,2.3,18,0.83,1
B202603537,2026-10-23,夜班,A,T4,5,161.1,177.8,250.4,221.3,93.9,38.5,94,14.0,2.6,13,0.0,1
B202603538,2026-10-23,中班,C,T4,3,155.3,188.2,250.8,223.2,96.0,42.7,179,15.0,6.9,6,1.16,1
B202603539,2026-10-23,夜班,A,T5,1,155.5,184.7,246.3,220.1,97.1,48.3,124,8.0,1.7,9,1.07,1
B202603540,2026-10-23,早班,D,T5,1,150.2,196.4,246.9,220.5,95.5,35.5,226,8.0,9.1,23,1.19,1
B202603541,2026-10-24,早班,A,T4,2,151.7,197.5,252.5,220.4,93.5,42.5,126,9.0,2.8,18,1.07,1
B202603542,2026-10-24,中班,B,T4,2,156.9,171.9,245.8,218.0,88.7,45.7,247,2.0,5.0,8,1.23,0
B202603543,2026-10-24,夜班,A,T3,1,149.0,186.1,238.9,215.4,84.8,54.0,89,4.0,0.8,26,2.37,0
B202603544,2026-10-24,夜班,C,T4,3,161.3,188.7,249.6,221.8,90.6,39.9,145,14.0,7.2,20,1.77,1
B202603545,2026-10-24,早班,A,T3,1,154.3,186.9,247.9,217.0,103.2,43.7,188,7.0,1.5,36,3.55,0
B202603546,2026-10-24,夜班,B,T3,4,155.1,183.9,246.1,220.7,93.0,53.2,191,14.0,4.1,18,0.36,1
B202603547,2026-10-24,中班,A,T5,5,158.0,187.1,249.9,218.5,92.5,41.8,89,4.0,1.7,11,2.1,1
